{
  "accuracy": 0.88,
  "precision": 1.0,
  "recall": 0.16279069767441862,
  "f1_score": 0.28,
  "pr_auc": 0.45367968748256,
  "confusion_matrix": [
    [
      257,
      0
    ],
    [
      36,
      7
    ]
  ]
}