{
  "accuracy": 0.9433333333333334,
  "precision": 1.0,
  "recall": 0.05555555555555555,
  "f1_score": 0.10526315789473684,
  "pr_auc": 0.18301871093465463,
  "confusion_matrix": [
    [
      282,
      0
    ],
    [
      17,
      1
    ]
  ]
}