{
  "accuracy": 0.9533333333333334,
  "precision": 0.9620253164556962,
  "recall": 0.5314685314685315,
  "f1_score": 0.6846846846846847,
  "pr_auc": 0.6312543163134652,
  "confusion_matrix": [
    [
      1354,
      3
    ],
    [
      67,
      76
    ]
  ]
}