{
  "accuracy": 0.86,
  "precision": 0.5,
  "recall": 0.11904761904761904,
  "f1_score": 0.19230769230769232,
  "pr_auc": 0.31319065396896495,
  "confusion_matrix": [
    [
      253,
      5
    ],
    [
      37,
      5
    ]
  ]
}