{
  "accuracy": 0.9066666666666666,
  "precision": 0.0,
  "recall": 0.0,
  "f1_score": 0.0,
  "pr_auc": 0.14546643124206923,
  "confusion_matrix": [
    [
      272,
      0
    ],
    [
      28,
      0
    ]
  ]
}