{
  "accuracy": 0.7233333333333334,
  "precision": 0.056338028169014086,
  "recall": 0.2,
  "f1_score": 0.08791208791208792,
  "pr_auc": 0.07984988303686771,
  "confusion_matrix": [
    [
      213,
      67
    ],
    [
      16,
      4
    ]
  ]
}