{
  "accuracy": 0.6966666666666667,
  "precision": 0.09090909090909091,
  "recall": 0.25,
  "f1_score": 0.13333333333333333,
  "pr_auc": 0.10352199315975627,
  "confusion_matrix": [
    [
      202,
      70
    ],
    [
      21,
      7
    ]
  ]
}