{
  "accuracy": 0.95,
  "precision": 1.0,
  "recall": 0.4827586206896552,
  "f1_score": 0.6511627906976745,
  "pr_auc": 0.5980503605152072,
  "confusion_matrix": [
    [
      271,
      0
    ],
    [
      15,
      14
    ]
  ]
}