{
  "accuracy": 0.7888888888888889,
  "precision": 0.17647058823529413,
  "recall": 0.375,
  "f1_score": 0.24,
  "pr_auc": 0.11708590856849682,
  "confusion_matrix": [
    [
      68,
      14
    ],
    [
      5,
      3
    ]
  ]
}