{
  "accuracy": 0.6666666666666666,
  "precision": 0.03896103896103896,
  "recall": 0.10344827586206896,
  "f1_score": 0.05660377358490566,
  "pr_auc": 0.08883316587939437,
  "confusion_matrix": [
    [
      197,
      74
    ],
    [
      26,
      3
    ]
  ]
}