{
  "accuracy": 0.7433333333333333,
  "precision": 0.09302325581395349,
  "recall": 0.09523809523809523,
  "f1_score": 0.09411764705882353,
  "pr_auc": 0.14688101721222435,
  "confusion_matrix": [
    [
      219,
      39
    ],
    [
      38,
      4
    ]
  ]
}