{
  "accuracy": 0.95,
  "precision": 0.8571428571428571,
  "recall": 0.3,
  "f1_score": 0.4444444444444444,
  "pr_auc": 0.40177193159931157,
  "confusion_matrix": [
    [
      279,
      1
    ],
    [
      14,
      6
    ]
  ]
}