{
  "accuracy": 0.95,
  "precision": 0.9594594594594594,
  "recall": 0.4965034965034965,
  "f1_score": 0.6543778801843319,
  "pr_auc": 0.5877029716402425,
  "confusion_matrix": [
    [
      1354,
      3
    ],
    [
      72,
      71
    ]
  ]
}