{
  "accuracy": 0.8666666666666667,
  "precision": 0.8333333333333334,
  "recall": 0.11363636363636363,
  "f1_score": 0.2,
  "pr_auc": 0.32990833951022625,
  "confusion_matrix": [
    [
      255,
      1
    ],
    [
      39,
      5
    ]
  ]
}