{
  "accuracy": 0.7233333333333334,
  "precision": 0.028985507246376812,
  "recall": 0.1111111111111111,
  "f1_score": 0.04597701149425287,
  "pr_auc": 0.05388118042438032,
  "confusion_matrix": [
    [
      215,
      67
    ],
    [
      16,
      2
    ]
  ]
}