{
  "accuracy": 0.8933333333333333,
  "precision": 0.8333333333333334,
  "recall": 0.3409090909090909,
  "f1_score": 0.4838709677419355,
  "pr_auc": 0.5054535427728628,
  "confusion_matrix": [
    [
      253,
      3
    ],
    [
      29,
      15
    ]
  ]
}