{
  "accuracy": 0.63,
  "precision": 0.18181818181818182,
  "recall": 0.4878048780487805,
  "f1_score": 0.26490066225165565,
  "pr_auc": 0.15838221622002768,
  "confusion_matrix": [
    [
      169,
      90
    ],
    [
      21,
      20
    ]
  ]
}