{
  "accuracy": 0.808,
  "precision": 0.14356435643564355,
  "recall": 0.2013888888888889,
  "f1_score": 0.1676300578034682,
  "pr_auc": 0.11591872901079639,
  "confusion_matrix": [
    [
      1183,
      173
    ],
    [
      115,
      29
    ]
  ]
}