{
  "accuracy": 0.9366666666666666,
  "precision": 0.0,
  "recall": 0.0,
  "f1_score": 0.0,
  "pr_auc": 0.10288574805876258,
  "confusion_matrix": [
    [
      281,
      2
    ],
    [
      17,
      0
    ]
  ]
}