{
  "accuracy": 0.6,
  "precision": 0.11428571428571428,
  "recall": 0.4444444444444444,
  "f1_score": 0.18181818181818182,
  "pr_auc": 0.2088504144792177,
  "confusion_matrix": [
    [
      50,
      31
    ],
    [
      5,
      4
    ]
  ]
}