{
  "accuracy": 0.8266666666666667,
  "precision": 0.04878048780487805,
  "recall": 0.13333333333333333,
  "f1_score": 0.07142857142857142,
  "pr_auc": 0.09986970369129769,
  "confusion_matrix": [
    [
      246,
      39
    ],
    [
      13,
      2
    ]
  ]
}