{
  "accuracy": 0.78,
  "precision": 0.057692307692307696,
  "recall": 0.15,
  "f1_score": 0.08333333333333333,
  "pr_auc": 0.12798872747544082,
  "confusion_matrix": [
    [
      231,
      49
    ],
    [
      17,
      3
    ]
  ]
}