{
  "accuracy": 0.93,
  "precision": 0.8846153846153846,
  "recall": 0.5609756097560976,
  "f1_score": 0.6865671641791045,
  "pr_auc": 0.6743404086615219,
  "confusion_matrix": [
    [
      256,
      3
    ],
    [
      18,
      23
    ]
  ]
}