{
  "accuracy": 0.9433333333333334,
  "precision": 1.0,
  "recall": 0.15,
  "f1_score": 0.2608695652173913,
  "pr_auc": 0.42663980021522707,
  "confusion_matrix": [
    [
      280,
      0
    ],
    [
      17,
      3
    ]
  ]
}