{
  "accuracy": 0.89,
  "precision": 0.8,
  "recall": 0.2857142857142857,
  "f1_score": 0.42105263157894735,
  "pr_auc": 0.4355720902815917,
  "confusion_matrix": [
    [
      255,
      3
    ],
    [
      30,
      12
    ]
  ]
}