{
  "accuracy": 0.9433333333333334,
  "precision": 0.6,
  "recall": 0.16666666666666666,
  "f1_score": 0.2608695652173913,
  "pr_auc": 0.264831934250234,
  "confusion_matrix": [
    [
      280,
      2
    ],
    [
      15,
      3
    ]
  ]
}