{
  "accuracy": 0.9633333333333334,
  "precision": 0.9473684210526315,
  "recall": 0.6428571428571429,
  "f1_score": 0.7659574468085106,
  "pr_auc": 0.7028405732579939,
  "confusion_matrix": [
    [
      271,
      1
    ],
    [
      10,
      18
    ]
  ]
}