{
  "accuracy": 0.9433333333333334,
  "precision": 0.9032258064516129,
  "recall": 0.6666666666666666,
  "f1_score": 0.7671232876712328,
  "pr_auc": 0.7059669996240319,
  "confusion_matrix": [
    [
      255,
      3
    ],
    [
      14,
      28
    ]
  ]
}