{
  "accuracy": 0.8933333333333333,
  "precision": 0.07142857142857142,
  "recall": 0.05,
  "f1_score": 0.058823529411764705,
  "pr_auc": 0.10190076899235068,
  "confusion_matrix": [
    [
      267,
      13
    ],
    [
      19,
      1
    ]
  ]
}