{
  "accuracy": 0.6777777777777778,
  "precision": 0.0,
  "recall": 0.0,
  "f1_score": 0.0,
  "pr_auc": 0.08070912279656123,
  "confusion_matrix": [
    [
      61,
      21
    ],
    [
      8,
      0
    ]
  ]
}