{
  "accuracy": 0.9333333333333333,
  "precision": 0.5,
  "recall": 0.05,
  "f1_score": 0.09090909090909091,
  "pr_auc": 0.18309781703496875,
  "confusion_matrix": [
    [
      279,
      1
    ],
    [
      19,
      1
    ]
  ]
}