{
  "accuracy": 0.7793333333333333,
  "precision": 0.10126582278481013,
  "recall": 0.16901408450704225,
  "f1_score": 0.1266490765171504,
  "pr_auc": 0.09878701901477245,
  "confusion_matrix": [
    [
      1145,
      213
    ],
    [
      118,
      24
    ]
  ]
}