{
  "accuracy": 0.9766666666666667,
  "precision": 1.0,
  "recall": 0.5333333333333333,
  "f1_score": 0.6956521739130435,
  "pr_auc": 0.6879931313483405,
  "confusion_matrix": [
    [
      285,
      0
    ],
    [
      7,
      8
    ]
  ]
}