{
  "accuracy": 0.68,
  "precision": 0.012048192771084338,
  "recall": 0.06666666666666667,
  "f1_score": 0.02040816326530612,
  "pr_auc": 0.03855613517150777,
  "confusion_matrix": [
    [
      203,
      82
    ],
    [
      14,
      1
    ]
  ]
}