{
  "accuracy": 0.7466666666666667,
  "precision": 0.04838709677419355,
  "recall": 0.15,
  "f1_score": 0.07317073170731707,
  "pr_auc": 0.07295440472309489,
  "confusion_matrix": [
    [
      221,
      59
    ],
    [
      17,
      3
    ]
  ]
}