{
  "accuracy": 0.91,
  "precision": 0.9444444444444444,
  "recall": 0.3953488372093023,
  "f1_score": 0.5573770491803278,
  "pr_auc": 0.7053355782042341,
  "confusion_matrix": [
    [
      256,
      1
    ],
    [
      26,
      17
    ]
  ]
}