{
  "accuracy": 0.9222222222222223,
  "precision": 0.5714285714285714,
  "recall": 0.5,
  "f1_score": 0.5333333333333333,
  "pr_auc": 0.32682748538011697,
  "confusion_matrix": [
    [
      79,
      3
    ],
    [
      4,
      4
    ]
  ]
}