{
  "accuracy": 0.7466666666666667,
  "precision": 0.07042253521126761,
  "recall": 0.3333333333333333,
  "f1_score": 0.11627906976744186,
  "pr_auc": 0.06878166976675788,
  "confusion_matrix": [
    [
      219,
      66
    ],
    [
      10,
      5
    ]
  ]
}