{
  "accuracy": 0.84,
  "precision": 0.1935483870967742,
  "recall": 0.20689655172413793,
  "f1_score": 0.2,
  "pr_auc": 0.12584114175414446,
  "confusion_matrix": [
    [
      246,
      25
    ],
    [
      23,
      6
    ]
  ]
}