{
  "accuracy": 0.9466666666666667,
  "precision": 0.9285714285714286,
  "recall": 0.4642857142857143,
  "f1_score": 0.6190476190476191,
  "pr_auc": 0.5875879127644977,
  "confusion_matrix": [
    [
      271,
      1
    ],
    [
      15,
      13
    ]
  ]
}