{
  "accuracy": 0.6266666666666667,
  "precision": 0.14432989690721648,
  "recall": 0.32558139534883723,
  "f1_score": 0.2,
  "pr_auc": 0.14171747427841505,
  "confusion_matrix": [
    [
      174,
      83
    ],
    [
      29,
      14
    ]
  ]
}