{
  "accuracy": 0.94,
  "precision": 0.8125,
  "recall": 0.4642857142857143,
  "f1_score": 0.5909090909090909,
  "pr_auc": 0.6095005840399277,
  "confusion_matrix": [
    [
      269,
      3
    ],
    [
      15,
      13
    ]
  ]
}