{
  "accuracy": 0.95,
  "precision": 0.9333333333333333,
  "recall": 0.5,
  "f1_score": 0.6511627906976745,
  "pr_auc": 0.5597124241685704,
  "confusion_matrix": [
    [
      271,
      1
    ],
    [
      14,
      14
    ]
  ]
}