{
  "accuracy": 0.9466666666666667,
  "precision": 1.0,
  "recall": 0.058823529411764705,
  "f1_score": 0.1111111111111111,
  "pr_auc": 0.3212213049219486,
  "confusion_matrix": [
    [
      283,
      0
    ],
    [
      16,
      1
    ]
  ]
}