{
  "accuracy": 0.698,
  "precision": 0.10459183673469388,
  "recall": 0.2867132867132867,
  "f1_score": 0.15327102803738318,
  "pr_auc": 0.13273271215027474,
  "confusion_matrix": [
    [
      1006,
      351
    ],
    [
      102,
      41
    ]
  ]
}