{
  "accuracy": 0.8766666666666667,
  "precision": 0.75,
  "recall": 0.20930232558139536,
  "f1_score": 0.32727272727272727,
  "pr_auc": 0.36842622923338575,
  "confusion_matrix": [
    [
      254,
      3
    ],
    [
      34,
      9
    ]
  ]
}