{
  "accuracy": 0.9333333333333333,
  "precision": 0.9090909090909091,
  "recall": 0.3448275862068966,
  "f1_score": 0.5,
  "pr_auc": 0.49201527940375617,
  "confusion_matrix": [
    [
      270,
      1
    ],
    [
      19,
      10
    ]
  ]
}