{
  "accuracy": 0.8366666666666667,
  "precision": 0.1111111111111111,
  "recall": 0.10714285714285714,
  "f1_score": 0.10909090909090909,
  "pr_auc": 0.14279186060971977,
  "confusion_matrix": [
    [
      248,
      24
    ],
    [
      25,
      3
    ]
  ]
}