{
  "accuracy": 0.946,
  "precision": 0.9420289855072463,
  "recall": 0.45774647887323944,
  "f1_score": 0.6161137440758294,
  "pr_auc": 0.5192819003332616,
  "confusion_matrix": [
    [
      1354,
      4
    ],
    [
      77,
      65
    ]
  ]
}