{
  "accuracy": 0.5666666666666667,
  "precision": 0.07,
  "recall": 0.1590909090909091,
  "f1_score": 0.09722222222222222,
  "pr_auc": 0.11037728830326447,
  "confusion_matrix": [
    [
      163,
      93
    ],
    [
      37,
      7
    ]
  ]
}