{
  "accuracy": 0.75,
  "precision": 0.15217391304347827,
  "recall": 0.16279069767441862,
  "f1_score": 0.15730337078651685,
  "pr_auc": 0.15424748377015124,
  "confusion_matrix": [
    [
      218,
      39
    ],
    [
      36,
      7
    ]
  ]
}