{
  "accuracy": 0.76,
  "precision": 0.017543859649122806,
  "recall": 0.058823529411764705,
  "f1_score": 0.02702702702702703,
  "pr_auc": 0.047199293853588606,
  "confusion_matrix": [
    [
      227,
      56
    ],
    [
      16,
      1
    ]
  ]
}