{
  "accuracy": 0.9433333333333334,
  "precision": 0.9230769230769231,
  "recall": 0.42857142857142855,
  "f1_score": 0.5853658536585366,
  "pr_auc": 0.6007469445254806,
  "confusion_matrix": [
    [
      271,
      1
    ],
    [
      16,
      12
    ]
  ]
}