{
  "accuracy": 0.6866666666666666,
  "precision": 0.06818181818181818,
  "recall": 0.3333333333333333,
  "f1_score": 0.11320754716981132,
  "pr_auc": 0.061218595758866866,
  "confusion_matrix": [
    [
      200,
      82
    ],
    [
      12,
      6
    ]
  ]
}