{
  "accuracy": 0.8066666666666666,
  "precision": 0.022222222222222223,
  "recall": 0.06666666666666667,
  "f1_score": 0.03333333333333333,
  "pr_auc": 0.08949119624322772,
  "confusion_matrix": [
    [
      241,
      44
    ],
    [
      14,
      1
    ]
  ]
}