{
  "accuracy": 0.7766666666666666,
  "precision": 0.1320754716981132,
  "recall": 0.25,
  "f1_score": 0.1728395061728395,
  "pr_auc": 0.12128321482868615,
  "confusion_matrix": [
    [
      226,
      46
    ],
    [
      21,
      7
    ]
  ]
}