{
  "accuracy": 0.9213333333333333,
  "precision": 0.9615384615384616,
  "recall": 0.176056338028169,
  "f1_score": 0.2976190476190476,
  "pr_auc": 0.3884389217663328,
  "confusion_matrix": [
    [
      1357,
      1
    ],
    [
      117,
      25
    ]
  ]
}