{
  "accuracy": 0.8133333333333334,
  "precision": 0.13157894736842105,
  "recall": 0.17857142857142858,
  "f1_score": 0.15151515151515152,
  "pr_auc": 0.13542995619725756,
  "confusion_matrix": [
    [
      239,
      33
    ],
    [
      23,
      5
    ]
  ]
}