{
  "accuracy": 0.65,
  "precision": 0.06741573033707865,
  "recall": 0.21428571428571427,
  "f1_score": 0.10256410256410256,
  "pr_auc": 0.08571463732323426,
  "confusion_matrix": [
    [
      189,
      83
    ],
    [
      22,
      6
    ]
  ]
}