{
  "accuracy": 0.87,
  "precision": 0.7777777777777778,
  "recall": 0.1590909090909091,
  "f1_score": 0.2641509433962264,
  "pr_auc": 0.38624757833293827,
  "confusion_matrix": [
    [
      254,
      2
    ],
    [
      37,
      7
    ]
  ]
}