{
  "accuracy": 0.9,
  "precision": 0.4,
  "recall": 0.25,
  "f1_score": 0.3076923076923077,
  "pr_auc": 0.24205200548484132,
  "confusion_matrix": [
    [
      79,
      3
    ],
    [
      6,
      2
    ]
  ]
}