{
  "accuracy": 0.6266666666666667,
  "precision": 0.10344827586206896,
  "recall": 0.20930232558139536,
  "f1_score": 0.13846153846153847,
  "pr_auc": 0.12502252897933747,
  "confusion_matrix": [
    [
      179,
      78
    ],
    [
      34,
      9
    ]
  ]
}