{
  "accuracy": 0.9,
  "precision": 1.0,
  "recall": 0.3023255813953488,
  "f1_score": 0.4642857142857143,
  "pr_auc": 0.538697688085396,
  "confusion_matrix": [
    [
      257,
      0
    ],
    [
      30,
      13
    ]
  ]
}