{
  "accuracy": 0.7133333333333334,
  "precision": 0.09722222222222222,
  "recall": 0.25,
  "f1_score": 0.14,
  "pr_auc": 0.10533848033182752,
  "confusion_matrix": [
    [
      207,
      65
    ],
    [
      21,
      7
    ]
  ]
}