{
  "accuracy": 0.9,
  "precision": 0.3333333333333333,
  "recall": 0.125,
  "f1_score": 0.18181818181818182,
  "pr_auc": 0.22392124005027228,
  "confusion_matrix": [
    [
      80,
      2
    ],
    [
      7,
      1
    ]
  ]
}