{
  "accuracy": 0.6633333333333333,
  "precision": 0.10869565217391304,
  "recall": 0.3448275862068966,
  "f1_score": 0.1652892561983471,
  "pr_auc": 0.11129294231088452,
  "confusion_matrix": [
    [
      189,
      82
    ],
    [
      19,
      10
    ]
  ]
}