{
  "accuracy": 0.8966666666666666,
  "precision": 0.8666666666666667,
  "recall": 0.30952380952380953,
  "f1_score": 0.45614035087719296,
  "pr_auc": 0.44678260670799697,
  "confusion_matrix": [
    [
      256,
      2
    ],
    [
      29,
      13
    ]
  ]
}