{
  "accuracy": 0.9366666666666666,
  "precision": 1.0,
  "recall": 0.3448275862068966,
  "f1_score": 0.5128205128205128,
  "pr_auc": 0.5149073108157349,
  "confusion_matrix": [
    [
      271,
      0
    ],
    [
      19,
      10
    ]
  ]
}