{
  "accuracy": 0.89,
  "precision": 0.9,
  "recall": 0.21951219512195122,
  "f1_score": 0.35294117647058826,
  "pr_auc": 0.5040953073375354,
  "confusion_matrix": [
    [
      258,
      1
    ],
    [
      32,
      9
    ]
  ]
}