{
  "accuracy": 0.8633333333333333,
  "precision": 0.0,
  "recall": 0.0,
  "f1_score": 0.0,
  "pr_auc": 0.15897738469499464,
  "confusion_matrix": [
    [
      259,
      0
    ],
    [
      41,
      0
    ]
  ]
}