{
  "accuracy": 0.58,
  "precision": 0.017857142857142856,
  "recall": 0.1111111111111111,
  "f1_score": 0.03076923076923077,
  "pr_auc": 0.04774482419858402,
  "confusion_matrix": [
    [
      172,
      110
    ],
    [
      16,
      2
    ]
  ]
}