{
  "accuracy": 0.8888888888888888,
  "precision": 0.0,
  "recall": 0.0,
  "f1_score": 0.0,
  "pr_auc": 0.3351137498571908,
  "confusion_matrix": [
    [
      80,
      1
    ],
    [
      9,
      0
    ]
  ]
}