{
  "accuracy": 0.7866666666666666,
  "precision": 0.14285714285714285,
  "recall": 0.2413793103448276,
  "f1_score": 0.1794871794871795,
  "pr_auc": 0.15166829294837875,
  "confusion_matrix": [
    [
      229,
      42
    ],
    [
      22,
      7
    ]
  ]
}