{
  "accuracy": 0.7933333333333333,
  "precision": 0.17647058823529413,
  "recall": 0.3103448275862069,
  "f1_score": 0.225,
  "pr_auc": 0.20445410456313978,
  "confusion_matrix": [
    [
      229,
      42
    ],
    [
      20,
      9
    ]
  ]
}