{
  "accuracy": 0.71,
  "precision": 0.19444444444444445,
  "recall": 0.32558139534883723,
  "f1_score": 0.24347826086956523,
  "pr_auc": 0.19883886108454812,
  "confusion_matrix": [
    [
      199,
      58
    ],
    [
      29,
      14
    ]
  ]
}