{
  "accuracy": 0.7533333333333333,
  "precision": 0.0,
  "recall": 0.0,
  "f1_score": 0.0,
  "pr_auc": 0.045423197505071254,
  "confusion_matrix": [
    [
      226,
      56
    ],
    [
      18,
      0
    ]
  ]
}