{
  "accuracy": 0.9053333333333333,
  "precision": 0.0,
  "recall": 0.0,
  "f1_score": 0.0,
  "pr_auc": 0.12365923779408797,
  "confusion_matrix": [
    [
      1358,
      0
    ],
    [
      142,
      0
    ]
  ]
}