{
  "accuracy": 0.7,
  "precision": 0.047619047619047616,
  "recall": 0.125,
  "f1_score": 0.06896551724137931,
  "pr_auc": 0.11083774676264596,
  "confusion_matrix": [
    [
      62,
      20
    ],
    [
      7,
      1
    ]
  ]
}