{
  "accuracy": 0.9493333333333334,
  "precision": 0.9594594594594594,
  "recall": 0.4930555555555556,
  "f1_score": 0.6513761467889908,
  "pr_auc": 0.592136101266214,
  "confusion_matrix": [
    [
      1353,
      3
    ],
    [
      73,
      71
    ]
  ]
}