{
  "accuracy": 0.6133333333333333,
  "precision": 0.07142857142857142,
  "recall": 0.4,
  "f1_score": 0.12121212121212122,
  "pr_auc": 0.0754823913970751,
  "confusion_matrix": [
    [
      176,
      104
    ],
    [
      12,
      8
    ]
  ]
}