{
  "accuracy": 0.9333333333333333,
  "precision": 0.75,
  "recall": 0.375,
  "f1_score": 0.5,
  "pr_auc": 0.4489762632272076,
  "confusion_matrix": [
    [
      81,
      1
    ],
    [
      5,
      3
    ]
  ]
}