{
  "accuracy": 0.9966666666666667,
  "precision": 1.0,
  "recall": 0.9333333333333333,
  "f1_score": 0.9655172413793104,
  "pr_auc": 0.9921568627450981,
  "confusion_matrix": [
    [
      285,
      0
    ],
    [
      1,
      14
    ]
  ]
}