{
  "accuracy": 0.7,
  "precision": 0.08108108108108109,
  "recall": 0.21428571428571427,
  "f1_score": 0.11764705882352941,
  "pr_auc": 0.09857444560005944,
  "confusion_matrix": [
    [
      204,
      68
    ],
    [
      22,
      6
    ]
  ]
}