{
  "accuracy": 0.7433333333333333,
  "precision": 0.11627906976744186,
  "recall": 0.11363636363636363,
  "f1_score": 0.11494252873563218,
  "pr_auc": 0.1442476887070856,
  "confusion_matrix": [
    [
      218,
      38
    ],
    [
      39,
      5
    ]
  ]
}