{
  "accuracy": 0.7,
  "precision": 0.1724137931034483,
  "recall": 0.625,
  "f1_score": 0.2702702702702703,
  "pr_auc": 0.1847478185840255,
  "confusion_matrix": [
    [
      58,
      24
    ],
    [
      3,
      5
    ]
  ]
}