{
  "accuracy": 0.8433333333333334,
  "precision": 0.11904761904761904,
  "recall": 0.3333333333333333,
  "f1_score": 0.17543859649122806,
  "pr_auc": 0.1108454276598288,
  "confusion_matrix": [
    [
      248,
      37
    ],
    [
      10,
      5
    ]
  ]
}