{
  "accuracy": 0.8633333333333333,
  "precision": 0.0,
  "recall": 0.0,
  "f1_score": 0.0,
  "pr_auc": 0.05703434096929398,
  "confusion_matrix": [
    [
      259,
      26
    ],
    [
      15,
      0
    ]
  ]
}