{
  "accuracy": 0.8933333333333333,
  "precision": 0.9230769230769231,
  "recall": 0.27906976744186046,
  "f1_score": 0.42857142857142855,
  "pr_auc": 0.3953287617599787,
  "confusion_matrix": [
    [
      256,
      1
    ],
    [
      31,
      12
    ]
  ]
}