{
  "accuracy": 0.9486666666666667,
  "precision": 0.9583333333333334,
  "recall": 0.4825174825174825,
  "f1_score": 0.641860465116279,
  "pr_auc": 0.5885459773037159,
  "confusion_matrix": [
    [
      1354,
      3
    ],
    [
      74,
      69
    ]
  ]
}