{
  "accuracy": 0.68,
  "precision": 0.11494252873563218,
  "recall": 0.3448275862068966,
  "f1_score": 0.1724137931034483,
  "pr_auc": 0.11175852316734977,
  "confusion_matrix": [
    [
      194,
      77
    ],
    [
      19,
      10
    ]
  ]
}