{
  "accuracy": 0.76,
  "precision": 0.16279069767441862,
  "recall": 0.16279069767441862,
  "f1_score": 0.16279069767441862,
  "pr_auc": 0.22301070998619726,
  "confusion_matrix": [
    [
      221,
      36
    ],
    [
      36,
      7
    ]
  ]
}