{
  "accuracy": 0.7633333333333333,
  "precision": 0.0425531914893617,
  "recall": 0.07142857142857142,
  "f1_score": 0.05333333333333334,
  "pr_auc": 0.09703736792596743,
  "confusion_matrix": [
    [
      227,
      45
    ],
    [
      26,
      2
    ]
  ]
}