{
  "accuracy": 0.9444444444444444,
  "precision": 1.0,
  "recall": 0.375,
  "f1_score": 0.5454545454545454,
  "pr_auc": 0.6400303202894666,
  "confusion_matrix": [
    [
      82,
      0
    ],
    [
      5,
      3
    ]
  ]
}