{
  "accuracy": 0.7933333333333333,
  "precision": 0.16326530612244897,
  "recall": 0.27586206896551724,
  "f1_score": 0.20512820512820512,
  "pr_auc": 0.16112914484381735,
  "confusion_matrix": [
    [
      230,
      41
    ],
    [
      21,
      8
    ]
  ]
}