{
  "accuracy": 0.9173333333333333,
  "precision": 0.8846153846153846,
  "recall": 0.1597222222222222,
  "f1_score": 0.27058823529411763,
  "pr_auc": 0.35131168058229023,
  "confusion_matrix": [
    [
      1353,
      3
    ],
    [
      121,
      23
    ]
  ]
}