{
  "accuracy": 0.81,
  "precision": 0.045454545454545456,
  "recall": 0.11764705882352941,
  "f1_score": 0.06557377049180328,
  "pr_auc": 0.051817497066138,
  "confusion_matrix": [
    [
      241,
      42
    ],
    [
      15,
      2
    ]
  ]
}