{
  "accuracy": 0.9133333333333333,
  "precision": 0.1,
  "recall": 0.05555555555555555,
  "f1_score": 0.07142857142857142,
  "pr_auc": 0.08416520326409965,
  "confusion_matrix": [
    [
      273,
      9
    ],
    [
      17,
      1
    ]
  ]
}