{
  "accuracy": 0.9633333333333334,
  "precision": 1.0,
  "recall": 0.26666666666666666,
  "f1_score": 0.42105263157894735,
  "pr_auc": 0.5979754696842555,
  "confusion_matrix": [
    [
      285,
      0
    ],
    [
      11,
      4
    ]
  ]
}