{
  "accuracy": 0.9111111111111111,
  "precision": 0.0,
  "recall": 0.0,
  "f1_score": 0.0,
  "pr_auc": 0.3250056750322532,
  "confusion_matrix": [
    [
      82,
      0
    ],
    [
      8,
      0
    ]
  ]
}