{
  "accuracy": 0.73,
  "precision": 0.014705882352941176,
  "recall": 0.06666666666666667,
  "f1_score": 0.024096385542168676,
  "pr_auc": 0.04947935888510205,
  "confusion_matrix": [
    [
      218,
      67
    ],
    [
      14,
      1
    ]
  ]
}