{
  "accuracy": 0.7233333333333334,
  "precision": 0.19047619047619047,
  "recall": 0.2727272727272727,
  "f1_score": 0.22429906542056074,
  "pr_auc": 0.17302124168122107,
  "confusion_matrix": [
    [
      205,
      51
    ],
    [
      32,
      12
    ]
  ]
}