{
  "accuracy": 0.8133333333333334,
  "precision": 0.044444444444444446,
  "recall": 0.13333333333333333,
  "f1_score": 0.06666666666666667,
  "pr_auc": 0.08548144780049396,
  "confusion_matrix": [
    [
      242,
      43
    ],
    [
      13,
      2
    ]
  ]
}