{
  "accuracy": 0.9493333333333334,
  "precision": 0.9230769230769231,
  "recall": 0.5070422535211268,
  "f1_score": 0.6545454545454545,
  "pr_auc": 0.5589550324760238,
  "confusion_matrix": [
    [
      1352,
      6
    ],
    [
      70,
      72
    ]
  ]
}