{
  "accuracy": 0.69,
  "precision": 0.06666666666666667,
  "recall": 0.4,
  "f1_score": 0.11428571428571428,
  "pr_auc": 0.07027402278150663,
  "confusion_matrix": [
    [
      201,
      84
    ],
    [
      9,
      6
    ]
  ]
}