{
  "accuracy": 0.9444444444444444,
  "precision": 0.8,
  "recall": 0.5,
  "f1_score": 0.6153846153846154,
  "pr_auc": 0.5494270833333333,
  "confusion_matrix": [
    [
      81,
      1
    ],
    [
      4,
      4
    ]
  ]
}