{
  "accuracy": 0.6366666666666667,
  "precision": 0.12359550561797752,
  "recall": 0.2619047619047619,
  "f1_score": 0.16793893129770993,
  "pr_auc": 0.13743093542177265,
  "confusion_matrix": [
    [
      180,
      78
    ],
    [
      31,
      11
    ]
  ]
}