{
  "accuracy": 0.9533333333333334,
  "precision": 0.875,
  "recall": 0.35,
  "f1_score": 0.5,
  "pr_auc": 0.35180553951474053,
  "confusion_matrix": [
    [
      279,
      1
    ],
    [
      13,
      7
    ]
  ]
}