{
  "accuracy": 0.8026666666666666,
  "precision": 0.09947643979057591,
  "recall": 0.13286713286713286,
  "f1_score": 0.11377245508982035,
  "pr_auc": 0.10130843454503279,
  "confusion_matrix": [
    [
      1185,
      172
    ],
    [
      124,
      19
    ]
  ]
}