{
  "accuracy": 0.5444444444444444,
  "precision": 0.05405405405405406,
  "recall": 0.25,
  "f1_score": 0.08888888888888889,
  "pr_auc": 0.0949355371975159,
  "confusion_matrix": [
    [
      47,
      35
    ],
    [
      6,
      2
    ]
  ]
}