{
  "accuracy": 0.9444444444444444,
  "precision": 1.0,
  "recall": 0.4444444444444444,
  "f1_score": 0.6153846153846154,
  "pr_auc": 0.6464248176748177,
  "confusion_matrix": [
    [
      81,
      0
    ],
    [
      5,
      4
    ]
  ]
}