{
  "accuracy": 0.94,
  "precision": 1.0,
  "recall": 0.5714285714285714,
  "f1_score": 0.7272727272727273,
  "pr_auc": 0.7126678780672798,
  "confusion_matrix": [
    [
      258,
      0
    ],
    [
      18,
      24
    ]
  ]
}