{
  "accuracy": 0.9273333333333333,
  "precision": 1.0,
  "recall": 0.23776223776223776,
  "f1_score": 0.384180790960452,
  "pr_auc": 0.4357360906591114,
  "confusion_matrix": [
    [
      1357,
      0
    ],
    [
      109,
      34
    ]
  ]
}