{
  "accuracy": 0.7233333333333334,
  "precision": 0.12727272727272726,
  "recall": 0.16666666666666666,
  "f1_score": 0.14432989690721648,
  "pr_auc": 0.12729286285321134,
  "confusion_matrix": [
    [
      210,
      48
    ],
    [
      35,
      7
    ]
  ]
}