{
  "accuracy": 0.88,
  "precision": 0.25,
  "recall": 0.14285714285714285,
  "f1_score": 0.18181818181818182,
  "pr_auc": 0.18211877135832888,
  "confusion_matrix": [
    [
      260,
      12
    ],
    [
      24,
      4
    ]
  ]
}