{
  "accuracy": 0.94,
  "precision": 0.5,
  "recall": 0.05555555555555555,
  "f1_score": 0.1,
  "pr_auc": 0.1335557248792047,
  "confusion_matrix": [
    [
      281,
      1
    ],
    [
      17,
      1
    ]
  ]
}