{
  "accuracy": 0.8366666666666667,
  "precision": 0.20588235294117646,
  "recall": 0.2413793103448276,
  "f1_score": 0.2222222222222222,
  "pr_auc": 0.18145462759791273,
  "confusion_matrix": [
    [
      244,
      27
    ],
    [
      22,
      7
    ]
  ]
}