{
  "accuracy": 0.8166666666666667,
  "precision": 0.175,
  "recall": 0.2413793103448276,
  "f1_score": 0.2028985507246377,
  "pr_auc": 0.163462014752755,
  "confusion_matrix": [
    [
      238,
      33
    ],
    [
      22,
      7
    ]
  ]
}