{
  "accuracy": 0.8073333333333333,
  "precision": 0.11578947368421053,
  "recall": 0.15384615384615385,
  "f1_score": 0.13213213213213212,
  "pr_auc": 0.11676006643817097,
  "confusion_matrix": [
    [
      1189,
      168
    ],
    [
      121,
      22
    ]
  ]
}