{
  "accuracy": 0.96,
  "precision": 0.9696969696969697,
  "recall": 0.7441860465116279,
  "f1_score": 0.8421052631578947,
  "pr_auc": 0.8560648304591888,
  "confusion_matrix": [
    [
      256,
      1
    ],
    [
      11,
      32
    ]
  ]
}