{
  "accuracy": 0.8166666666666667,
  "precision": 0.13513513513513514,
  "recall": 0.17857142857142858,
  "f1_score": 0.15384615384615385,
  "pr_auc": 0.13860453132651118,
  "confusion_matrix": [
    [
      240,
      32
    ],
    [
      23,
      5
    ]
  ]
}