{
  "accuracy": 0.9333333333333333,
  "precision": 0.3333333333333333,
  "recall": 0.1111111111111111,
  "f1_score": 0.16666666666666666,
  "pr_auc": 0.18213962985223534,
  "confusion_matrix": [
    [
      278,
      4
    ],
    [
      16,
      2
    ]
  ]
}