{
  "accuracy": 0.7533333333333333,
  "precision": 0.11627906976744186,
  "recall": 0.12195121951219512,
  "f1_score": 0.11904761904761904,
  "pr_auc": 0.15430230236990633,
  "confusion_matrix": [
    [
      221,
      38
    ],
    [
      36,
      5
    ]
  ]
}