{
  "accuracy": 0.8126666666666666,
  "precision": 0.16097560975609757,
  "recall": 0.2323943661971831,
  "f1_score": 0.19020172910662825,
  "pr_auc": 0.14950170465046705,
  "confusion_matrix": [
    [
      1186,
      172
    ],
    [
      109,
      33
    ]
  ]
}