{
  "accuracy": 0.63,
  "precision": 0.12222222222222222,
  "recall": 0.2558139534883721,
  "f1_score": 0.16541353383458646,
  "pr_auc": 0.1258682303648375,
  "confusion_matrix": [
    [
      178,
      79
    ],
    [
      32,
      11
    ]
  ]
}