{
  "accuracy": 0.9366666666666666,
  "precision": 0.96,
  "recall": 0.5714285714285714,
  "f1_score": 0.7164179104477612,
  "pr_auc": 0.6686438286749596,
  "confusion_matrix": [
    [
      257,
      1
    ],
    [
      18,
      24
    ]
  ]
}