{
  "accuracy": 0.63,
  "precision": 0.04040404040404041,
  "recall": 0.2,
  "f1_score": 0.06722689075630252,
  "pr_auc": 0.05547117565309881,
  "confusion_matrix": [
    [
      185,
      95
    ],
    [
      16,
      4
    ]
  ]
}