{
  "accuracy": 0.7633333333333333,
  "precision": 0.05263157894736842,
  "recall": 0.15,
  "f1_score": 0.07792207792207792,
  "pr_auc": 0.05947089685287812,
  "confusion_matrix": [
    [
      226,
      54
    ],
    [
      17,
      3
    ]
  ]
}