{
  "accuracy": 0.664,
  "precision": 0.07906976744186046,
  "recall": 0.23943661971830985,
  "f1_score": 0.11888111888111888,
  "pr_auc": 0.09391995147968041,
  "confusion_matrix": [
    [
      962,
      396
    ],
    [
      108,
      34
    ]
  ]
}