{
  "accuracy": 0.62,
  "precision": 0.08653846153846154,
  "recall": 0.32142857142857145,
  "f1_score": 0.13636363636363635,
  "pr_auc": 0.08618138613816415,
  "confusion_matrix": [
    [
      177,
      95
    ],
    [
      19,
      9
    ]
  ]
}