{
  "accuracy": 0.91,
  "precision": 0.18181818181818182,
  "recall": 0.1,
  "f1_score": 0.12903225806451613,
  "pr_auc": 0.1194219150586044,
  "confusion_matrix": [
    [
      271,
      9
    ],
    [
      18,
      2
    ]
  ]
}