{
  "accuracy": 0.9666666666666667,
  "precision": 0.9714285714285714,
  "recall": 0.7906976744186046,
  "f1_score": 0.8717948717948718,
  "pr_auc": 0.8263549123351566,
  "confusion_matrix": [
    [
      256,
      1
    ],
    [
      9,
      34
    ]
  ]
}