{
  "accuracy": 0.9366666666666666,
  "precision": 1.0,
  "recall": 0.05,
  "f1_score": 0.09523809523809523,
  "pr_auc": 0.20341396256317967,
  "confusion_matrix": [
    [
      280,
      0
    ],
    [
      19,
      1
    ]
  ]
}