{
  "accuracy": 0.6555555555555556,
  "precision": 0.10344827586206896,
  "recall": 0.375,
  "f1_score": 0.16216216216216217,
  "pr_auc": 0.10233801112321136,
  "confusion_matrix": [
    [
      56,
      26
    ],
    [
      5,
      3
    ]
  ]
}