{
  "accuracy": 0.9486666666666667,
  "precision": 0.935064935064935,
  "recall": 0.5,
  "f1_score": 0.6515837104072398,
  "pr_auc": 0.570008552600903,
  "confusion_matrix": [
    [
      1351,
      5
    ],
    [
      72,
      72
    ]
  ]
}