{
  "accuracy": 0.7466666666666667,
  "precision": 0.13333333333333333,
  "recall": 0.13953488372093023,
  "f1_score": 0.13636363636363635,
  "pr_auc": 0.13906177936433275,
  "confusion_matrix": [
    [
      218,
      39
    ],
    [
      37,
      6
    ]
  ]
}