{
  "accuracy": 0.7633333333333333,
  "precision": 0.061224489795918366,
  "recall": 0.10714285714285714,
  "f1_score": 0.07792207792207792,
  "pr_auc": 0.11149122169249026,
  "confusion_matrix": [
    [
      226,
      46
    ],
    [
      25,
      3
    ]
  ]
}