{
  "accuracy": 0.75,
  "precision": 0.21428571428571427,
  "recall": 0.27906976744186046,
  "f1_score": 0.24242424242424243,
  "pr_auc": 0.18177306341299135,
  "confusion_matrix": [
    [
      213,
      44
    ],
    [
      31,
      12
    ]
  ]
}