{
  "accuracy": 0.95,
  "precision": 0.7777777777777778,
  "recall": 0.35,
  "f1_score": 0.4827586206896552,
  "pr_auc": 0.4159329229556744,
  "confusion_matrix": [
    [
      278,
      2
    ],
    [
      13,
      7
    ]
  ]
}