{
  "accuracy": 0.9366666666666666,
  "precision": 0.8928571428571429,
  "recall": 0.6097560975609756,
  "f1_score": 0.7246376811594203,
  "pr_auc": 0.6871093113620094,
  "confusion_matrix": [
    [
      256,
      3
    ],
    [
      16,
      25
    ]
  ]
}