{
  "accuracy": 0.6566666666666666,
  "precision": 0.06896551724137931,
  "recall": 0.21428571428571427,
  "f1_score": 0.10434782608695652,
  "pr_auc": 0.08123411285765006,
  "confusion_matrix": [
    [
      191,
      81
    ],
    [
      22,
      6
    ]
  ]
}