{
  "accuracy": 0.8933333333333333,
  "precision": 0.8235294117647058,
  "recall": 0.32558139534883723,
  "f1_score": 0.4666666666666667,
  "pr_auc": 0.49383692599654594,
  "confusion_matrix": [
    [
      254,
      3
    ],
    [
      29,
      14
    ]
  ]
}