{
  "accuracy": 0.946,
  "precision": 0.9552238805970149,
  "recall": 0.4507042253521127,
  "f1_score": 0.6124401913875598,
  "pr_auc": 0.5480167481096574,
  "confusion_matrix": [
    [
      1355,
      3
    ],
    [
      78,
      64
    ]
  ]
}