{
  "accuracy": 0.6233333333333333,
  "precision": 0.04716981132075472,
  "recall": 0.29411764705882354,
  "f1_score": 0.08130081300813008,
  "pr_auc": 0.05695889589117344,
  "confusion_matrix": [
    [
      182,
      101
    ],
    [
      12,
      5
    ]
  ]
}