{
  "accuracy": 0.7666666666666667,
  "precision": 0.06666666666666667,
  "recall": 0.125,
  "f1_score": 0.08695652173913043,
  "pr_auc": 0.21210549248792251,
  "confusion_matrix": [
    [
      68,
      14
    ],
    [
      7,
      1
    ]
  ]
}