{
  "accuracy": 0.78,
  "precision": 0.07142857142857142,
  "recall": 0.2222222222222222,
  "f1_score": 0.10810810810810811,
  "pr_auc": 0.0619055474658091,
  "confusion_matrix": [
    [
      230,
      52
    ],
    [
      14,
      4
    ]
  ]
}