{
  "accuracy": 0.94,
  "precision": 1.0,
  "recall": 0.1,
  "f1_score": 0.18181818181818182,
  "pr_auc": 0.2326389771426354,
  "confusion_matrix": [
    [
      280,
      0
    ],
    [
      18,
      2
    ]
  ]
}