{
  "accuracy": 0.91,
  "precision": 0.6666666666666666,
  "recall": 0.07142857142857142,
  "f1_score": 0.12903225806451613,
  "pr_auc": 0.31137445784040246,
  "confusion_matrix": [
    [
      271,
      1
    ],
    [
      26,
      2
    ]
  ]
}