{
  "accuracy": 0.9933333333333333,
  "precision": 1.0,
  "recall": 0.8666666666666667,
  "f1_score": 0.9285714285714286,
  "pr_auc": 0.9958333333333333,
  "confusion_matrix": [
    [
      285,
      0
    ],
    [
      2,
      13
    ]
  ]
}