{
  "accuracy": 0.6633333333333333,
  "precision": 0.07058823529411765,
  "recall": 0.21428571428571427,
  "f1_score": 0.10619469026548672,
  "pr_auc": 0.07549371132321248,
  "confusion_matrix": [
    [
      193,
      79
    ],
    [
      22,
      6
    ]
  ]
}