{
  "accuracy": 0.9546666666666667,
  "precision": 0.9518072289156626,
  "recall": 0.5524475524475524,
  "f1_score": 0.6991150442477876,
  "pr_auc": 0.6427055784222008,
  "confusion_matrix": [
    [
      1353,
      4
    ],
    [
      64,
      79
    ]
  ]
}