{
  "accuracy": 0.8,
  "precision": 0.1,
  "recall": 0.25,
  "f1_score": 0.14285714285714285,
  "pr_auc": 0.07943458191297903,
  "confusion_matrix": [
    [
      235,
      45
    ],
    [
      15,
      5
    ]
  ]
}