{
  "accuracy": 0.68,
  "precision": 0.028169014084507043,
  "recall": 0.06896551724137931,
  "f1_score": 0.04,
  "pr_auc": 0.09154577317681589,
  "confusion_matrix": [
    [
      202,
      69
    ],
    [
      27,
      2
    ]
  ]
}