{
  "accuracy": 0.6533333333333333,
  "precision": 0.0625,
  "recall": 0.3,
  "f1_score": 0.10344827586206896,
  "pr_auc": 0.07630276978165301,
  "confusion_matrix": [
    [
      190,
      90
    ],
    [
      14,
      6
    ]
  ]
}