{
  "accuracy": 0.918,
  "precision": 1.0,
  "recall": 0.13986013986013987,
  "f1_score": 0.24539877300613497,
  "pr_auc": 0.37540118767862884,
  "confusion_matrix": [
    [
      1357,
      0
    ],
    [
      123,
      20
    ]
  ]
}