{
  "accuracy": 0.9466666666666667,
  "precision": 0.918918918918919,
  "recall": 0.4788732394366197,
  "f1_score": 0.6296296296296297,
  "pr_auc": 0.5644174488685386,
  "confusion_matrix": [
    [
      1352,
      6
    ],
    [
      74,
      68
    ]
  ]
}