{
  "accuracy": 0.9566666666666667,
  "precision": 0.9411764705882353,
  "recall": 0.5714285714285714,
  "f1_score": 0.7111111111111111,
  "pr_auc": 0.6706086932759994,
  "confusion_matrix": [
    [
      271,
      1
    ],
    [
      12,
      16
    ]
  ]
}