{
  "accuracy": 0.72,
  "precision": 0.06493506493506493,
  "recall": 0.29411764705882354,
  "f1_score": 0.10638297872340426,
  "pr_auc": 0.12063348773333779,
  "confusion_matrix": [
    [
      211,
      72
    ],
    [
      12,
      5
    ]
  ]
}