{
  "accuracy": 0.9566666666666667,
  "precision": 1.0,
  "recall": 0.35,
  "f1_score": 0.5185185185185185,
  "pr_auc": 0.42464917027417026,
  "confusion_matrix": [
    [
      280,
      0
    ],
    [
      13,
      7
    ]
  ]
}