{
  "accuracy": 0.692,
  "precision": 0.10396039603960396,
  "recall": 0.29577464788732394,
  "f1_score": 0.15384615384615385,
  "pr_auc": 0.113655774772946,
  "confusion_matrix": [
    [
      996,
      362
    ],
    [
      100,
      42
    ]
  ]
}