{
  "accuracy": 0.7633333333333333,
  "precision": 0.17073170731707318,
  "recall": 0.1590909090909091,
  "f1_score": 0.16470588235294117,
  "pr_auc": 0.15819959173555048,
  "confusion_matrix": [
    [
      222,
      34
    ],
    [
      37,
      7
    ]
  ]
}