{
  "accuracy": 0.9233333333333333,
  "precision": 0.0,
  "recall": 0.0,
  "f1_score": 0.0,
  "pr_auc": 0.07495198128750613,
  "confusion_matrix": [
    [
      277,
      5
    ],
    [
      18,
      0
    ]
  ]
}