{
  "accuracy": 0.87,
  "precision": 0.6428571428571429,
  "recall": 0.20930232558139536,
  "f1_score": 0.3157894736842105,
  "pr_auc": 0.30728162277106363,
  "confusion_matrix": [
    [
      252,
      5
    ],
    [
      34,
      9
    ]
  ]
}