{
  "accuracy": 0.9466666666666667,
  "precision": 0.9333333333333333,
  "recall": 0.6666666666666666,
  "f1_score": 0.7777777777777778,
  "pr_auc": 0.7415746834475696,
  "confusion_matrix": [
    [
      256,
      2
    ],
    [
      14,
      28
    ]
  ]
}