{
  "accuracy": 0.9433333333333334,
  "precision": 0.0,
  "recall": 0.0,
  "f1_score": 0.0,
  "pr_auc": 0.056658453353417,
  "confusion_matrix": [
    [
      283,
      0
    ],
    [
      17,
      0
    ]
  ]
}