{
  "accuracy": 0.8266666666666667,
  "precision": 0.14705882352941177,
  "recall": 0.17857142857142858,
  "f1_score": 0.16129032258064516,
  "pr_auc": 0.14296784003396565,
  "confusion_matrix": [
    [
      243,
      29
    ],
    [
      23,
      5
    ]
  ]
}