{
  "accuracy": 0.6846666666666666,
  "precision": 0.10336538461538461,
  "recall": 0.3006993006993007,
  "f1_score": 0.15384615384615385,
  "pr_auc": 0.11722642524687088,
  "confusion_matrix": [
    [
      984,
      373
    ],
    [
      100,
      43
    ]
  ]
}