{
  "accuracy": 0.9186666666666666,
  "precision": 0.8846153846153846,
  "recall": 0.1619718309859155,
  "f1_score": 0.27380952380952384,
  "pr_auc": 0.3737416537206408,
  "confusion_matrix": [
    [
      1355,
      3
    ],
    [
      119,
      23
    ]
  ]
}