{
  "accuracy": 0.9333333333333333,
  "precision": 0.6666666666666666,
  "recall": 0.5,
  "f1_score": 0.5714285714285714,
  "pr_auc": 0.5620666292869825,
  "confusion_matrix": [
    [
      80,
      2
    ],
    [
      4,
      4
    ]
  ]
}