{
  "accuracy": 0.9,
  "precision": 0.9375,
  "recall": 0.3409090909090909,
  "f1_score": 0.5,
  "pr_auc": 0.5162793070517044,
  "confusion_matrix": [
    [
      255,
      1
    ],
    [
      29,
      15
    ]
  ]
}