{
  "accuracy": 0.6933333333333334,
  "precision": 0.1,
  "recall": 0.2857142857142857,
  "f1_score": 0.14814814814814814,
  "pr_auc": 0.09794640648844649,
  "confusion_matrix": [
    [
      200,
      72
    ],
    [
      20,
      8
    ]
  ]
}