{
  "accuracy": 0.67,
  "precision": 0.12,
  "recall": 0.21428571428571427,
  "f1_score": 0.15384615384615385,
  "pr_auc": 0.17502688364869298,
  "confusion_matrix": [
    [
      192,
      66
    ],
    [
      33,
      9
    ]
  ]
}