{
  "accuracy": 0.8,
  "precision": 0.14285714285714285,
  "recall": 0.25,
  "f1_score": 0.18181818181818182,
  "pr_auc": 0.2380193302068302,
  "confusion_matrix": [
    [
      70,
      12
    ],
    [
      6,
      2
    ]
  ]
}