{
  "accuracy": 0.9533333333333334,
  "precision": 1.0,
  "recall": 0.17647058823529413,
  "f1_score": 0.3,
  "pr_auc": 0.2744391818693545,
  "confusion_matrix": [
    [
      283,
      0
    ],
    [
      14,
      3
    ]
  ]
}