{
  "accuracy": 0.9033333333333333,
  "precision": 0.0,
  "recall": 0.0,
  "f1_score": 0.0,
  "pr_auc": 0.14132290160987768,
  "confusion_matrix": [
    [
      271,
      0
    ],
    [
      29,
      0
    ]
  ]
}