{
  "accuracy": 0.9533333333333334,
  "precision": 1.0,
  "recall": 0.5172413793103449,
  "f1_score": 0.6818181818181818,
  "pr_auc": 0.6197834307272745,
  "confusion_matrix": [
    [
      271,
      0
    ],
    [
      14,
      15
    ]
  ]
}