{
  "accuracy": 0.9222222222222223,
  "precision": 1.0,
  "recall": 0.125,
  "f1_score": 0.2222222222222222,
  "pr_auc": 0.369154449619861,
  "confusion_matrix": [
    [
      82,
      0
    ],
    [
      7,
      1
    ]
  ]
}