{
  "accuracy": 0.688,
  "precision": 0.10869565217391304,
  "recall": 0.3125,
  "f1_score": 0.16129032258064516,
  "pr_auc": 0.11661323330457357,
  "confusion_matrix": [
    [
      987,
      369
    ],
    [
      99,
      45
    ]
  ]
}