{
  "accuracy": 0.89,
  "precision": 0.9166666666666666,
  "recall": 0.2558139534883721,
  "f1_score": 0.4,
  "pr_auc": 0.4400203233341231,
  "confusion_matrix": [
    [
      256,
      1
    ],
    [
      32,
      11
    ]
  ]
}