{
  "accuracy": 0.9111111111111111,
  "precision": 0.5,
  "recall": 0.125,
  "f1_score": 0.2,
  "pr_auc": 0.23819802504868787,
  "confusion_matrix": [
    [
      81,
      1
    ],
    [
      7,
      1
    ]
  ]
}