{
  "accuracy": 0.8833333333333333,
  "precision": 1.0,
  "recall": 0.16666666666666666,
  "f1_score": 0.2857142857142857,
  "pr_auc": 0.4308261567479737,
  "confusion_matrix": [
    [
      258,
      0
    ],
    [
      35,
      7
    ]
  ]
}