{
  "accuracy": 0.7033333333333334,
  "precision": 0.0821917808219178,
  "recall": 0.21428571428571427,
  "f1_score": 0.1188118811881188,
  "pr_auc": 0.09572778086031794,
  "confusion_matrix": [
    [
      205,
      67
    ],
    [
      22,
      6
    ]
  ]
}