{
  "accuracy": 0.83,
  "precision": 0.17142857142857143,
  "recall": 0.21428571428571427,
  "f1_score": 0.19047619047619047,
  "pr_auc": 0.1423552240395428,
  "confusion_matrix": [
    [
      243,
      29
    ],
    [
      22,
      6
    ]
  ]
}