{
  "accuracy": 0.9555555555555556,
  "precision": 1.0,
  "recall": 0.5,
  "f1_score": 0.6666666666666666,
  "pr_auc": 0.5923664393293548,
  "confusion_matrix": [
    [
      82,
      0
    ],
    [
      4,
      4
    ]
  ]
}