{
  "accuracy": 0.9333333333333333,
  "precision": 0.0,
  "recall": 0.0,
  "f1_score": 0.0,
  "pr_auc": 0.06329448154416904,
  "confusion_matrix": [
    [
      280,
      0
    ],
    [
      20,
      0
    ]
  ]
}