{
  "accuracy": 0.7466666666666667,
  "precision": 0.13043478260869565,
  "recall": 0.14285714285714285,
  "f1_score": 0.13636363636363635,
  "pr_auc": 0.16308774622620434,
  "confusion_matrix": [
    [
      218,
      40
    ],
    [
      36,
      6
    ]
  ]
}