{
  "accuracy": 0.66,
  "precision": 0.05434782608695652,
  "recall": 0.25,
  "f1_score": 0.08928571428571429,
  "pr_auc": 0.056941884734979326,
  "confusion_matrix": [
    [
      193,
      87
    ],
    [
      15,
      5
    ]
  ]
}