run_id,sweep_key,sweep_value,model_name,seed,n_samples,anomaly_ratio,label_noise,pr_auc,recall_anomaly,precision_anomaly,f1_anomaly,accuracy,tn,fp,fn,tp
anomaly_ratio_0.01_seed_2_vqc_4,anomaly_ratio,0.01,vqc_4,2,1000,0.01,0.05,0.047199293853588606,0.058823529411764705,0.017543859649122806,0.02702702702702703,0.76,227,56,16,1
anomaly_ratio_0.01_seed_2_vqc_3,anomaly_ratio,0.01,vqc_3,2,1000,0.01,0.05,0.05494057068697525,0.0,0.0,0.0,0.9,270,13,17,0
anomaly_ratio_0.01_seed_2_vqc_2,anomaly_ratio,0.01,vqc_2,2,1000,0.01,0.05,0.07796689444199553,0.0,0.0,0.0,0.9433333333333334,283,0,17,0
anomaly_ratio_0.01_seed_2_random_forest,anomaly_ratio,0.01,random_forest,2,1000,0.01,0.05,0.16217705357769918,0.058823529411764705,1.0,0.1111111111111111,0.9466666666666667,283,0,16,1
anomaly_ratio_0.01_seed_2_svm,anomaly_ratio,0.01,svm,2,1000,0.01,0.05,0.319156864028054,0.0,0.0,0.0,0.9433333333333334,283,0,17,0
anomaly_ratio_0.01_seed_2_vqc_1,anomaly_ratio,0.01,vqc_1,2,1000,0.01,0.05,0.12063348773333779,0.29411764705882354,0.06493506493506493,0.10638297872340426,0.72,211,72,12,5
anomaly_ratio_0.01_seed_4_vqc_4,anomaly_ratio,0.01,vqc_4,4,1000,0.01,0.05,0.045423197505071254,0.0,0.0,0.0,0.7533333333333333,226,56,18,0
anomaly_ratio_0.01_seed_4_vqc_3,anomaly_ratio,0.01,vqc_3,4,1000,0.01,0.05,0.08416520326409965,0.05555555555555555,0.1,0.07142857142857142,0.9133333333333333,273,9,17,1
anomaly_ratio_0.01_seed_4_vqc_2,anomaly_ratio,0.01,vqc_2,4,1000,0.01,0.05,0.06348427126463642,0.0,0.0,0.0,0.94,282,0,18,0
anomaly_ratio_0.01_seed_4_random_forest,anomaly_ratio,0.01,random_forest,4,1000,0.01,0.05,0.18213962985223534,0.1111111111111111,0.3333333333333333,0.16666666666666666,0.9333333333333333,278,4,16,2
anomaly_ratio_0.01_seed_4_svm,anomaly_ratio,0.01,svm,4,1000,0.01,0.05,0.1335557248792047,0.05555555555555555,0.5,0.1,0.94,281,1,17,1
anomaly_ratio_0.01_seed_4_vqc_1,anomaly_ratio,0.01,vqc_1,4,1000,0.01,0.05,0.04774482419858402,0.1111111111111111,0.017857142857142856,0.03076923076923077,0.58,172,110,16,2
anomaly_ratio_0.01_seed_3_vqc_4,anomaly_ratio,0.01,vqc_4,3,1000,0.01,0.05,0.051817497066138,0.11764705882352941,0.045454545454545456,0.06557377049180328,0.81,241,42,15,2
anomaly_ratio_0.01_seed_3_vqc_3,anomaly_ratio,0.01,vqc_3,3,1000,0.01,0.05,0.10288574805876258,0.0,0.0,0.0,0.9366666666666666,281,2,17,0
anomaly_ratio_0.01_seed_3_vqc_2,anomaly_ratio,0.01,vqc_2,3,1000,0.01,0.05,0.056658453353417,0.0,0.0,0.0,0.9433333333333334,283,0,17,0
anomaly_ratio_0.01_seed_3_random_forest,anomaly_ratio,0.01,random_forest,3,1000,0.01,0.05,0.2744391818693545,0.17647058823529413,1.0,0.3,0.9533333333333334,283,0,14,3
anomaly_ratio_0.01_seed_3_svm,anomaly_ratio,0.01,svm,3,1000,0.01,0.05,0.3212213049219486,0.058823529411764705,1.0,0.1111111111111111,0.9466666666666667,283,0,16,1
anomaly_ratio_0.01_seed_3_vqc_1,anomaly_ratio,0.01,vqc_1,3,1000,0.01,0.05,0.05695889589117344,0.29411764705882354,0.04716981132075472,0.08130081300813008,0.6233333333333333,182,101,12,5
anomaly_ratio_0.01_seed_1_vqc_4,anomaly_ratio,0.01,vqc_4,1,1000,0.01,0.05,0.0797108951705027,0.16666666666666666,0.05660377358490566,0.08450704225352113,0.7833333333333333,232,50,15,3
anomaly_ratio_0.01_seed_1_vqc_3,anomaly_ratio,0.01,vqc_3,1,1000,0.01,0.05,0.06464203528350299,0.0,0.0,0.0,0.8866666666666667,266,16,18,0
anomaly_ratio_0.01_seed_1_vqc_2,anomaly_ratio,0.01,vqc_2,1,1000,0.01,0.05,0.047417365532260454,0.0,0.0,0.0,0.94,282,0,18,0
anomaly_ratio_0.01_seed_1_random_forest,anomaly_ratio,0.01,random_forest,1,1000,0.01,0.05,0.18301871093465463,0.05555555555555555,1.0,0.10526315789473684,0.9433333333333334,282,0,17,1
anomaly_ratio_0.01_seed_1_svm,anomaly_ratio,0.01,svm,1,1000,0.01,0.05,0.15054085291019365,0.0,0.0,0.0,0.94,282,0,18,0
anomaly_ratio_0.01_seed_1_vqc_1,anomaly_ratio,0.01,vqc_1,1,1000,0.01,0.05,0.05388118042438032,0.1111111111111111,0.028985507246376812,0.04597701149425287,0.7233333333333334,215,67,16,2
anomaly_ratio_0.01_seed_0_vqc_4,anomaly_ratio,0.01,vqc_4,0,1000,0.01,0.05,0.0619055474658091,0.2222222222222222,0.07142857142857142,0.10810810810810811,0.78,230,52,14,4
anomaly_ratio_0.01_seed_0_vqc_3,anomaly_ratio,0.01,vqc_3,0,1000,0.01,0.05,0.07495198128750613,0.0,0.0,0.0,0.9233333333333333,277,5,18,0
anomaly_ratio_0.01_seed_0_vqc_2,anomaly_ratio,0.01,vqc_2,0,1000,0.01,0.05,0.06171555719241349,0.0,0.0,0.0,0.94,282,0,18,0
anomaly_ratio_0.01_seed_0_random_forest,anomaly_ratio,0.01,random_forest,0,1000,0.01,0.05,0.264831934250234,0.16666666666666666,0.6,0.2608695652173913,0.9433333333333334,280,2,15,3
anomaly_ratio_0.01_seed_0_svm,anomaly_ratio,0.01,svm,0,1000,0.01,0.05,0.28957293518024757,0.05555555555555555,1.0,0.10526315789473684,0.9433333333333334,282,0,17,1
anomaly_ratio_0.01_seed_0_vqc_1,anomaly_ratio,0.01,vqc_1,0,1000,0.01,0.05,0.061218595758866866,0.3333333333333333,0.06818181818181818,0.11320754716981132,0.6866666666666666,200,82,12,6
anomaly_ratio_0.02_seed_2_vqc_4,anomaly_ratio,0.02,vqc_4,2,1000,0.02,0.05,0.05947089685287812,0.15,0.05263157894736842,0.07792207792207792,0.7633333333333333,226,54,17,3
anomaly_ratio_0.02_seed_2_vqc_3,anomaly_ratio,0.02,vqc_3,2,1000,0.02,0.05,0.11355663521837585,0.05,1.0,0.09523809523809523,0.9366666666666666,280,0,19,1
anomaly_ratio_0.02_seed_2_vqc_2,anomaly_ratio,0.02,vqc_2,2,1000,0.02,0.05,0.07576220375977873,0.0,0.0,0.0,0.9333333333333333,280,0,20,0
anomaly_ratio_0.02_seed_2_random_forest,anomaly_ratio,0.02,random_forest,2,1000,0.02,0.05,0.24337022866720187,0.1,1.0,0.18181818181818182,0.94,280,0,18,2
anomaly_ratio_0.02_seed_2_svm,anomaly_ratio,0.02,svm,2,1000,0.02,0.05,0.20341396256317967,0.05,1.0,0.09523809523809523,0.9366666666666666,280,0,19,1
anomaly_ratio_0.02_seed_2_vqc_1,anomaly_ratio,0.02,vqc_1,2,1000,0.02,0.05,0.05547117565309881,0.2,0.04040404040404041,0.06722689075630252,0.63,185,95,16,4
anomaly_ratio_0.02_seed_4_vqc_4,anomaly_ratio,0.02,vqc_4,4,1000,0.02,0.05,0.12798872747544082,0.15,0.057692307692307696,0.08333333333333333,0.78,231,49,17,3
anomaly_ratio_0.02_seed_4_vqc_3,anomaly_ratio,0.02,vqc_3,4,1000,0.02,0.05,0.1194219150586044,0.1,0.18181818181818182,0.12903225806451613,0.91,271,9,18,2
anomaly_ratio_0.02_seed_4_vqc_2,anomaly_ratio,0.02,vqc_2,4,1000,0.02,0.05,0.07301636608853732,0.0,0.0,0.0,0.9333333333333333,280,0,20,0
anomaly_ratio_0.02_seed_4_random_forest,anomaly_ratio,0.02,random_forest,4,1000,0.02,0.05,0.35180553951474053,0.35,0.875,0.5,0.9533333333333334,279,1,13,7
anomaly_ratio_0.02_seed_4_svm,anomaly_ratio,0.02,svm,4,1000,0.02,0.05,0.42663980021522707,0.15,1.0,0.2608695652173913,0.9433333333333334,280,0,17,3
anomaly_ratio_0.02_seed_4_vqc_1,anomaly_ratio,0.02,vqc_1,4,1000,0.02,0.05,0.056941884734979326,0.25,0.05434782608695652,0.08928571428571429,0.66,193,87,15,5
anomaly_ratio_0.02_seed_3_vqc_4,anomaly_ratio,0.02,vqc_4,3,1000,0.02,0.05,0.07295440472309489,0.15,0.04838709677419355,0.07317073170731707,0.7466666666666667,221,59,17,3
anomaly_ratio_0.02_seed_3_vqc_3,anomaly_ratio,0.02,vqc_3,3,1000,0.02,0.05,0.18309781703496875,0.05,0.5,0.09090909090909091,0.9333333333333333,279,1,19,1
anomaly_ratio_0.02_seed_3_vqc_2,anomaly_ratio,0.02,vqc_2,3,1000,0.02,0.05,0.06329448154416904,0.0,0.0,0.0,0.9333333333333333,280,0,20,0
anomaly_ratio_0.02_seed_3_random_forest,anomaly_ratio,0.02,random_forest,3,1000,0.02,0.05,0.4159329229556744,0.35,0.7777777777777778,0.4827586206896552,0.95,278,2,13,7
anomaly_ratio_0.02_seed_3_svm,anomaly_ratio,0.02,svm,3,1000,0.02,0.05,0.40177193159931157,0.3,0.8571428571428571,0.4444444444444444,0.95,279,1,14,6
anomaly_ratio_0.02_seed_3_vqc_1,anomaly_ratio,0.02,vqc_1,3,1000,0.02,0.05,0.07630276978165301,0.3,0.0625,0.10344827586206896,0.6533333333333333,190,90,14,6
anomaly_ratio_0.02_seed_1_vqc_4,anomaly_ratio,0.02,vqc_4,1,1000,0.02,0.05,0.05690444289817698,0.1,0.04081632653061224,0.057971014492753624,0.7833333333333333,233,47,18,2
anomaly_ratio_0.02_seed_1_vqc_3,anomaly_ratio,0.02,vqc_3,1,1000,0.02,0.05,0.10190076899235068,0.05,0.07142857142857142,0.058823529411764705,0.8933333333333333,267,13,19,1
anomaly_ratio_0.02_seed_1_vqc_2,anomaly_ratio,0.02,vqc_2,1,1000,0.02,0.05,0.05009879363096968,0.0,0.0,0.0,0.9333333333333333,280,0,20,0
anomaly_ratio_0.02_seed_1_random_forest,anomaly_ratio,0.02,random_forest,1,1000,0.02,0.05,0.42464917027417026,0.35,1.0,0.5185185185185185,0.9566666666666667,280,0,13,7
anomaly_ratio_0.02_seed_1_svm,anomaly_ratio,0.02,svm,1,1000,0.02,0.05,0.4385758895912655,0.3,1.0,0.46153846153846156,0.9533333333333334,280,0,14,6
anomaly_ratio_0.02_seed_1_vqc_1,anomaly_ratio,0.02,vqc_1,1,1000,0.02,0.05,0.07984988303686771,0.2,0.056338028169014086,0.08791208791208792,0.7233333333333334,213,67,16,4
anomaly_ratio_0.02_seed_0_vqc_4,anomaly_ratio,0.02,vqc_4,0,1000,0.02,0.05,0.07943458191297903,0.25,0.1,0.14285714285714285,0.8,235,45,15,5
anomaly_ratio_0.02_seed_0_vqc_3,anomaly_ratio,0.02,vqc_3,0,1000,0.02,0.05,0.1474951077942772,0.05,0.5,0.09090909090909091,0.9333333333333333,279,1,19,1
anomaly_ratio_0.02_seed_0_vqc_2,anomaly_ratio,0.02,vqc_2,0,1000,0.02,0.05,0.09776844534550809,0.0,0.0,0.0,0.9333333333333333,280,0,20,0
anomaly_ratio_0.02_seed_0_random_forest,anomaly_ratio,0.02,random_forest,0,1000,0.02,0.05,0.20403403281556737,0.1,1.0,0.18181818181818182,0.94,280,0,18,2
anomaly_ratio_0.02_seed_0_svm,anomaly_ratio,0.02,svm,0,1000,0.02,0.05,0.2326389771426354,0.1,1.0,0.18181818181818182,0.94,280,0,18,2
anomaly_ratio_0.02_seed_0_vqc_1,anomaly_ratio,0.02,vqc_1,0,1000,0.02,0.05,0.0754823913970751,0.4,0.07142857142857142,0.12121212121212122,0.6133333333333333,176,104,12,8
anomaly_ratio_0.05_seed_2_vqc_4,anomaly_ratio,0.05,vqc_4,2,1000,0.05,0.05,0.14296784003396565,0.17857142857142858,0.14705882352941177,0.16129032258064516,0.8266666666666667,243,29,23,5
anomaly_ratio_0.05_seed_2_vqc_3,anomaly_ratio,0.05,vqc_3,2,1000,0.05,0.05,0.5090683348495262,0.32142857142857145,0.9,0.47368421052631576,0.9333333333333333,271,1,19,9
anomaly_ratio_0.05_seed_2_vqc_2,anomaly_ratio,0.05,vqc_2,2,1000,0.05,0.05,0.1392998885365438,0.0,0.0,0.0,0.9066666666666666,272,0,28,0
anomaly_ratio_0.05_seed_2_random_forest,anomaly_ratio,0.05,random_forest,2,1000,0.05,0.05,0.7028405732579939,0.6428571428571429,0.9473684210526315,0.7659574468085106,0.9633333333333334,271,1,10,18
anomaly_ratio_0.05_seed_2_svm,anomaly_ratio,0.05,svm,2,1000,0.05,0.05,0.6706086932759994,0.5714285714285714,0.9411764705882353,0.7111111111111111,0.9566666666666667,271,1,12,16
anomaly_ratio_0.05_seed_2_vqc_1,anomaly_ratio,0.05,vqc_1,2,1000,0.05,0.05,0.10352199315975627,0.25,0.09090909090909091,0.13333333333333333,0.6966666666666667,202,70,21,7
anomaly_ratio_0.05_seed_4_vqc_4,anomaly_ratio,0.05,vqc_4,4,1000,0.05,0.05,0.13542995619725756,0.17857142857142858,0.13157894736842105,0.15151515151515152,0.8133333333333334,239,33,23,5
anomaly_ratio_0.05_seed_4_vqc_3,anomaly_ratio,0.05,vqc_3,4,1000,0.05,0.05,0.3061626694445276,0.07142857142857142,0.6666666666666666,0.12903225806451613,0.91,271,1,26,2
anomaly_ratio_0.05_seed_4_vqc_2,anomaly_ratio,0.05,vqc_2,4,1000,0.05,0.05,0.09782315644834283,0.0,0.0,0.0,0.9066666666666666,272,0,28,0
anomaly_ratio_0.05_seed_4_random_forest,anomaly_ratio,0.05,random_forest,4,1000,0.05,0.05,0.6095005840399277,0.4642857142857143,0.8125,0.5909090909090909,0.94,269,3,15,13
anomaly_ratio_0.05_seed_4_svm,anomaly_ratio,0.05,svm,4,1000,0.05,0.05,0.6007469445254806,0.42857142857142855,0.9230769230769231,0.5853658536585366,0.9433333333333334,271,1,16,12
anomaly_ratio_0.05_seed_4_vqc_1,anomaly_ratio,0.05,vqc_1,4,1000,0.05,0.05,0.07549371132321248,0.21428571428571427,0.07058823529411765,0.10619469026548672,0.6633333333333333,193,79,22,6
anomaly_ratio_0.05_seed_3_vqc_4,anomaly_ratio,0.05,vqc_4,3,1000,0.05,0.05,0.20445410456313978,0.3103448275862069,0.17647058823529413,0.225,0.7933333333333333,229,42,20,9
anomaly_ratio_0.05_seed_3_vqc_3,anomaly_ratio,0.05,vqc_3,3,1000,0.05,0.05,0.45464713200850804,0.3448275862068966,1.0,0.5128205128205128,0.9366666666666666,271,0,19,10
anomaly_ratio_0.05_seed_3_vqc_2,anomaly_ratio,0.05,vqc_2,3,1000,0.05,0.05,0.2020239194916295,0.0,0.0,0.0,0.9033333333333333,271,0,29,0
anomaly_ratio_0.05_seed_3_random_forest,anomaly_ratio,0.05,random_forest,3,1000,0.05,0.05,0.5980503605152072,0.4827586206896552,1.0,0.6511627906976745,0.95,271,0,15,14
anomaly_ratio_0.05_seed_3_svm,anomaly_ratio,0.05,svm,3,1000,0.05,0.05,0.6197834307272745,0.5172413793103449,1.0,0.6818181818181818,0.9533333333333334,271,0,14,15
anomaly_ratio_0.05_seed_3_vqc_1,anomaly_ratio,0.05,vqc_1,3,1000,0.05,0.05,0.09154577317681589,0.06896551724137931,0.028169014084507043,0.04,0.68,202,69,27,2
anomaly_ratio_0.05_seed_1_vqc_4,anomaly_ratio,0.05,vqc_4,1,1000,0.05,0.05,0.09703736792596743,0.07142857142857142,0.0425531914893617,0.05333333333333334,0.7633333333333333,227,45,26,2
anomaly_ratio_0.05_seed_1_vqc_3,anomaly_ratio,0.05,vqc_3,1,1000,0.05,0.05,0.18211877135832888,0.14285714285714285,0.25,0.18181818181818182,0.88,260,12,24,4
anomaly_ratio_0.05_seed_1_vqc_2,anomaly_ratio,0.05,vqc_2,1,1000,0.05,0.05,0.14546643124206923,0.0,0.0,0.0,0.9066666666666666,272,0,28,0
anomaly_ratio_0.05_seed_1_random_forest,anomaly_ratio,0.05,random_forest,1,1000,0.05,0.05,0.5597124241685704,0.5,0.9333333333333333,0.6511627906976745,0.95,271,1,14,14
anomaly_ratio_0.05_seed_1_svm,anomaly_ratio,0.05,svm,1,1000,0.05,0.05,0.5875879127644977,0.4642857142857143,0.9285714285714286,0.6190476190476191,0.9466666666666667,271,1,15,13
anomaly_ratio_0.05_seed_1_vqc_1,anomaly_ratio,0.05,vqc_1,1,1000,0.05,0.05,0.09572778086031794,0.21428571428571427,0.0821917808219178,0.1188118811881188,0.7033333333333334,205,67,22,6
anomaly_ratio_0.05_seed_0_vqc_4,anomaly_ratio,0.05,vqc_4,0,1000,0.05,0.05,0.12584114175414446,0.20689655172413793,0.1935483870967742,0.2,0.84,246,25,23,6
anomaly_ratio_0.05_seed_0_vqc_3,anomaly_ratio,0.05,vqc_3,0,1000,0.05,0.05,0.2895532245730883,0.1724137931034483,1.0,0.29411764705882354,0.92,271,0,24,5
anomaly_ratio_0.05_seed_0_vqc_2,anomaly_ratio,0.05,vqc_2,0,1000,0.05,0.05,0.12129683464734492,0.0,0.0,0.0,0.9033333333333333,271,0,29,0
anomaly_ratio_0.05_seed_0_random_forest,anomaly_ratio,0.05,random_forest,0,1000,0.05,0.05,0.5149073108157349,0.3448275862068966,1.0,0.5128205128205128,0.9366666666666666,271,0,19,10
anomaly_ratio_0.05_seed_0_svm,anomaly_ratio,0.05,svm,0,1000,0.05,0.05,0.49201527940375617,0.3448275862068966,0.9090909090909091,0.5,0.9333333333333333,270,1,19,10
anomaly_ratio_0.05_seed_0_vqc_1,anomaly_ratio,0.05,vqc_1,0,1000,0.05,0.05,0.11129294231088452,0.3448275862068966,0.10869565217391304,0.1652892561983471,0.6633333333333333,189,82,19,10
anomaly_ratio_0.1_seed_2_vqc_4,anomaly_ratio,0.1,vqc_4,2,1000,0.1,0.05,0.15424748377015124,0.16279069767441862,0.15217391304347827,0.15730337078651685,0.75,218,39,36,7
anomaly_ratio_0.1_seed_2_vqc_3,anomaly_ratio,0.1,vqc_3,2,1000,0.1,0.05,0.7053355782042341,0.3953488372093023,0.9444444444444444,0.5573770491803278,0.91,256,1,26,17
anomaly_ratio_0.1_seed_2_vqc_2,anomaly_ratio,0.1,vqc_2,2,1000,0.1,0.05,0.3093231864648615,0.0,0.0,0.0,0.8566666666666667,257,0,43,0
anomaly_ratio_0.1_seed_2_random_forest,anomaly_ratio,0.1,random_forest,2,1000,0.1,0.05,0.8263549123351566,0.7906976744186046,0.9714285714285714,0.8717948717948718,0.9666666666666667,256,1,9,34
anomaly_ratio_0.1_seed_2_svm,anomaly_ratio,0.1,svm,2,1000,0.1,0.05,0.8560648304591888,0.7441860465116279,0.9696969696969697,0.8421052631578947,0.96,256,1,11,32
anomaly_ratio_0.1_seed_2_vqc_1,anomaly_ratio,0.1,vqc_1,2,1000,0.1,0.05,0.14171747427841505,0.32558139534883723,0.14432989690721648,0.2,0.6266666666666667,174,83,29,14
anomaly_ratio_0.1_seed_4_vqc_4,anomaly_ratio,0.1,vqc_4,4,1000,0.1,0.05,0.15430230236990633,0.12195121951219512,0.11627906976744186,0.11904761904761904,0.7533333333333333,221,38,36,5
anomaly_ratio_0.1_seed_4_vqc_3,anomaly_ratio,0.1,vqc_3,4,1000,0.1,0.05,0.5040953073375354,0.21951219512195122,0.9,0.35294117647058826,0.89,258,1,32,9
anomaly_ratio_0.1_seed_4_vqc_2,anomaly_ratio,0.1,vqc_2,4,1000,0.1,0.05,0.15897738469499464,0.0,0.0,0.0,0.8633333333333333,259,0,41,0
anomaly_ratio_0.1_seed_4_random_forest,anomaly_ratio,0.1,random_forest,4,1000,0.1,0.05,0.6871093113620094,0.6097560975609756,0.8928571428571429,0.7246376811594203,0.9366666666666666,256,3,16,25
anomaly_ratio_0.1_seed_4_svm,anomaly_ratio,0.1,svm,4,1000,0.1,0.05,0.6743404086615219,0.5609756097560976,0.8846153846153846,0.6865671641791045,0.93,256,3,18,23
anomaly_ratio_0.1_seed_4_vqc_1,anomaly_ratio,0.1,vqc_1,4,1000,0.1,0.05,0.15838221622002768,0.4878048780487805,0.18181818181818182,0.26490066225165565,0.63,169,90,21,20
anomaly_ratio_0.1_seed_3_vqc_4,anomaly_ratio,0.1,vqc_4,3,1000,0.1,0.05,0.14688101721222435,0.09523809523809523,0.09302325581395349,0.09411764705882353,0.7433333333333333,219,39,38,4
anomaly_ratio_0.1_seed_3_vqc_3,anomaly_ratio,0.1,vqc_3,3,1000,0.1,0.05,0.4308261567479737,0.16666666666666666,1.0,0.2857142857142857,0.8833333333333333,258,0,35,7
anomaly_ratio_0.1_seed_3_vqc_2,anomaly_ratio,0.1,vqc_2,3,1000,0.1,0.05,0.20068712155070334,0.0,0.0,0.0,0.86,258,0,42,0
anomaly_ratio_0.1_seed_3_random_forest,anomaly_ratio,0.1,random_forest,3,1000,0.1,0.05,0.6686438286749596,0.5714285714285714,0.96,0.7164179104477612,0.9366666666666666,257,1,18,24
anomaly_ratio_0.1_seed_3_svm,anomaly_ratio,0.1,svm,3,1000,0.1,0.05,0.7126678780672798,0.5714285714285714,1.0,0.7272727272727273,0.94,258,0,18,24
anomaly_ratio_0.1_seed_3_vqc_1,anomaly_ratio,0.1,vqc_1,3,1000,0.1,0.05,0.13743093542177265,0.2619047619047619,0.12359550561797752,0.16793893129770993,0.6366666666666667,180,78,31,11
anomaly_ratio_0.1_seed_1_vqc_4,anomaly_ratio,0.1,vqc_4,1,1000,0.1,0.05,0.16308774622620434,0.14285714285714285,0.13043478260869565,0.13636363636363635,0.7466666666666667,218,40,36,6
anomaly_ratio_0.1_seed_1_vqc_3,anomaly_ratio,0.1,vqc_3,1,1000,0.1,0.05,0.14664490733872115,0.0,0.0,0.0,0.83,249,9,42,0
anomaly_ratio_0.1_seed_1_vqc_2,anomaly_ratio,0.1,vqc_2,1,1000,0.1,0.05,0.22806481263193426,0.0,0.0,0.0,0.86,258,0,42,0
anomaly_ratio_0.1_seed_1_random_forest,anomaly_ratio,0.1,random_forest,1,1000,0.1,0.05,0.7415746834475696,0.6666666666666666,0.9333333333333333,0.7777777777777778,0.9466666666666667,256,2,14,28
anomaly_ratio_0.1_seed_1_svm,anomaly_ratio,0.1,svm,1,1000,0.1,0.05,0.7059669996240319,0.6666666666666666,0.9032258064516129,0.7671232876712328,0.9433333333333334,255,3,14,28
anomaly_ratio_0.1_seed_1_vqc_1,anomaly_ratio,0.1,vqc_1,1,1000,0.1,0.05,0.17502688364869298,0.21428571428571427,0.12,0.15384615384615385,0.67,192,66,33,9
anomaly_ratio_0.1_seed_0_vqc_4,anomaly_ratio,0.1,vqc_4,0,1000,0.1,0.05,0.15819959173555048,0.1590909090909091,0.17073170731707318,0.16470588235294117,0.7633333333333333,222,34,37,7
anomaly_ratio_0.1_seed_0_vqc_3,anomaly_ratio,0.1,vqc_3,0,1000,0.1,0.05,0.38624757833293827,0.1590909090909091,0.7777777777777778,0.2641509433962264,0.87,254,2,37,7
anomaly_ratio_0.1_seed_0_vqc_2,anomaly_ratio,0.1,vqc_2,0,1000,0.1,0.05,0.2763510841482397,0.0,0.0,0.0,0.8533333333333334,256,0,44,0
anomaly_ratio_0.1_seed_0_random_forest,anomaly_ratio,0.1,random_forest,0,1000,0.1,0.05,0.6799419283236983,0.5909090909090909,0.9629629629629629,0.7323943661971831,0.9366666666666666,255,1,18,26
anomaly_ratio_0.1_seed_0_svm,anomaly_ratio,0.1,svm,0,1000,0.1,0.05,0.6606867321368445,0.5909090909090909,0.9629629629629629,0.7323943661971831,0.9366666666666666,255,1,18,26
anomaly_ratio_0.1_seed_0_vqc_1,anomaly_ratio,0.1,vqc_1,0,1000,0.1,0.05,0.17302124168122107,0.2727272727272727,0.19047619047619047,0.22429906542056074,0.7233333333333334,205,51,32,12
n_samples_300_seed_2_vqc_4,n_samples,300,vqc_4,2,300,0.05,0.05,0.11708590856849682,0.375,0.17647058823529413,0.24,0.7888888888888889,68,14,5,3
n_samples_300_seed_2_vqc_3,n_samples,300,vqc_3,2,300,0.05,0.05,0.4928083773605673,0.375,1.0,0.5454545454545454,0.9444444444444444,82,0,5,3
n_samples_300_seed_2_vqc_2,n_samples,300,vqc_2,2,300,0.05,0.05,0.2699385189009397,0.0,0.0,0.0,0.9111111111111111,82,0,8,0
n_samples_300_seed_2_random_forest,n_samples,300,random_forest,2,300,0.05,0.05,0.32682748538011697,0.5,0.5714285714285714,0.5333333333333333,0.9222222222222223,79,3,4,4
n_samples_300_seed_2_svm,n_samples,300,svm,2,300,0.05,0.05,0.4489762632272076,0.375,0.75,0.5,0.9333333333333333,81,1,5,3
n_samples_300_seed_2_vqc_1,n_samples,300,vqc_1,2,300,0.05,0.05,0.11083774676264596,0.125,0.047619047619047616,0.06896551724137931,0.7,62,20,7,1
n_samples_300_seed_4_vqc_4,n_samples,300,vqc_4,4,300,0.05,0.05,0.08070912279656123,0.0,0.0,0.0,0.6777777777777778,61,21,8,0
n_samples_300_seed_4_vqc_3,n_samples,300,vqc_3,4,300,0.05,0.05,0.26211640473662967,0.125,0.2,0.15384615384615385,0.8777777777777778,78,4,7,1
n_samples_300_seed_4_vqc_2,n_samples,300,vqc_2,4,300,0.05,0.05,0.3250056750322532,0.0,0.0,0.0,0.9111111111111111,82,0,8,0
n_samples_300_seed_4_random_forest,n_samples,300,random_forest,4,300,0.05,0.05,0.5620666292869825,0.5,0.6666666666666666,0.5714285714285714,0.9333333333333333,80,2,4,4
n_samples_300_seed_4_svm,n_samples,300,svm,4,300,0.05,0.05,0.5494270833333333,0.5,0.8,0.6153846153846154,0.9444444444444444,81,1,4,4
n_samples_300_seed_4_vqc_1,n_samples,300,vqc_1,4,300,0.05,0.05,0.1847478185840255,0.625,0.1724137931034483,0.2702702702702703,0.7,58,24,3,5
n_samples_300_seed_3_vqc_4,n_samples,300,vqc_4,3,300,0.05,0.05,0.21210549248792251,0.125,0.06666666666666667,0.08695652173913043,0.7666666666666667,68,14,7,1
n_samples_300_seed_3_vqc_3,n_samples,300,vqc_3,3,300,0.05,0.05,0.24205200548484132,0.25,0.4,0.3076923076923077,0.9,79,3,6,2
n_samples_300_seed_3_vqc_2,n_samples,300,vqc_2,3,300,0.05,0.05,0.165184413443132,0.0,0.0,0.0,0.9111111111111111,82,0,8,0
n_samples_300_seed_3_random_forest,n_samples,300,random_forest,3,300,0.05,0.05,0.22392124005027228,0.125,0.3333333333333333,0.18181818181818182,0.9,80,2,7,1
n_samples_300_seed_3_svm,n_samples,300,svm,3,300,0.05,0.05,0.23819802504868787,0.125,0.5,0.2,0.9111111111111111,81,1,7,1
n_samples_300_seed_3_vqc_1,n_samples,300,vqc_1,3,300,0.05,0.05,0.10233801112321136,0.375,0.10344827586206896,0.16216216216216217,0.6555555555555556,56,26,5,3
n_samples_300_seed_1_vqc_4,n_samples,300,vqc_4,1,300,0.05,0.05,0.12024592306841697,0.2222222222222222,0.1111111111111111,0.14814814814814814,0.7444444444444445,65,16,7,2
n_samples_300_seed_1_vqc_3,n_samples,300,vqc_3,1,300,0.05,0.05,0.3351137498571908,0.0,0.0,0.0,0.8888888888888888,80,1,9,0
n_samples_300_seed_1_vqc_2,n_samples,300,vqc_2,1,300,0.05,0.05,0.10583393377195191,0.0,0.0,0.0,0.9,81,0,9,0
n_samples_300_seed_1_random_forest,n_samples,300,random_forest,1,300,0.05,0.05,0.6464248176748177,0.4444444444444444,1.0,0.6153846153846154,0.9444444444444444,81,0,5,4
n_samples_300_seed_1_svm,n_samples,300,svm,1,300,0.05,0.05,0.5248683158214058,0.4444444444444444,1.0,0.6153846153846154,0.9444444444444444,81,0,5,4
n_samples_300_seed_1_vqc_1,n_samples,300,vqc_1,1,300,0.05,0.05,0.2088504144792177,0.4444444444444444,0.11428571428571428,0.18181818181818182,0.6,50,31,5,4
n_samples_300_seed_0_vqc_4,n_samples,300,vqc_4,0,300,0.05,0.05,0.2380193302068302,0.25,0.14285714285714285,0.18181818181818182,0.8,70,12,6,2
n_samples_300_seed_0_vqc_3,n_samples,300,vqc_3,0,300,0.05,0.05,0.369154449619861,0.125,1.0,0.2222222222222222,0.9222222222222223,82,0,7,1
n_samples_300_seed_0_vqc_2,n_samples,300,vqc_2,0,300,0.05,0.05,0.1365145431082132,0.0,0.0,0.0,0.9111111111111111,82,0,8,0
n_samples_300_seed_0_random_forest,n_samples,300,random_forest,0,300,0.05,0.05,0.5923664393293548,0.5,1.0,0.6666666666666666,0.9555555555555556,82,0,4,4
n_samples_300_seed_0_svm,n_samples,300,svm,0,300,0.05,0.05,0.6400303202894666,0.375,1.0,0.5454545454545454,0.9444444444444444,82,0,5,3
n_samples_300_seed_0_vqc_1,n_samples,300,vqc_1,0,300,0.05,0.05,0.0949355371975159,0.25,0.05405405405405406,0.08888888888888889,0.5444444444444444,47,35,6,2
n_samples_5000_seed_2_vqc_4,n_samples,5000,vqc_4,2,5000,0.05,0.05,0.11676006643817097,0.15384615384615385,0.11578947368421053,0.13213213213213212,0.8073333333333333,1189,168,121,22
n_samples_5000_seed_2_vqc_3,n_samples,5000,vqc_3,2,5000,0.05,0.05,0.4357360906591114,0.23776223776223776,1.0,0.384180790960452,0.9273333333333333,1357,0,109,34
n_samples_5000_seed_2_vqc_2,n_samples,5000,vqc_2,2,5000,0.05,0.05,0.11912887444723146,0.0,0.0,0.0,0.9046666666666666,1357,0,143,0
n_samples_5000_seed_2_random_forest,n_samples,5000,random_forest,2,5000,0.05,0.05,0.6427055784222008,0.5524475524475524,0.9518072289156626,0.6991150442477876,0.9546666666666667,1353,4,64,79
n_samples_5000_seed_2_svm,n_samples,5000,svm,2,5000,0.05,0.05,0.6312543163134652,0.5314685314685315,0.9620253164556962,0.6846846846846847,0.9533333333333334,1354,3,67,76
n_samples_5000_seed_2_vqc_1,n_samples,5000,vqc_1,2,5000,0.05,0.05,0.13273271215027474,0.2867132867132867,0.10459183673469388,0.15327102803738318,0.698,1006,351,102,41
n_samples_5000_seed_4_vqc_4,n_samples,5000,vqc_4,4,5000,0.05,0.05,0.11591872901079639,0.2013888888888889,0.14356435643564355,0.1676300578034682,0.808,1183,173,115,29
n_samples_5000_seed_4_vqc_3,n_samples,5000,vqc_3,4,5000,0.05,0.05,0.35131168058229023,0.1597222222222222,0.8846153846153846,0.27058823529411763,0.9173333333333333,1353,3,121,23
n_samples_5000_seed_4_vqc_2,n_samples,5000,vqc_2,4,5000,0.05,0.05,0.10113535072236028,0.0,0.0,0.0,0.904,1356,0,144,0
n_samples_5000_seed_4_random_forest,n_samples,5000,random_forest,4,5000,0.05,0.05,0.570008552600903,0.5,0.935064935064935,0.6515837104072398,0.9486666666666667,1351,5,72,72
n_samples_5000_seed_4_svm,n_samples,5000,svm,4,5000,0.05,0.05,0.592136101266214,0.4930555555555556,0.9594594594594594,0.6513761467889908,0.9493333333333334,1353,3,73,71
n_samples_5000_seed_4_vqc_1,n_samples,5000,vqc_1,4,5000,0.05,0.05,0.11661323330457357,0.3125,0.10869565217391304,0.16129032258064516,0.688,987,369,99,45
n_samples_5000_seed_3_vqc_4,n_samples,5000,vqc_4,3,5000,0.05,0.05,0.14950170465046705,0.2323943661971831,0.16097560975609757,0.19020172910662825,0.8126666666666666,1186,172,109,33
n_samples_5000_seed_3_vqc_3,n_samples,5000,vqc_3,3,5000,0.05,0.05,0.3884389217663328,0.176056338028169,0.9615384615384616,0.2976190476190476,0.9213333333333333,1357,1,117,25
n_samples_5000_seed_3_vqc_2,n_samples,5000,vqc_2,3,5000,0.05,0.05,0.1498945089297804,0.0,0.0,0.0,0.9053333333333333,1358,0,142,0
n_samples_5000_seed_3_random_forest,n_samples,5000,random_forest,3,5000,0.05,0.05,0.5192819003332616,0.45774647887323944,0.9420289855072463,0.6161137440758294,0.946,1354,4,77,65
n_samples_5000_seed_3_svm,n_samples,5000,svm,3,5000,0.05,0.05,0.5480167481096574,0.4507042253521127,0.9552238805970149,0.6124401913875598,0.946,1355,3,78,64
n_samples_5000_seed_3_vqc_1,n_samples,5000,vqc_1,3,5000,0.05,0.05,0.09391995147968041,0.23943661971830985,0.07906976744186046,0.11888111888111888,0.664,962,396,108,34
n_samples_5000_seed_1_vqc_4,n_samples,5000,vqc_4,1,5000,0.05,0.05,0.10130843454503279,0.13286713286713286,0.09947643979057591,0.11377245508982035,0.8026666666666666,1185,172,124,19
n_samples_5000_seed_1_vqc_3,n_samples,5000,vqc_3,1,5000,0.05,0.05,0.37540118767862884,0.13986013986013987,1.0,0.24539877300613497,0.918,1357,0,123,20
n_samples_5000_seed_1_vqc_2,n_samples,5000,vqc_2,1,5000,0.05,0.05,0.1022249095083043,0.0,0.0,0.0,0.9046666666666666,1357,0,143,0
n_samples_5000_seed_1_random_forest,n_samples,5000,random_forest,1,5000,0.05,0.05,0.5877029716402425,0.4965034965034965,0.9594594594594594,0.6543778801843319,0.95,1354,3,72,71
n_samples_5000_seed_1_svm,n_samples,5000,svm,1,5000,0.05,0.05,0.5885459773037159,0.4825174825174825,0.9583333333333334,0.641860465116279,0.9486666666666667,1354,3,74,69
n_samples_5000_seed_1_vqc_1,n_samples,5000,vqc_1,1,5000,0.05,0.05,0.11722642524687088,0.3006993006993007,0.10336538461538461,0.15384615384615385,0.6846666666666666,984,373,100,43
n_samples_5000_seed_0_vqc_4,n_samples,5000,vqc_4,0,5000,0.05,0.05,0.09878701901477245,0.16901408450704225,0.10126582278481013,0.1266490765171504,0.7793333333333333,1145,213,118,24
n_samples_5000_seed_0_vqc_3,n_samples,5000,vqc_3,0,5000,0.05,0.05,0.3737416537206408,0.1619718309859155,0.8846153846153846,0.27380952380952384,0.9186666666666666,1355,3,119,23
n_samples_5000_seed_0_vqc_2,n_samples,5000,vqc_2,0,5000,0.05,0.05,0.12365923779408797,0.0,0.0,0.0,0.9053333333333333,1358,0,142,0
n_samples_5000_seed_0_random_forest,n_samples,5000,random_forest,0,5000,0.05,0.05,0.5589550324760238,0.5070422535211268,0.9230769230769231,0.6545454545454545,0.9493333333333334,1352,6,70,72
n_samples_5000_seed_0_svm,n_samples,5000,svm,0,5000,0.05,0.05,0.5644174488685386,0.4788732394366197,0.918918918918919,0.6296296296296297,0.9466666666666667,1352,6,74,68
n_samples_5000_seed_0_vqc_1,n_samples,5000,vqc_1,0,5000,0.05,0.05,0.113655774772946,0.29577464788732394,0.10396039603960396,0.15384615384615385,0.692,996,362,100,42
n_samples_1000_seed_2_vqc_4,n_samples,1000,vqc_4,2,1000,0.05,0.05,0.1423552240395428,0.21428571428571427,0.17142857142857143,0.19047619047619047,0.83,243,29,22,6
n_samples_1000_seed_2_vqc_3,n_samples,1000,vqc_3,2,1000,0.05,0.05,0.5096461716120599,0.32142857142857145,0.9,0.47368421052631576,0.9333333333333333,271,1,19,9
n_samples_1000_seed_2_vqc_2,n_samples,1000,vqc_2,2,1000,0.05,0.05,0.12461337484483033,0.0,0.0,0.0,0.9066666666666666,272,0,28,0
n_samples_1000_seed_2_random_forest,n_samples,1000,random_forest,2,1000,0.05,0.05,0.7028405732579939,0.6428571428571429,0.9473684210526315,0.7659574468085106,0.9633333333333334,271,1,10,18
n_samples_1000_seed_2_svm,n_samples,1000,svm,2,1000,0.05,0.05,0.6706086932759994,0.5714285714285714,0.9411764705882353,0.7111111111111111,0.9566666666666667,271,1,12,16
n_samples_1000_seed_2_vqc_1,n_samples,1000,vqc_1,2,1000,0.05,0.05,0.08618138613816415,0.32142857142857145,0.08653846153846154,0.13636363636363635,0.62,177,95,19,9
n_samples_1000_seed_4_vqc_4,n_samples,1000,vqc_4,4,1000,0.05,0.05,0.14279186060971977,0.10714285714285714,0.1111111111111111,0.10909090909090909,0.8366666666666667,248,24,25,3
n_samples_1000_seed_4_vqc_3,n_samples,1000,vqc_3,4,1000,0.05,0.05,0.3325861088690158,0.07142857142857142,0.6666666666666666,0.12903225806451613,0.91,271,1,26,2
n_samples_1000_seed_4_vqc_2,n_samples,1000,vqc_2,4,1000,0.05,0.05,0.1070011290051601,0.0,0.0,0.0,0.9066666666666666,272,0,28,0
n_samples_1000_seed_4_random_forest,n_samples,1000,random_forest,4,1000,0.05,0.05,0.6095005840399277,0.4642857142857143,0.8125,0.5909090909090909,0.94,269,3,15,13
n_samples_1000_seed_4_svm,n_samples,1000,svm,4,1000,0.05,0.05,0.6007469445254806,0.42857142857142855,0.9230769230769231,0.5853658536585366,0.9433333333333334,271,1,16,12
n_samples_1000_seed_4_vqc_1,n_samples,1000,vqc_1,4,1000,0.05,0.05,0.08123411285765006,0.21428571428571427,0.06896551724137931,0.10434782608695652,0.6566666666666666,191,81,22,6
n_samples_1000_seed_3_vqc_4,n_samples,1000,vqc_4,3,1000,0.05,0.05,0.15166829294837875,0.2413793103448276,0.14285714285714285,0.1794871794871795,0.7866666666666666,229,42,22,7
n_samples_1000_seed_3_vqc_3,n_samples,1000,vqc_3,3,1000,0.05,0.05,0.458653136186519,0.3448275862068966,1.0,0.5128205128205128,0.9366666666666666,271,0,19,10
n_samples_1000_seed_3_vqc_2,n_samples,1000,vqc_2,3,1000,0.05,0.05,0.14132290160987768,0.0,0.0,0.0,0.9033333333333333,271,0,29,0
n_samples_1000_seed_3_random_forest,n_samples,1000,random_forest,3,1000,0.05,0.05,0.5980503605152072,0.4827586206896552,1.0,0.6511627906976745,0.95,271,0,15,14
n_samples_1000_seed_3_svm,n_samples,1000,svm,3,1000,0.05,0.05,0.6197834307272745,0.5172413793103449,1.0,0.6818181818181818,0.9533333333333334,271,0,14,15
n_samples_1000_seed_3_vqc_1,n_samples,1000,vqc_1,3,1000,0.05,0.05,0.10337580885101044,0.06896551724137931,0.025974025974025976,0.03773584905660377,0.66,196,75,27,2
n_samples_1000_seed_1_vqc_4,n_samples,1000,vqc_4,1,1000,0.05,0.05,0.11149122169249026,0.10714285714285714,0.061224489795918366,0.07792207792207792,0.7633333333333333,226,46,25,3
n_samples_1000_seed_1_vqc_3,n_samples,1000,vqc_3,1,1000,0.05,0.05,0.18216164967370693,0.14285714285714285,0.25,0.18181818181818182,0.88,260,12,24,4
n_samples_1000_seed_1_vqc_2,n_samples,1000,vqc_2,1,1000,0.05,0.05,0.14938306438942062,0.0,0.0,0.0,0.9066666666666666,272,0,28,0
n_samples_1000_seed_1_random_forest,n_samples,1000,random_forest,1,1000,0.05,0.05,0.5597124241685704,0.5,0.9333333333333333,0.6511627906976745,0.95,271,1,14,14
n_samples_1000_seed_1_svm,n_samples,1000,svm,1,1000,0.05,0.05,0.5875879127644977,0.4642857142857143,0.9285714285714286,0.6190476190476191,0.9466666666666667,271,1,15,13
n_samples_1000_seed_1_vqc_1,n_samples,1000,vqc_1,1,1000,0.05,0.05,0.09857444560005944,0.21428571428571427,0.08108108108108109,0.11764705882352941,0.7,204,68,22,6
n_samples_1000_seed_0_vqc_4,n_samples,1000,vqc_4,0,1000,0.05,0.05,0.163462014752755,0.2413793103448276,0.175,0.2028985507246377,0.8166666666666667,238,33,22,7
n_samples_1000_seed_0_vqc_3,n_samples,1000,vqc_3,0,1000,0.05,0.05,0.2881278406103868,0.1724137931034483,1.0,0.29411764705882354,0.92,271,0,24,5
n_samples_1000_seed_0_vqc_2,n_samples,1000,vqc_2,0,1000,0.05,0.05,0.12054064915688126,0.0,0.0,0.0,0.9033333333333333,271,0,29,0
n_samples_1000_seed_0_random_forest,n_samples,1000,random_forest,0,1000,0.05,0.05,0.5149073108157349,0.3448275862068966,1.0,0.5128205128205128,0.9366666666666666,271,0,19,10
n_samples_1000_seed_0_svm,n_samples,1000,svm,0,1000,0.05,0.05,0.49201527940375617,0.3448275862068966,0.9090909090909091,0.5,0.9333333333333333,270,1,19,10
n_samples_1000_seed_0_vqc_1,n_samples,1000,vqc_1,0,1000,0.05,0.05,0.11052404721207518,0.3448275862068966,0.10869565217391304,0.1652892561983471,0.6633333333333333,189,82,19,10
label_noise_0.05_seed_2_vqc_4,label_noise,0.05,vqc_4,2,1000,0.05,0.05,0.13860453132651118,0.17857142857142858,0.13513513513513514,0.15384615384615385,0.8166666666666667,240,32,23,5
label_noise_0.05_seed_2_vqc_3,label_noise,0.05,vqc_3,2,1000,0.05,0.05,0.5083563986303605,0.32142857142857145,0.9,0.47368421052631576,0.9333333333333333,271,1,19,9
label_noise_0.05_seed_2_vqc_2,label_noise,0.05,vqc_2,2,1000,0.05,0.05,0.16709797885121155,0.0,0.0,0.0,0.9066666666666666,272,0,28,0
label_noise_0.05_seed_2_random_forest,label_noise,0.05,random_forest,2,1000,0.05,0.05,0.7028405732579939,0.6428571428571429,0.9473684210526315,0.7659574468085106,0.9633333333333334,271,1,10,18
label_noise_0.05_seed_2_svm,label_noise,0.05,svm,2,1000,0.05,0.05,0.6706086932759994,0.5714285714285714,0.9411764705882353,0.7111111111111111,0.9566666666666667,271,1,12,16
label_noise_0.05_seed_2_vqc_1,label_noise,0.05,vqc_1,2,1000,0.05,0.05,0.09794640648844649,0.2857142857142857,0.1,0.14814814814814814,0.6933333333333334,200,72,20,8
label_noise_0.05_seed_4_vqc_4,label_noise,0.05,vqc_4,4,1000,0.05,0.05,0.1357438154600452,0.07142857142857142,0.0625,0.06666666666666667,0.8133333333333334,242,30,26,2
label_noise_0.05_seed_4_vqc_3,label_noise,0.05,vqc_3,4,1000,0.05,0.05,0.31137445784040246,0.07142857142857142,0.6666666666666666,0.12903225806451613,0.91,271,1,26,2
label_noise_0.05_seed_4_vqc_2,label_noise,0.05,vqc_2,4,1000,0.05,0.05,0.09677863606650863,0.0,0.0,0.0,0.9066666666666666,272,0,28,0
label_noise_0.05_seed_4_random_forest,label_noise,0.05,random_forest,4,1000,0.05,0.05,0.6095005840399277,0.4642857142857143,0.8125,0.5909090909090909,0.94,269,3,15,13
label_noise_0.05_seed_4_svm,label_noise,0.05,svm,4,1000,0.05,0.05,0.6007469445254806,0.42857142857142855,0.9230769230769231,0.5853658536585366,0.9433333333333334,271,1,16,12
label_noise_0.05_seed_4_vqc_1,label_noise,0.05,vqc_1,4,1000,0.05,0.05,0.08571463732323426,0.21428571428571427,0.06741573033707865,0.10256410256410256,0.65,189,83,22,6
label_noise_0.05_seed_3_vqc_4,label_noise,0.05,vqc_4,3,1000,0.05,0.05,0.16112914484381735,0.27586206896551724,0.16326530612244897,0.20512820512820512,0.7933333333333333,230,41,21,8
label_noise_0.05_seed_3_vqc_3,label_noise,0.05,vqc_3,3,1000,0.05,0.05,0.4587881335235784,0.3448275862068966,1.0,0.5128205128205128,0.9366666666666666,271,0,19,10
label_noise_0.05_seed_3_vqc_2,label_noise,0.05,vqc_2,3,1000,0.05,0.05,0.1170035243201013,0.0,0.0,0.0,0.9033333333333333,271,0,29,0
label_noise_0.05_seed_3_random_forest,label_noise,0.05,random_forest,3,1000,0.05,0.05,0.5980503605152072,0.4827586206896552,1.0,0.6511627906976745,0.95,271,0,15,14
label_noise_0.05_seed_3_svm,label_noise,0.05,svm,3,1000,0.05,0.05,0.6197834307272745,0.5172413793103449,1.0,0.6818181818181818,0.9533333333333334,271,0,14,15
label_noise_0.05_seed_3_vqc_1,label_noise,0.05,vqc_1,3,1000,0.05,0.05,0.08883316587939437,0.10344827586206896,0.03896103896103896,0.05660377358490566,0.6666666666666666,197,74,26,3
label_noise_0.05_seed_1_vqc_4,label_noise,0.05,vqc_4,1,1000,0.05,0.05,0.12128321482868615,0.25,0.1320754716981132,0.1728395061728395,0.7766666666666666,226,46,21,7
label_noise_0.05_seed_1_vqc_3,label_noise,0.05,vqc_3,1,1000,0.05,0.05,0.1841507239406016,0.14285714285714285,0.23529411764705882,0.17777777777777778,0.8766666666666667,259,13,24,4
label_noise_0.05_seed_1_vqc_2,label_noise,0.05,vqc_2,1,1000,0.05,0.05,0.1335623929638126,0.0,0.0,0.0,0.9066666666666666,272,0,28,0
label_noise_0.05_seed_1_random_forest,label_noise,0.05,random_forest,1,1000,0.05,0.05,0.5597124241685704,0.5,0.9333333333333333,0.6511627906976745,0.95,271,1,14,14
label_noise_0.05_seed_1_svm,label_noise,0.05,svm,1,1000,0.05,0.05,0.5875879127644977,0.4642857142857143,0.9285714285714286,0.6190476190476191,0.9466666666666667,271,1,15,13
label_noise_0.05_seed_1_vqc_1,label_noise,0.05,vqc_1,1,1000,0.05,0.05,0.10533848033182752,0.25,0.09722222222222222,0.14,0.7133333333333334,207,65,21,7
label_noise_0.05_seed_0_vqc_4,label_noise,0.05,vqc_4,0,1000,0.05,0.05,0.18145462759791273,0.2413793103448276,0.20588235294117646,0.2222222222222222,0.8366666666666667,244,27,22,7
label_noise_0.05_seed_0_vqc_3,label_noise,0.05,vqc_3,0,1000,0.05,0.05,0.28781124549681214,0.1724137931034483,1.0,0.29411764705882354,0.92,271,0,24,5
label_noise_0.05_seed_0_vqc_2,label_noise,0.05,vqc_2,0,1000,0.05,0.05,0.12771472299913164,0.0,0.0,0.0,0.9033333333333333,271,0,29,0
label_noise_0.05_seed_0_random_forest,label_noise,0.05,random_forest,0,1000,0.05,0.05,0.5149073108157349,0.3448275862068966,1.0,0.5128205128205128,0.9366666666666666,271,0,19,10
label_noise_0.05_seed_0_svm,label_noise,0.05,svm,0,1000,0.05,0.05,0.49201527940375617,0.3448275862068966,0.9090909090909091,0.5,0.9333333333333333,270,1,19,10
label_noise_0.05_seed_0_vqc_1,label_noise,0.05,vqc_1,0,1000,0.05,0.05,0.11175852316734977,0.3448275862068966,0.11494252873563218,0.1724137931034483,0.68,194,77,19,10
label_noise_0.0_seed_2_vqc_4,label_noise,0.0,vqc_4,2,1000,0.05,0.0,0.08548144780049396,0.13333333333333333,0.044444444444444446,0.06666666666666667,0.8133333333333334,242,43,13,2
label_noise_0.0_seed_2_vqc_3,label_noise,0.0,vqc_3,2,1000,0.05,0.0,0.688100300875633,0.6,1.0,0.75,0.98,285,0,6,9
label_noise_0.0_seed_2_vqc_2,label_noise,0.0,vqc_2,2,1000,0.05,0.0,0.16634721624417956,0.0,0.0,0.0,0.95,285,0,15,0
label_noise_0.0_seed_2_random_forest,label_noise,0.0,random_forest,2,1000,0.05,0.0,1.0,1.0,1.0,1.0,1.0,285,0,0,15
label_noise_0.0_seed_2_svm,label_noise,0.0,svm,2,1000,0.05,0.0,0.9921568627450981,0.9333333333333333,1.0,0.9655172413793104,0.9966666666666667,285,0,1,14
label_noise_0.0_seed_2_vqc_1,label_noise,0.0,vqc_1,2,1000,0.05,0.0,0.1172543170487311,0.5333333333333333,0.0851063829787234,0.14678899082568808,0.69,199,86,7,8
label_noise_0.0_seed_4_vqc_4,label_noise,0.0,vqc_4,4,1000,0.05,0.0,0.1108454276598288,0.3333333333333333,0.11904761904761904,0.17543859649122806,0.8433333333333334,248,37,10,5
label_noise_0.0_seed_4_vqc_3,label_noise,0.0,vqc_3,4,1000,0.05,0.0,0.5979754696842555,0.26666666666666666,1.0,0.42105263157894735,0.9633333333333334,285,0,11,4
label_noise_0.0_seed_4_vqc_2,label_noise,0.0,vqc_2,4,1000,0.05,0.0,0.058335505290674224,0.0,0.0,0.0,0.95,285,0,15,0
label_noise_0.0_seed_4_random_forest,label_noise,0.0,random_forest,4,1000,0.05,0.0,0.9958333333333333,0.8666666666666667,1.0,0.9285714285714286,0.9933333333333333,285,0,2,13
label_noise_0.0_seed_4_svm,label_noise,0.0,svm,4,1000,0.05,0.0,1.0,0.8666666666666667,1.0,0.9285714285714286,0.9933333333333333,285,0,2,13
label_noise_0.0_seed_4_vqc_1,label_noise,0.0,vqc_1,4,1000,0.05,0.0,0.03855613517150777,0.06666666666666667,0.012048192771084338,0.02040816326530612,0.68,203,82,14,1
label_noise_0.0_seed_3_vqc_4,label_noise,0.0,vqc_4,3,1000,0.05,0.0,0.08949119624322772,0.06666666666666667,0.022222222222222223,0.03333333333333333,0.8066666666666666,241,44,14,1
label_noise_0.0_seed_3_vqc_3,label_noise,0.0,vqc_3,3,1000,0.05,0.0,0.6561645928138763,0.2,1.0,0.3333333333333333,0.96,285,0,12,3
label_noise_0.0_seed_3_vqc_2,label_noise,0.0,vqc_2,3,1000,0.05,0.0,0.0891697927506226,0.0,0.0,0.0,0.95,285,0,15,0
label_noise_0.0_seed_3_random_forest,label_noise,0.0,random_forest,3,1000,0.05,0.0,1.0,1.0,1.0,1.0,1.0,285,0,0,15
label_noise_0.0_seed_3_svm,label_noise,0.0,svm,3,1000,0.05,0.0,1.0,1.0,1.0,1.0,1.0,285,0,0,15
label_noise_0.0_seed_3_vqc_1,label_noise,0.0,vqc_1,3,1000,0.05,0.0,0.06878166976675788,0.3333333333333333,0.07042253521126761,0.11627906976744186,0.7466666666666667,219,66,10,5
label_noise_0.0_seed_1_vqc_4,label_noise,0.0,vqc_4,1,1000,0.05,0.0,0.09986970369129769,0.13333333333333333,0.04878048780487805,0.07142857142857142,0.8266666666666667,246,39,13,2
label_noise_0.0_seed_1_vqc_3,label_noise,0.0,vqc_3,1,1000,0.05,0.0,0.09536755171305233,0.13333333333333333,0.08695652173913043,0.10526315789473684,0.8866666666666667,264,21,13,2
label_noise_0.0_seed_1_vqc_2,label_noise,0.0,vqc_2,1,1000,0.05,0.0,0.09255011937917124,0.0,0.0,0.0,0.95,285,0,15,0
label_noise_0.0_seed_1_random_forest,label_noise,0.0,random_forest,1,1000,0.05,0.0,1.0,1.0,1.0,1.0,1.0,285,0,0,15
label_noise_0.0_seed_1_svm,label_noise,0.0,svm,1,1000,0.05,0.0,1.0,1.0,1.0,1.0,1.0,285,0,0,15
label_noise_0.0_seed_1_vqc_1,label_noise,0.0,vqc_1,1,1000,0.05,0.0,0.04947935888510205,0.06666666666666667,0.014705882352941176,0.024096385542168676,0.73,218,67,14,1
label_noise_0.0_seed_0_vqc_4,label_noise,0.0,vqc_4,0,1000,0.05,0.0,0.05703434096929398,0.0,0.0,0.0,0.8633333333333333,259,26,15,0
label_noise_0.0_seed_0_vqc_3,label_noise,0.0,vqc_3,0,1000,0.05,0.0,0.6879931313483405,0.5333333333333333,1.0,0.6956521739130435,0.9766666666666667,285,0,7,8
label_noise_0.0_seed_0_vqc_2,label_noise,0.0,vqc_2,0,1000,0.05,0.0,0.15099421943269062,0.0,0.0,0.0,0.95,285,0,15,0
label_noise_0.0_seed_0_random_forest,label_noise,0.0,random_forest,0,1000,0.05,0.0,1.0,1.0,1.0,1.0,1.0,285,0,0,15
label_noise_0.0_seed_0_svm,label_noise,0.0,svm,0,1000,0.05,0.0,1.0,1.0,1.0,1.0,1.0,285,0,0,15
label_noise_0.0_seed_0_vqc_1,label_noise,0.0,vqc_1,0,1000,0.05,0.0,0.07027402278150663,0.4,0.06666666666666667,0.11428571428571428,0.69,201,84,9,6
label_noise_0.1_seed_2_vqc_4,label_noise,0.1,vqc_4,2,1000,0.05,0.1,0.12729286285321134,0.16666666666666666,0.12727272727272726,0.14432989690721648,0.7233333333333334,210,48,35,7
label_noise_0.1_seed_2_vqc_3,label_noise,0.1,vqc_3,2,1000,0.05,0.1,0.31319065396896495,0.11904761904761904,0.5,0.19230769230769232,0.86,253,5,37,5
label_noise_0.1_seed_2_vqc_2,label_noise,0.1,vqc_2,2,1000,0.05,0.1,0.2013643873634849,0.0,0.0,0.0,0.86,258,0,42,0
label_noise_0.1_seed_2_random_forest,label_noise,0.1,random_forest,2,1000,0.05,0.1,0.44678260670799697,0.30952380952380953,0.8666666666666667,0.45614035087719296,0.8966666666666666,256,2,29,13
label_noise_0.1_seed_2_svm,label_noise,0.1,svm,2,1000,0.05,0.1,0.4355720902815917,0.2857142857142857,0.8,0.42105263157894735,0.89,255,3,30,12
label_noise_0.1_seed_2_vqc_1,label_noise,0.1,vqc_1,2,1000,0.05,0.1,0.16318011777983887,0.38095238095238093,0.1702127659574468,0.23529411764705882,0.6533333333333333,180,78,26,16
label_noise_0.1_seed_4_vqc_4,label_noise,0.1,vqc_4,4,1000,0.05,0.1,0.18177306341299135,0.27906976744186046,0.21428571428571427,0.24242424242424243,0.75,213,44,31,12
label_noise_0.1_seed_4_vqc_3,label_noise,0.1,vqc_3,4,1000,0.05,0.1,0.2742352024352071,0.023255813953488372,0.5,0.044444444444444446,0.8566666666666667,256,1,42,1
label_noise_0.1_seed_4_vqc_2,label_noise,0.1,vqc_2,4,1000,0.05,0.1,0.1319867703737452,0.0,0.0,0.0,0.8566666666666667,257,0,43,0
label_noise_0.1_seed_4_random_forest,label_noise,0.1,random_forest,4,1000,0.05,0.1,0.30728162277106363,0.20930232558139536,0.6428571428571429,0.3157894736842105,0.87,252,5,34,9
label_noise_0.1_seed_4_svm,label_noise,0.1,svm,4,1000,0.05,0.1,0.36842622923338575,0.20930232558139536,0.75,0.32727272727272727,0.8766666666666667,254,3,34,9
label_noise_0.1_seed_4_vqc_1,label_noise,0.1,vqc_1,4,1000,0.05,0.1,0.1258682303648375,0.2558139534883721,0.12222222222222222,0.16541353383458646,0.63,178,79,32,11
label_noise_0.1_seed_3_vqc_4,label_noise,0.1,vqc_4,3,1000,0.05,0.1,0.1442476887070856,0.11363636363636363,0.11627906976744186,0.11494252873563218,0.7433333333333333,218,38,39,5
label_noise_0.1_seed_3_vqc_3,label_noise,0.1,vqc_3,3,1000,0.05,0.1,0.32990833951022625,0.11363636363636363,0.8333333333333334,0.2,0.8666666666666667,255,1,39,5
label_noise_0.1_seed_3_vqc_2,label_noise,0.1,vqc_2,3,1000,0.05,0.1,0.19172733925982838,0.0,0.0,0.0,0.8533333333333334,256,0,44,0
label_noise_0.1_seed_3_random_forest,label_noise,0.1,random_forest,3,1000,0.05,0.1,0.5054535427728628,0.3409090909090909,0.8333333333333334,0.4838709677419355,0.8933333333333333,253,3,29,15
label_noise_0.1_seed_3_svm,label_noise,0.1,svm,3,1000,0.05,0.1,0.5162793070517044,0.3409090909090909,0.9375,0.5,0.9,255,1,29,15
label_noise_0.1_seed_3_vqc_1,label_noise,0.1,vqc_1,3,1000,0.05,0.1,0.11037728830326447,0.1590909090909091,0.07,0.09722222222222222,0.5666666666666667,163,93,37,7
label_noise_0.1_seed_1_vqc_4,label_noise,0.1,vqc_4,1,1000,0.05,0.1,0.13906177936433275,0.13953488372093023,0.13333333333333333,0.13636363636363635,0.7466666666666667,218,39,37,6
label_noise_0.1_seed_1_vqc_3,label_noise,0.1,vqc_3,1,1000,0.05,0.1,0.1659354631703999,0.023255813953488372,0.08333333333333333,0.03636363636363636,0.8233333333333334,246,11,42,1
label_noise_0.1_seed_1_vqc_2,label_noise,0.1,vqc_2,1,1000,0.05,0.1,0.1652787121365354,0.0,0.0,0.0,0.8566666666666667,257,0,43,0
label_noise_0.1_seed_1_random_forest,label_noise,0.1,random_forest,1,1000,0.05,0.1,0.3953287617599787,0.27906976744186046,0.9230769230769231,0.42857142857142855,0.8933333333333333,256,1,31,12
label_noise_0.1_seed_1_svm,label_noise,0.1,svm,1,1000,0.05,0.1,0.4400203233341231,0.2558139534883721,0.9166666666666666,0.4,0.89,256,1,32,11
label_noise_0.1_seed_1_vqc_1,label_noise,0.1,vqc_1,1,1000,0.05,0.1,0.19883886108454812,0.32558139534883723,0.19444444444444445,0.24347826086956523,0.71,199,58,29,14
label_noise_0.1_seed_0_vqc_4,label_noise,0.1,vqc_4,0,1000,0.05,0.1,0.22301070998619726,0.16279069767441862,0.16279069767441862,0.16279069767441862,0.76,221,36,36,7
label_noise_0.1_seed_0_vqc_3,label_noise,0.1,vqc_3,0,1000,0.05,0.1,0.45367968748256,0.16279069767441862,1.0,0.28,0.88,257,0,36,7
label_noise_0.1_seed_0_vqc_2,label_noise,0.1,vqc_2,0,1000,0.05,0.1,0.22287362135716615,0.0,0.0,0.0,0.8566666666666667,257,0,43,0
label_noise_0.1_seed_0_random_forest,label_noise,0.1,random_forest,0,1000,0.05,0.1,0.49383692599654594,0.32558139534883723,0.8235294117647058,0.4666666666666667,0.8933333333333333,254,3,29,14
label_noise_0.1_seed_0_svm,label_noise,0.1,svm,0,1000,0.05,0.1,0.538697688085396,0.3023255813953488,1.0,0.4642857142857143,0.9,257,0,30,13
label_noise_0.1_seed_0_vqc_1,label_noise,0.1,vqc_1,0,1000,0.05,0.1,0.12502252897933747,0.20930232558139536,0.10344827586206896,0.13846153846153847,0.6266666666666667,179,78,34,9
anomaly_ratio_0.01_seed_2_vqc_4,anomaly_ratio,0.01,vqc_4,2,1000,0.01,0.05,0.047199293853588606,0.058823529411764705,0.017543859649122806,0.02702702702702703,0.76,227,56,16,1
anomaly_ratio_0.01_seed_2_vqc_3,anomaly_ratio,0.01,vqc_3,2,1000,0.01,0.05,0.05494057068697525,0.0,0.0,0.0,0.9,270,13,17,0
anomaly_ratio_0.01_seed_2_vqc_2,anomaly_ratio,0.01,vqc_2,2,1000,0.01,0.05,0.07796689444199553,0.0,0.0,0.0,0.9433333333333334,283,0,17,0
anomaly_ratio_0.01_seed_2_random_forest,anomaly_ratio,0.01,random_forest,2,1000,0.01,0.05,0.16217705357769918,0.058823529411764705,1.0,0.1111111111111111,0.9466666666666667,283,0,16,1
anomaly_ratio_0.01_seed_2_svm,anomaly_ratio,0.01,svm,2,1000,0.01,0.05,0.319156864028054,0.0,0.0,0.0,0.9433333333333334,283,0,17,0
anomaly_ratio_0.01_seed_2_vqc_1,anomaly_ratio,0.01,vqc_1,2,1000,0.01,0.05,0.12063348773333779,0.29411764705882354,0.06493506493506493,0.10638297872340426,0.72,211,72,12,5
anomaly_ratio_0.01_seed_4_vqc_4,anomaly_ratio,0.01,vqc_4,4,1000,0.01,0.05,0.045423197505071254,0.0,0.0,0.0,0.7533333333333333,226,56,18,0
anomaly_ratio_0.01_seed_4_vqc_3,anomaly_ratio,0.01,vqc_3,4,1000,0.01,0.05,0.08416520326409965,0.05555555555555555,0.1,0.07142857142857142,0.9133333333333333,273,9,17,1
anomaly_ratio_0.01_seed_4_vqc_2,anomaly_ratio,0.01,vqc_2,4,1000,0.01,0.05,0.06348427126463642,0.0,0.0,0.0,0.94,282,0,18,0
anomaly_ratio_0.01_seed_4_random_forest,anomaly_ratio,0.01,random_forest,4,1000,0.01,0.05,0.18213962985223534,0.1111111111111111,0.3333333333333333,0.16666666666666666,0.9333333333333333,278,4,16,2
anomaly_ratio_0.01_seed_4_svm,anomaly_ratio,0.01,svm,4,1000,0.01,0.05,0.1335557248792047,0.05555555555555555,0.5,0.1,0.94,281,1,17,1
anomaly_ratio_0.01_seed_4_vqc_1,anomaly_ratio,0.01,vqc_1,4,1000,0.01,0.05,0.04774482419858402,0.1111111111111111,0.017857142857142856,0.03076923076923077,0.58,172,110,16,2
anomaly_ratio_0.01_seed_3_vqc_4,anomaly_ratio,0.01,vqc_4,3,1000,0.01,0.05,0.051817497066138,0.11764705882352941,0.045454545454545456,0.06557377049180328,0.81,241,42,15,2
anomaly_ratio_0.01_seed_3_vqc_3,anomaly_ratio,0.01,vqc_3,3,1000,0.01,0.05,0.10288574805876258,0.0,0.0,0.0,0.9366666666666666,281,2,17,0
anomaly_ratio_0.01_seed_3_vqc_2,anomaly_ratio,0.01,vqc_2,3,1000,0.01,0.05,0.056658453353417,0.0,0.0,0.0,0.9433333333333334,283,0,17,0
anomaly_ratio_0.01_seed_3_random_forest,anomaly_ratio,0.01,random_forest,3,1000,0.01,0.05,0.2744391818693545,0.17647058823529413,1.0,0.3,0.9533333333333334,283,0,14,3
anomaly_ratio_0.01_seed_3_svm,anomaly_ratio,0.01,svm,3,1000,0.01,0.05,0.3212213049219486,0.058823529411764705,1.0,0.1111111111111111,0.9466666666666667,283,0,16,1
anomaly_ratio_0.01_seed_3_vqc_1,anomaly_ratio,0.01,vqc_1,3,1000,0.01,0.05,0.05695889589117344,0.29411764705882354,0.04716981132075472,0.08130081300813008,0.6233333333333333,182,101,12,5
anomaly_ratio_0.01_seed_1_vqc_4,anomaly_ratio,0.01,vqc_4,1,1000,0.01,0.05,0.0797108951705027,0.16666666666666666,0.05660377358490566,0.08450704225352113,0.7833333333333333,232,50,15,3
anomaly_ratio_0.01_seed_1_vqc_3,anomaly_ratio,0.01,vqc_3,1,1000,0.01,0.05,0.06464203528350299,0.0,0.0,0.0,0.8866666666666667,266,16,18,0
anomaly_ratio_0.01_seed_1_vqc_2,anomaly_ratio,0.01,vqc_2,1,1000,0.01,0.05,0.047417365532260454,0.0,0.0,0.0,0.94,282,0,18,0
anomaly_ratio_0.01_seed_1_random_forest,anomaly_ratio,0.01,random_forest,1,1000,0.01,0.05,0.18301871093465463,0.05555555555555555,1.0,0.10526315789473684,0.9433333333333334,282,0,17,1
anomaly_ratio_0.01_seed_1_svm,anomaly_ratio,0.01,svm,1,1000,0.01,0.05,0.15054085291019365,0.0,0.0,0.0,0.94,282,0,18,0
anomaly_ratio_0.01_seed_1_vqc_1,anomaly_ratio,0.01,vqc_1,1,1000,0.01,0.05,0.05388118042438032,0.1111111111111111,0.028985507246376812,0.04597701149425287,0.7233333333333334,215,67,16,2
anomaly_ratio_0.01_seed_0_vqc_4,anomaly_ratio,0.01,vqc_4,0,1000,0.01,0.05,0.0619055474658091,0.2222222222222222,0.07142857142857142,0.10810810810810811,0.78,230,52,14,4
anomaly_ratio_0.01_seed_0_vqc_3,anomaly_ratio,0.01,vqc_3,0,1000,0.01,0.05,0.07495198128750613,0.0,0.0,0.0,0.9233333333333333,277,5,18,0
anomaly_ratio_0.01_seed_0_vqc_2,anomaly_ratio,0.01,vqc_2,0,1000,0.01,0.05,0.06171555719241349,0.0,0.0,0.0,0.94,282,0,18,0
anomaly_ratio_0.01_seed_0_random_forest,anomaly_ratio,0.01,random_forest,0,1000,0.01,0.05,0.264831934250234,0.16666666666666666,0.6,0.2608695652173913,0.9433333333333334,280,2,15,3
anomaly_ratio_0.01_seed_0_svm,anomaly_ratio,0.01,svm,0,1000,0.01,0.05,0.28957293518024757,0.05555555555555555,1.0,0.10526315789473684,0.9433333333333334,282,0,17,1
anomaly_ratio_0.01_seed_0_vqc_1,anomaly_ratio,0.01,vqc_1,0,1000,0.01,0.05,0.061218595758866866,0.3333333333333333,0.06818181818181818,0.11320754716981132,0.6866666666666666,200,82,12,6
anomaly_ratio_0.02_seed_2_vqc_4,anomaly_ratio,0.02,vqc_4,2,1000,0.02,0.05,0.05947089685287812,0.15,0.05263157894736842,0.07792207792207792,0.7633333333333333,226,54,17,3
anomaly_ratio_0.02_seed_2_vqc_3,anomaly_ratio,0.02,vqc_3,2,1000,0.02,0.05,0.11355663521837585,0.05,1.0,0.09523809523809523,0.9366666666666666,280,0,19,1
anomaly_ratio_0.02_seed_2_vqc_2,anomaly_ratio,0.02,vqc_2,2,1000,0.02,0.05,0.07576220375977873,0.0,0.0,0.0,0.9333333333333333,280,0,20,0
anomaly_ratio_0.02_seed_2_random_forest,anomaly_ratio,0.02,random_forest,2,1000,0.02,0.05,0.24337022866720187,0.1,1.0,0.18181818181818182,0.94,280,0,18,2
anomaly_ratio_0.02_seed_2_svm,anomaly_ratio,0.02,svm,2,1000,0.02,0.05,0.20341396256317967,0.05,1.0,0.09523809523809523,0.9366666666666666,280,0,19,1
anomaly_ratio_0.02_seed_2_vqc_1,anomaly_ratio,0.02,vqc_1,2,1000,0.02,0.05,0.05547117565309881,0.2,0.04040404040404041,0.06722689075630252,0.63,185,95,16,4
anomaly_ratio_0.02_seed_4_vqc_4,anomaly_ratio,0.02,vqc_4,4,1000,0.02,0.05,0.12798872747544082,0.15,0.057692307692307696,0.08333333333333333,0.78,231,49,17,3
anomaly_ratio_0.02_seed_4_vqc_3,anomaly_ratio,0.02,vqc_3,4,1000,0.02,0.05,0.1194219150586044,0.1,0.18181818181818182,0.12903225806451613,0.91,271,9,18,2
anomaly_ratio_0.02_seed_4_vqc_2,anomaly_ratio,0.02,vqc_2,4,1000,0.02,0.05,0.07301636608853732,0.0,0.0,0.0,0.9333333333333333,280,0,20,0
anomaly_ratio_0.02_seed_4_random_forest,anomaly_ratio,0.02,random_forest,4,1000,0.02,0.05,0.35180553951474053,0.35,0.875,0.5,0.9533333333333334,279,1,13,7
anomaly_ratio_0.02_seed_4_svm,anomaly_ratio,0.02,svm,4,1000,0.02,0.05,0.42663980021522707,0.15,1.0,0.2608695652173913,0.9433333333333334,280,0,17,3
anomaly_ratio_0.02_seed_4_vqc_1,anomaly_ratio,0.02,vqc_1,4,1000,0.02,0.05,0.056941884734979326,0.25,0.05434782608695652,0.08928571428571429,0.66,193,87,15,5
anomaly_ratio_0.02_seed_3_vqc_4,anomaly_ratio,0.02,vqc_4,3,1000,0.02,0.05,0.07295440472309489,0.15,0.04838709677419355,0.07317073170731707,0.7466666666666667,221,59,17,3
anomaly_ratio_0.02_seed_3_vqc_3,anomaly_ratio,0.02,vqc_3,3,1000,0.02,0.05,0.18309781703496875,0.05,0.5,0.09090909090909091,0.9333333333333333,279,1,19,1
anomaly_ratio_0.02_seed_3_vqc_2,anomaly_ratio,0.02,vqc_2,3,1000,0.02,0.05,0.06329448154416904,0.0,0.0,0.0,0.9333333333333333,280,0,20,0
anomaly_ratio_0.02_seed_3_random_forest,anomaly_ratio,0.02,random_forest,3,1000,0.02,0.05,0.4159329229556744,0.35,0.7777777777777778,0.4827586206896552,0.95,278,2,13,7
anomaly_ratio_0.02_seed_3_svm,anomaly_ratio,0.02,svm,3,1000,0.02,0.05,0.40177193159931157,0.3,0.8571428571428571,0.4444444444444444,0.95,279,1,14,6
anomaly_ratio_0.02_seed_3_vqc_1,anomaly_ratio,0.02,vqc_1,3,1000,0.02,0.05,0.07630276978165301,0.3,0.0625,0.10344827586206896,0.6533333333333333,190,90,14,6
anomaly_ratio_0.02_seed_1_vqc_4,anomaly_ratio,0.02,vqc_4,1,1000,0.02,0.05,0.05690444289817698,0.1,0.04081632653061224,0.057971014492753624,0.7833333333333333,233,47,18,2
anomaly_ratio_0.02_seed_1_vqc_3,anomaly_ratio,0.02,vqc_3,1,1000,0.02,0.05,0.10190076899235068,0.05,0.07142857142857142,0.058823529411764705,0.8933333333333333,267,13,19,1
anomaly_ratio_0.02_seed_1_vqc_2,anomaly_ratio,0.02,vqc_2,1,1000,0.02,0.05,0.05009879363096968,0.0,0.0,0.0,0.9333333333333333,280,0,20,0
anomaly_ratio_0.02_seed_1_random_forest,anomaly_ratio,0.02,random_forest,1,1000,0.02,0.05,0.42464917027417026,0.35,1.0,0.5185185185185185,0.9566666666666667,280,0,13,7
anomaly_ratio_0.02_seed_1_svm,anomaly_ratio,0.02,svm,1,1000,0.02,0.05,0.4385758895912655,0.3,1.0,0.46153846153846156,0.9533333333333334,280,0,14,6
anomaly_ratio_0.02_seed_1_vqc_1,anomaly_ratio,0.02,vqc_1,1,1000,0.02,0.05,0.07984988303686771,0.2,0.056338028169014086,0.08791208791208792,0.7233333333333334,213,67,16,4
anomaly_ratio_0.02_seed_0_vqc_4,anomaly_ratio,0.02,vqc_4,0,1000,0.02,0.05,0.07943458191297903,0.25,0.1,0.14285714285714285,0.8,235,45,15,5
anomaly_ratio_0.02_seed_0_vqc_3,anomaly_ratio,0.02,vqc_3,0,1000,0.02,0.05,0.1474951077942772,0.05,0.5,0.09090909090909091,0.9333333333333333,279,1,19,1
anomaly_ratio_0.02_seed_0_vqc_2,anomaly_ratio,0.02,vqc_2,0,1000,0.02,0.05,0.09776844534550809,0.0,0.0,0.0,0.9333333333333333,280,0,20,0
anomaly_ratio_0.02_seed_0_random_forest,anomaly_ratio,0.02,random_forest,0,1000,0.02,0.05,0.20403403281556737,0.1,1.0,0.18181818181818182,0.94,280,0,18,2
anomaly_ratio_0.02_seed_0_svm,anomaly_ratio,0.02,svm,0,1000,0.02,0.05,0.2326389771426354,0.1,1.0,0.18181818181818182,0.94,280,0,18,2
anomaly_ratio_0.02_seed_0_vqc_1,anomaly_ratio,0.02,vqc_1,0,1000,0.02,0.05,0.0754823913970751,0.4,0.07142857142857142,0.12121212121212122,0.6133333333333333,176,104,12,8
anomaly_ratio_0.05_seed_2_vqc_4,anomaly_ratio,0.05,vqc_4,2,1000,0.05,0.05,0.14296784003396565,0.17857142857142858,0.14705882352941177,0.16129032258064516,0.8266666666666667,243,29,23,5
anomaly_ratio_0.05_seed_2_vqc_3,anomaly_ratio,0.05,vqc_3,2,1000,0.05,0.05,0.5090683348495262,0.32142857142857145,0.9,0.47368421052631576,0.9333333333333333,271,1,19,9
anomaly_ratio_0.05_seed_2_vqc_2,anomaly_ratio,0.05,vqc_2,2,1000,0.05,0.05,0.1392998885365438,0.0,0.0,0.0,0.9066666666666666,272,0,28,0
anomaly_ratio_0.05_seed_2_random_forest,anomaly_ratio,0.05,random_forest,2,1000,0.05,0.05,0.7028405732579939,0.6428571428571429,0.9473684210526315,0.7659574468085106,0.9633333333333334,271,1,10,18
anomaly_ratio_0.05_seed_2_svm,anomaly_ratio,0.05,svm,2,1000,0.05,0.05,0.6706086932759994,0.5714285714285714,0.9411764705882353,0.7111111111111111,0.9566666666666667,271,1,12,16
anomaly_ratio_0.05_seed_2_vqc_1,anomaly_ratio,0.05,vqc_1,2,1000,0.05,0.05,0.10352199315975627,0.25,0.09090909090909091,0.13333333333333333,0.6966666666666667,202,70,21,7
anomaly_ratio_0.05_seed_4_vqc_4,anomaly_ratio,0.05,vqc_4,4,1000,0.05,0.05,0.13542995619725756,0.17857142857142858,0.13157894736842105,0.15151515151515152,0.8133333333333334,239,33,23,5
anomaly_ratio_0.05_seed_4_vqc_3,anomaly_ratio,0.05,vqc_3,4,1000,0.05,0.05,0.3061626694445276,0.07142857142857142,0.6666666666666666,0.12903225806451613,0.91,271,1,26,2
anomaly_ratio_0.05_seed_4_vqc_2,anomaly_ratio,0.05,vqc_2,4,1000,0.05,0.05,0.09782315644834283,0.0,0.0,0.0,0.9066666666666666,272,0,28,0
anomaly_ratio_0.05_seed_4_random_forest,anomaly_ratio,0.05,random_forest,4,1000,0.05,0.05,0.6095005840399277,0.4642857142857143,0.8125,0.5909090909090909,0.94,269,3,15,13
anomaly_ratio_0.05_seed_4_svm,anomaly_ratio,0.05,svm,4,1000,0.05,0.05,0.6007469445254806,0.42857142857142855,0.9230769230769231,0.5853658536585366,0.9433333333333334,271,1,16,12
anomaly_ratio_0.05_seed_4_vqc_1,anomaly_ratio,0.05,vqc_1,4,1000,0.05,0.05,0.07549371132321248,0.21428571428571427,0.07058823529411765,0.10619469026548672,0.6633333333333333,193,79,22,6
anomaly_ratio_0.05_seed_3_vqc_4,anomaly_ratio,0.05,vqc_4,3,1000,0.05,0.05,0.20445410456313978,0.3103448275862069,0.17647058823529413,0.225,0.7933333333333333,229,42,20,9
anomaly_ratio_0.05_seed_3_vqc_3,anomaly_ratio,0.05,vqc_3,3,1000,0.05,0.05,0.45464713200850804,0.3448275862068966,1.0,0.5128205128205128,0.9366666666666666,271,0,19,10
anomaly_ratio_0.05_seed_3_vqc_2,anomaly_ratio,0.05,vqc_2,3,1000,0.05,0.05,0.2020239194916295,0.0,0.0,0.0,0.9033333333333333,271,0,29,0
anomaly_ratio_0.05_seed_3_random_forest,anomaly_ratio,0.05,random_forest,3,1000,0.05,0.05,0.5980503605152072,0.4827586206896552,1.0,0.6511627906976745,0.95,271,0,15,14
anomaly_ratio_0.05_seed_3_svm,anomaly_ratio,0.05,svm,3,1000,0.05,0.05,0.6197834307272745,0.5172413793103449,1.0,0.6818181818181818,0.9533333333333334,271,0,14,15
anomaly_ratio_0.05_seed_3_vqc_1,anomaly_ratio,0.05,vqc_1,3,1000,0.05,0.05,0.09154577317681589,0.06896551724137931,0.028169014084507043,0.04,0.68,202,69,27,2
anomaly_ratio_0.05_seed_1_vqc_4,anomaly_ratio,0.05,vqc_4,1,1000,0.05,0.05,0.09703736792596743,0.07142857142857142,0.0425531914893617,0.05333333333333334,0.7633333333333333,227,45,26,2
anomaly_ratio_0.05_seed_1_vqc_3,anomaly_ratio,0.05,vqc_3,1,1000,0.05,0.05,0.18211877135832888,0.14285714285714285,0.25,0.18181818181818182,0.88,260,12,24,4
anomaly_ratio_0.05_seed_1_vqc_2,anomaly_ratio,0.05,vqc_2,1,1000,0.05,0.05,0.14546643124206923,0.0,0.0,0.0,0.9066666666666666,272,0,28,0
anomaly_ratio_0.05_seed_1_random_forest,anomaly_ratio,0.05,random_forest,1,1000,0.05,0.05,0.5597124241685704,0.5,0.9333333333333333,0.6511627906976745,0.95,271,1,14,14
anomaly_ratio_0.05_seed_1_svm,anomaly_ratio,0.05,svm,1,1000,0.05,0.05,0.5875879127644977,0.4642857142857143,0.9285714285714286,0.6190476190476191,0.9466666666666667,271,1,15,13
anomaly_ratio_0.05_seed_1_vqc_1,anomaly_ratio,0.05,vqc_1,1,1000,0.05,0.05,0.09572778086031794,0.21428571428571427,0.0821917808219178,0.1188118811881188,0.7033333333333334,205,67,22,6
anomaly_ratio_0.05_seed_0_vqc_4,anomaly_ratio,0.05,vqc_4,0,1000,0.05,0.05,0.12584114175414446,0.20689655172413793,0.1935483870967742,0.2,0.84,246,25,23,6
anomaly_ratio_0.05_seed_0_vqc_3,anomaly_ratio,0.05,vqc_3,0,1000,0.05,0.05,0.2895532245730883,0.1724137931034483,1.0,0.29411764705882354,0.92,271,0,24,5
anomaly_ratio_0.05_seed_0_vqc_2,anomaly_ratio,0.05,vqc_2,0,1000,0.05,0.05,0.12129683464734492,0.0,0.0,0.0,0.9033333333333333,271,0,29,0
anomaly_ratio_0.05_seed_0_random_forest,anomaly_ratio,0.05,random_forest,0,1000,0.05,0.05,0.5149073108157349,0.3448275862068966,1.0,0.5128205128205128,0.9366666666666666,271,0,19,10
anomaly_ratio_0.05_seed_0_svm,anomaly_ratio,0.05,svm,0,1000,0.05,0.05,0.49201527940375617,0.3448275862068966,0.9090909090909091,0.5,0.9333333333333333,270,1,19,10
anomaly_ratio_0.05_seed_0_vqc_1,anomaly_ratio,0.05,vqc_1,0,1000,0.05,0.05,0.11129294231088452,0.3448275862068966,0.10869565217391304,0.1652892561983471,0.6633333333333333,189,82,19,10
anomaly_ratio_0.1_seed_2_vqc_4,anomaly_ratio,0.1,vqc_4,2,1000,0.1,0.05,0.15424748377015124,0.16279069767441862,0.15217391304347827,0.15730337078651685,0.75,218,39,36,7
anomaly_ratio_0.1_seed_2_vqc_3,anomaly_ratio,0.1,vqc_3,2,1000,0.1,0.05,0.7053355782042341,0.3953488372093023,0.9444444444444444,0.5573770491803278,0.91,256,1,26,17
anomaly_ratio_0.1_seed_2_vqc_2,anomaly_ratio,0.1,vqc_2,2,1000,0.1,0.05,0.3093231864648615,0.0,0.0,0.0,0.8566666666666667,257,0,43,0
anomaly_ratio_0.1_seed_2_random_forest,anomaly_ratio,0.1,random_forest,2,1000,0.1,0.05,0.8263549123351566,0.7906976744186046,0.9714285714285714,0.8717948717948718,0.9666666666666667,256,1,9,34
anomaly_ratio_0.1_seed_2_svm,anomaly_ratio,0.1,svm,2,1000,0.1,0.05,0.8560648304591888,0.7441860465116279,0.9696969696969697,0.8421052631578947,0.96,256,1,11,32
anomaly_ratio_0.1_seed_2_vqc_1,anomaly_ratio,0.1,vqc_1,2,1000,0.1,0.05,0.14171747427841505,0.32558139534883723,0.14432989690721648,0.2,0.6266666666666667,174,83,29,14
anomaly_ratio_0.1_seed_4_vqc_4,anomaly_ratio,0.1,vqc_4,4,1000,0.1,0.05,0.15430230236990633,0.12195121951219512,0.11627906976744186,0.11904761904761904,0.7533333333333333,221,38,36,5
anomaly_ratio_0.1_seed_4_vqc_3,anomaly_ratio,0.1,vqc_3,4,1000,0.1,0.05,0.5040953073375354,0.21951219512195122,0.9,0.35294117647058826,0.89,258,1,32,9
anomaly_ratio_0.1_seed_4_vqc_2,anomaly_ratio,0.1,vqc_2,4,1000,0.1,0.05,0.15897738469499464,0.0,0.0,0.0,0.8633333333333333,259,0,41,0
anomaly_ratio_0.1_seed_4_random_forest,anomaly_ratio,0.1,random_forest,4,1000,0.1,0.05,0.6871093113620094,0.6097560975609756,0.8928571428571429,0.7246376811594203,0.9366666666666666,256,3,16,25
anomaly_ratio_0.1_seed_4_svm,anomaly_ratio,0.1,svm,4,1000,0.1,0.05,0.6743404086615219,0.5609756097560976,0.8846153846153846,0.6865671641791045,0.93,256,3,18,23
anomaly_ratio_0.1_seed_4_vqc_1,anomaly_ratio,0.1,vqc_1,4,1000,0.1,0.05,0.15838221622002768,0.4878048780487805,0.18181818181818182,0.26490066225165565,0.63,169,90,21,20
anomaly_ratio_0.1_seed_3_vqc_4,anomaly_ratio,0.1,vqc_4,3,1000,0.1,0.05,0.14688101721222435,0.09523809523809523,0.09302325581395349,0.09411764705882353,0.7433333333333333,219,39,38,4
anomaly_ratio_0.1_seed_3_vqc_3,anomaly_ratio,0.1,vqc_3,3,1000,0.1,0.05,0.4308261567479737,0.16666666666666666,1.0,0.2857142857142857,0.8833333333333333,258,0,35,7
anomaly_ratio_0.1_seed_3_vqc_2,anomaly_ratio,0.1,vqc_2,3,1000,0.1,0.05,0.20068712155070334,0.0,0.0,0.0,0.86,258,0,42,0
anomaly_ratio_0.1_seed_3_random_forest,anomaly_ratio,0.1,random_forest,3,1000,0.1,0.05,0.6686438286749596,0.5714285714285714,0.96,0.7164179104477612,0.9366666666666666,257,1,18,24
anomaly_ratio_0.1_seed_3_svm,anomaly_ratio,0.1,svm,3,1000,0.1,0.05,0.7126678780672798,0.5714285714285714,1.0,0.7272727272727273,0.94,258,0,18,24
anomaly_ratio_0.1_seed_3_vqc_1,anomaly_ratio,0.1,vqc_1,3,1000,0.1,0.05,0.13743093542177265,0.2619047619047619,0.12359550561797752,0.16793893129770993,0.6366666666666667,180,78,31,11
anomaly_ratio_0.1_seed_1_vqc_4,anomaly_ratio,0.1,vqc_4,1,1000,0.1,0.05,0.16308774622620434,0.14285714285714285,0.13043478260869565,0.13636363636363635,0.7466666666666667,218,40,36,6
anomaly_ratio_0.1_seed_1_vqc_3,anomaly_ratio,0.1,vqc_3,1,1000,0.1,0.05,0.14664490733872115,0.0,0.0,0.0,0.83,249,9,42,0
anomaly_ratio_0.1_seed_1_vqc_2,anomaly_ratio,0.1,vqc_2,1,1000,0.1,0.05,0.22806481263193426,0.0,0.0,0.0,0.86,258,0,42,0
anomaly_ratio_0.1_seed_1_random_forest,anomaly_ratio,0.1,random_forest,1,1000,0.1,0.05,0.7415746834475696,0.6666666666666666,0.9333333333333333,0.7777777777777778,0.9466666666666667,256,2,14,28
anomaly_ratio_0.1_seed_1_svm,anomaly_ratio,0.1,svm,1,1000,0.1,0.05,0.7059669996240319,0.6666666666666666,0.9032258064516129,0.7671232876712328,0.9433333333333334,255,3,14,28
anomaly_ratio_0.1_seed_1_vqc_1,anomaly_ratio,0.1,vqc_1,1,1000,0.1,0.05,0.17502688364869298,0.21428571428571427,0.12,0.15384615384615385,0.67,192,66,33,9
anomaly_ratio_0.1_seed_0_vqc_4,anomaly_ratio,0.1,vqc_4,0,1000,0.1,0.05,0.15819959173555048,0.1590909090909091,0.17073170731707318,0.16470588235294117,0.7633333333333333,222,34,37,7
anomaly_ratio_0.1_seed_0_vqc_3,anomaly_ratio,0.1,vqc_3,0,1000,0.1,0.05,0.38624757833293827,0.1590909090909091,0.7777777777777778,0.2641509433962264,0.87,254,2,37,7
anomaly_ratio_0.1_seed_0_vqc_2,anomaly_ratio,0.1,vqc_2,0,1000,0.1,0.05,0.2763510841482397,0.0,0.0,0.0,0.8533333333333334,256,0,44,0
anomaly_ratio_0.1_seed_0_random_forest,anomaly_ratio,0.1,random_forest,0,1000,0.1,0.05,0.6799419283236983,0.5909090909090909,0.9629629629629629,0.7323943661971831,0.9366666666666666,255,1,18,26
anomaly_ratio_0.1_seed_0_svm,anomaly_ratio,0.1,svm,0,1000,0.1,0.05,0.6606867321368445,0.5909090909090909,0.9629629629629629,0.7323943661971831,0.9366666666666666,255,1,18,26
anomaly_ratio_0.1_seed_0_vqc_1,anomaly_ratio,0.1,vqc_1,0,1000,0.1,0.05,0.17302124168122107,0.2727272727272727,0.19047619047619047,0.22429906542056074,0.7233333333333334,205,51,32,12
n_samples_300_seed_2_vqc_4,n_samples,300,vqc_4,2,300,0.05,0.05,0.11708590856849682,0.375,0.17647058823529413,0.24,0.7888888888888889,68,14,5,3
n_samples_300_seed_2_vqc_3,n_samples,300,vqc_3,2,300,0.05,0.05,0.4928083773605673,0.375,1.0,0.5454545454545454,0.9444444444444444,82,0,5,3
n_samples_300_seed_2_vqc_2,n_samples,300,vqc_2,2,300,0.05,0.05,0.2699385189009397,0.0,0.0,0.0,0.9111111111111111,82,0,8,0
n_samples_300_seed_2_random_forest,n_samples,300,random_forest,2,300,0.05,0.05,0.32682748538011697,0.5,0.5714285714285714,0.5333333333333333,0.9222222222222223,79,3,4,4
n_samples_300_seed_2_svm,n_samples,300,svm,2,300,0.05,0.05,0.4489762632272076,0.375,0.75,0.5,0.9333333333333333,81,1,5,3
n_samples_300_seed_2_vqc_1,n_samples,300,vqc_1,2,300,0.05,0.05,0.11083774676264596,0.125,0.047619047619047616,0.06896551724137931,0.7,62,20,7,1
n_samples_300_seed_4_vqc_4,n_samples,300,vqc_4,4,300,0.05,0.05,0.08070912279656123,0.0,0.0,0.0,0.6777777777777778,61,21,8,0
n_samples_300_seed_4_vqc_3,n_samples,300,vqc_3,4,300,0.05,0.05,0.26211640473662967,0.125,0.2,0.15384615384615385,0.8777777777777778,78,4,7,1
n_samples_300_seed_4_vqc_2,n_samples,300,vqc_2,4,300,0.05,0.05,0.3250056750322532,0.0,0.0,0.0,0.9111111111111111,82,0,8,0
n_samples_300_seed_4_random_forest,n_samples,300,random_forest,4,300,0.05,0.05,0.5620666292869825,0.5,0.6666666666666666,0.5714285714285714,0.9333333333333333,80,2,4,4
n_samples_300_seed_4_svm,n_samples,300,svm,4,300,0.05,0.05,0.5494270833333333,0.5,0.8,0.6153846153846154,0.9444444444444444,81,1,4,4
n_samples_300_seed_4_vqc_1,n_samples,300,vqc_1,4,300,0.05,0.05,0.1847478185840255,0.625,0.1724137931034483,0.2702702702702703,0.7,58,24,3,5
n_samples_300_seed_3_vqc_4,n_samples,300,vqc_4,3,300,0.05,0.05,0.21210549248792251,0.125,0.06666666666666667,0.08695652173913043,0.7666666666666667,68,14,7,1
n_samples_300_seed_3_vqc_3,n_samples,300,vqc_3,3,300,0.05,0.05,0.24205200548484132,0.25,0.4,0.3076923076923077,0.9,79,3,6,2
n_samples_300_seed_3_vqc_2,n_samples,300,vqc_2,3,300,0.05,0.05,0.165184413443132,0.0,0.0,0.0,0.9111111111111111,82,0,8,0
n_samples_300_seed_3_random_forest,n_samples,300,random_forest,3,300,0.05,0.05,0.22392124005027228,0.125,0.3333333333333333,0.18181818181818182,0.9,80,2,7,1
n_samples_300_seed_3_svm,n_samples,300,svm,3,300,0.05,0.05,0.23819802504868787,0.125,0.5,0.2,0.9111111111111111,81,1,7,1
n_samples_300_seed_3_vqc_1,n_samples,300,vqc_1,3,300,0.05,0.05,0.10233801112321136,0.375,0.10344827586206896,0.16216216216216217,0.6555555555555556,56,26,5,3
n_samples_300_seed_1_vqc_4,n_samples,300,vqc_4,1,300,0.05,0.05,0.12024592306841697,0.2222222222222222,0.1111111111111111,0.14814814814814814,0.7444444444444445,65,16,7,2
n_samples_300_seed_1_vqc_3,n_samples,300,vqc_3,1,300,0.05,0.05,0.3351137498571908,0.0,0.0,0.0,0.8888888888888888,80,1,9,0
n_samples_300_seed_1_vqc_2,n_samples,300,vqc_2,1,300,0.05,0.05,0.10583393377195191,0.0,0.0,0.0,0.9,81,0,9,0
n_samples_300_seed_1_random_forest,n_samples,300,random_forest,1,300,0.05,0.05,0.6464248176748177,0.4444444444444444,1.0,0.6153846153846154,0.9444444444444444,81,0,5,4
n_samples_300_seed_1_svm,n_samples,300,svm,1,300,0.05,0.05,0.5248683158214058,0.4444444444444444,1.0,0.6153846153846154,0.9444444444444444,81,0,5,4
n_samples_300_seed_1_vqc_1,n_samples,300,vqc_1,1,300,0.05,0.05,0.2088504144792177,0.4444444444444444,0.11428571428571428,0.18181818181818182,0.6,50,31,5,4
n_samples_300_seed_0_vqc_4,n_samples,300,vqc_4,0,300,0.05,0.05,0.2380193302068302,0.25,0.14285714285714285,0.18181818181818182,0.8,70,12,6,2
n_samples_300_seed_0_vqc_3,n_samples,300,vqc_3,0,300,0.05,0.05,0.369154449619861,0.125,1.0,0.2222222222222222,0.9222222222222223,82,0,7,1
n_samples_300_seed_0_vqc_2,n_samples,300,vqc_2,0,300,0.05,0.05,0.1365145431082132,0.0,0.0,0.0,0.9111111111111111,82,0,8,0
n_samples_300_seed_0_random_forest,n_samples,300,random_forest,0,300,0.05,0.05,0.5923664393293548,0.5,1.0,0.6666666666666666,0.9555555555555556,82,0,4,4
n_samples_300_seed_0_svm,n_samples,300,svm,0,300,0.05,0.05,0.6400303202894666,0.375,1.0,0.5454545454545454,0.9444444444444444,82,0,5,3
n_samples_300_seed_0_vqc_1,n_samples,300,vqc_1,0,300,0.05,0.05,0.0949355371975159,0.25,0.05405405405405406,0.08888888888888889,0.5444444444444444,47,35,6,2
n_samples_10000_seed_2_vqc_4,n_samples,10000,vqc_4,2,10000,0.05,0.05,0.09679216520133133,0.15,0.09071274298056156,0.11305518169582772,0.7803333333333333,2299,421,238,42
n_samples_10000_seed_2_vqc_3,n_samples,10000,vqc_3,2,10000,0.05,0.05,0.34058898068977234,0.2714285714285714,0.38,0.31666666666666665,0.8906666666666667,2596,124,204,76
n_samples_10000_seed_2_vqc_2,n_samples,10000,vqc_2,2,10000,0.05,0.05,0.10416076490073822,0.0,0.0,0.0,0.9066666666666666,2720,0,280,0
n_samples_10000_seed_2_random_forest,n_samples,10000,random_forest,2,10000,0.05,0.05,0.5731186246313079,0.5071428571428571,0.9403973509933775,0.6589327146171694,0.951,2711,9,138,142
n_samples_10000_seed_2_svm,n_samples,10000,svm,2,10000,0.05,0.05,0.5828530036085997,0.5035714285714286,0.94,0.6558139534883721,0.9506666666666667,2711,9,139,141
n_samples_10000_seed_2_vqc_1,n_samples,10000,vqc_1,2,10000,0.05,0.05,0.1068710931376819,0.2714285714285714,0.10497237569060773,0.15139442231075698,0.716,2072,648,204,76
n_samples_10000_seed_4_vqc_4,n_samples,10000,vqc_4,4,10000,0.05,0.05,0.10136794262630233,0.16129032258064516,0.11479591836734694,0.13412816691505217,0.8063333333333333,2374,347,234,45
n_samples_10000_seed_4_vqc_3,n_samples,10000,vqc_3,4,10000,0.05,0.05,0.15456863830051684,0.12186379928315412,0.2111801242236025,0.15454545454545454,0.876,2594,127,245,34
n_samples_10000_seed_4_vqc_2,n_samples,10000,vqc_2,4,10000,0.05,0.05,0.13287522042899927,0.0,0.0,0.0,0.907,2721,0,279,0
n_samples_10000_seed_4_random_forest,n_samples,10000,random_forest,4,10000,0.05,0.05,0.5516290874209722,0.45878136200716846,0.9411764705882353,0.6168674698795181,0.947,2713,8,151,128
n_samples_10000_seed_4_svm,n_samples,10000,svm,4,10000,0.05,0.05,0.5273186482559227,0.45161290322580644,0.9333333333333333,0.6086956521739131,0.946,2712,9,153,126
n_samples_10000_seed_4_vqc_1,n_samples,10000,vqc_1,4,10000,0.05,0.05,0.10072336071440671,0.3046594982078853,0.1069182389937107,0.15828677839851024,0.6986666666666667,2011,710,194,85
n_samples_10000_seed_3_vqc_4,n_samples,10000,vqc_4,3,10000,0.05,0.05,0.12168781806252527,0.19243986254295534,0.12844036697247707,0.15405777166437415,0.795,2329,380,235,56
n_samples_10000_seed_3_vqc_3,n_samples,10000,vqc_3,3,10000,0.05,0.05,0.35131195827030615,0.14432989690721648,0.875,0.24778761061946902,0.915,2703,6,249,42
n_samples_10000_seed_3_vqc_2,n_samples,10000,vqc_2,3,10000,0.05,0.05,0.1145207781112555,0.0,0.0,0.0,0.903,2709,0,291,0
n_samples_10000_seed_3_random_forest,n_samples,10000,random_forest,3,10000,0.05,0.05,0.5481629454790982,0.4845360824742268,0.9463087248322147,0.6409090909090909,0.9473333333333334,2701,8,150,141
n_samples_10000_seed_3_svm,n_samples,10000,svm,3,10000,0.05,0.05,0.5695895325925366,0.4742268041237113,0.9517241379310345,0.6330275229357798,0.9466666666666667,2702,7,153,138
n_samples_10000_seed_3_vqc_1,n_samples,10000,vqc_1,3,10000,0.05,0.05,0.10836592209427921,0.28865979381443296,0.1053952321204517,0.15441176470588236,0.6933333333333334,1996,713,207,84
n_samples_10000_seed_1_vqc_4,n_samples,10000,vqc_4,1,10000,0.05,0.05,0.1158008176761331,0.1795774647887324,0.11805555555555555,0.1424581005586592,0.7953333333333333,2335,381,233,51
n_samples_10000_seed_1_vqc_3,n_samples,10000,vqc_3,1,10000,0.05,0.05,0.3897323353926194,0.1936619718309859,0.9649122807017544,0.3225806451612903,0.923,2714,2,229,55
n_samples_10000_seed_1_vqc_2,n_samples,10000,vqc_2,1,10000,0.05,0.05,0.08950279869923819,0.0,0.0,0.0,0.9053333333333333,2716,0,284,0
n_samples_10000_seed_1_random_forest,n_samples,10000,random_forest,1,10000,0.05,0.05,0.5594661805661248,0.47183098591549294,0.9710144927536232,0.6350710900473934,0.9486666666666667,2712,4,150,134
n_samples_10000_seed_1_svm,n_samples,10000,svm,1,10000,0.05,0.05,0.5673090049841993,0.46830985915492956,0.9708029197080292,0.6318289786223278,0.9483333333333334,2712,4,151,133
n_samples_10000_seed_1_vqc_1,n_samples,10000,vqc_1,1,10000,0.05,0.05,0.09069892150947749,0.2323943661971831,0.08560311284046693,0.12511848341232226,0.6923333333333334,2011,705,218,66
n_samples_10000_seed_0_vqc_4,n_samples,10000,vqc_4,0,10000,0.05,0.05,0.10642164191418813,0.16725978647686832,0.10955710955710955,0.1323943661971831,0.7946666666666666,2337,382,234,47
n_samples_10000_seed_0_vqc_3,n_samples,10000,vqc_3,0,10000,0.05,0.05,0.3301502023075152,0.15658362989323843,0.9166666666666666,0.2674772036474164,0.9196666666666666,2715,4,237,44
n_samples_10000_seed_0_vqc_2,n_samples,10000,vqc_2,0,10000,0.05,0.05,0.1299254966495204,0.0,0.0,0.0,0.9063333333333333,2719,0,281,0
n_samples_10000_seed_0_random_forest,n_samples,10000,random_forest,0,10000,0.05,0.05,0.5327365915815488,0.48398576512455516,0.9444444444444444,0.64,0.949,2711,8,145,136
n_samples_10000_seed_0_svm,n_samples,10000,svm,0,10000,0.05,0.05,0.5573814303279016,0.47686832740213525,0.9436619718309859,0.6335697399527187,0.9483333333333334,2711,8,147,134
n_samples_10000_seed_0_vqc_1,n_samples,10000,vqc_1,0,10000,0.05,0.05,0.09771296265635288,0.2669039145907473,0.10190217391304347,0.14749262536873156,0.711,2058,661,206,75
n_samples_5000_seed_2_vqc_4,n_samples,5000,vqc_4,2,5000,0.05,0.05,0.11676006643817097,0.15384615384615385,0.11578947368421053,0.13213213213213212,0.8073333333333333,1189,168,121,22
n_samples_5000_seed_2_vqc_3,n_samples,5000,vqc_3,2,5000,0.05,0.05,0.4357360906591114,0.23776223776223776,1.0,0.384180790960452,0.9273333333333333,1357,0,109,34
n_samples_5000_seed_2_vqc_2,n_samples,5000,vqc_2,2,5000,0.05,0.05,0.11912887444723146,0.0,0.0,0.0,0.9046666666666666,1357,0,143,0
n_samples_5000_seed_2_random_forest,n_samples,5000,random_forest,2,5000,0.05,0.05,0.6427055784222008,0.5524475524475524,0.9518072289156626,0.6991150442477876,0.9546666666666667,1353,4,64,79
n_samples_5000_seed_2_svm,n_samples,5000,svm,2,5000,0.05,0.05,0.6312543163134652,0.5314685314685315,0.9620253164556962,0.6846846846846847,0.9533333333333334,1354,3,67,76
n_samples_5000_seed_2_vqc_1,n_samples,5000,vqc_1,2,5000,0.05,0.05,0.13273271215027474,0.2867132867132867,0.10459183673469388,0.15327102803738318,0.698,1006,351,102,41
n_samples_5000_seed_4_vqc_4,n_samples,5000,vqc_4,4,5000,0.05,0.05,0.11591872901079639,0.2013888888888889,0.14356435643564355,0.1676300578034682,0.808,1183,173,115,29
n_samples_5000_seed_4_vqc_3,n_samples,5000,vqc_3,4,5000,0.05,0.05,0.35131168058229023,0.1597222222222222,0.8846153846153846,0.27058823529411763,0.9173333333333333,1353,3,121,23
n_samples_5000_seed_4_vqc_2,n_samples,5000,vqc_2,4,5000,0.05,0.05,0.10113535072236028,0.0,0.0,0.0,0.904,1356,0,144,0
n_samples_5000_seed_4_random_forest,n_samples,5000,random_forest,4,5000,0.05,0.05,0.570008552600903,0.5,0.935064935064935,0.6515837104072398,0.9486666666666667,1351,5,72,72
n_samples_5000_seed_4_svm,n_samples,5000,svm,4,5000,0.05,0.05,0.592136101266214,0.4930555555555556,0.9594594594594594,0.6513761467889908,0.9493333333333334,1353,3,73,71
n_samples_5000_seed_4_vqc_1,n_samples,5000,vqc_1,4,5000,0.05,0.05,0.11661323330457357,0.3125,0.10869565217391304,0.16129032258064516,0.688,987,369,99,45
n_samples_5000_seed_3_vqc_4,n_samples,5000,vqc_4,3,5000,0.05,0.05,0.14950170465046705,0.2323943661971831,0.16097560975609757,0.19020172910662825,0.8126666666666666,1186,172,109,33
n_samples_5000_seed_3_vqc_3,n_samples,5000,vqc_3,3,5000,0.05,0.05,0.3884389217663328,0.176056338028169,0.9615384615384616,0.2976190476190476,0.9213333333333333,1357,1,117,25
n_samples_5000_seed_3_vqc_2,n_samples,5000,vqc_2,3,5000,0.05,0.05,0.1498945089297804,0.0,0.0,0.0,0.9053333333333333,1358,0,142,0
n_samples_5000_seed_3_random_forest,n_samples,5000,random_forest,3,5000,0.05,0.05,0.5192819003332616,0.45774647887323944,0.9420289855072463,0.6161137440758294,0.946,1354,4,77,65
n_samples_5000_seed_3_svm,n_samples,5000,svm,3,5000,0.05,0.05,0.5480167481096574,0.4507042253521127,0.9552238805970149,0.6124401913875598,0.946,1355,3,78,64
n_samples_5000_seed_3_vqc_1,n_samples,5000,vqc_1,3,5000,0.05,0.05,0.09391995147968041,0.23943661971830985,0.07906976744186046,0.11888111888111888,0.664,962,396,108,34
n_samples_5000_seed_1_vqc_4,n_samples,5000,vqc_4,1,5000,0.05,0.05,0.10130843454503279,0.13286713286713286,0.09947643979057591,0.11377245508982035,0.8026666666666666,1185,172,124,19
n_samples_5000_seed_1_vqc_3,n_samples,5000,vqc_3,1,5000,0.05,0.05,0.37540118767862884,0.13986013986013987,1.0,0.24539877300613497,0.918,1357,0,123,20
n_samples_5000_seed_1_vqc_2,n_samples,5000,vqc_2,1,5000,0.05,0.05,0.1022249095083043,0.0,0.0,0.0,0.9046666666666666,1357,0,143,0
n_samples_5000_seed_1_random_forest,n_samples,5000,random_forest,1,5000,0.05,0.05,0.5877029716402425,0.4965034965034965,0.9594594594594594,0.6543778801843319,0.95,1354,3,72,71
n_samples_5000_seed_1_svm,n_samples,5000,svm,1,5000,0.05,0.05,0.5885459773037159,0.4825174825174825,0.9583333333333334,0.641860465116279,0.9486666666666667,1354,3,74,69
n_samples_5000_seed_1_vqc_1,n_samples,5000,vqc_1,1,5000,0.05,0.05,0.11722642524687088,0.3006993006993007,0.10336538461538461,0.15384615384615385,0.6846666666666666,984,373,100,43
n_samples_5000_seed_0_vqc_4,n_samples,5000,vqc_4,0,5000,0.05,0.05,0.09878701901477245,0.16901408450704225,0.10126582278481013,0.1266490765171504,0.7793333333333333,1145,213,118,24
n_samples_5000_seed_0_vqc_3,n_samples,5000,vqc_3,0,5000,0.05,0.05,0.3737416537206408,0.1619718309859155,0.8846153846153846,0.27380952380952384,0.9186666666666666,1355,3,119,23
n_samples_5000_seed_0_vqc_2,n_samples,5000,vqc_2,0,5000,0.05,0.05,0.12365923779408797,0.0,0.0,0.0,0.9053333333333333,1358,0,142,0
n_samples_5000_seed_0_random_forest,n_samples,5000,random_forest,0,5000,0.05,0.05,0.5589550324760238,0.5070422535211268,0.9230769230769231,0.6545454545454545,0.9493333333333334,1352,6,70,72
n_samples_5000_seed_0_svm,n_samples,5000,svm,0,5000,0.05,0.05,0.5644174488685386,0.4788732394366197,0.918918918918919,0.6296296296296297,0.9466666666666667,1352,6,74,68
n_samples_5000_seed_0_vqc_1,n_samples,5000,vqc_1,0,5000,0.05,0.05,0.113655774772946,0.29577464788732394,0.10396039603960396,0.15384615384615385,0.692,996,362,100,42
n_samples_1000_seed_2_vqc_4,n_samples,1000,vqc_4,2,1000,0.05,0.05,0.1423552240395428,0.21428571428571427,0.17142857142857143,0.19047619047619047,0.83,243,29,22,6
n_samples_1000_seed_2_vqc_3,n_samples,1000,vqc_3,2,1000,0.05,0.05,0.5096461716120599,0.32142857142857145,0.9,0.47368421052631576,0.9333333333333333,271,1,19,9
n_samples_1000_seed_2_vqc_2,n_samples,1000,vqc_2,2,1000,0.05,0.05,0.12461337484483033,0.0,0.0,0.0,0.9066666666666666,272,0,28,0
n_samples_1000_seed_2_random_forest,n_samples,1000,random_forest,2,1000,0.05,0.05,0.7028405732579939,0.6428571428571429,0.9473684210526315,0.7659574468085106,0.9633333333333334,271,1,10,18
n_samples_1000_seed_2_svm,n_samples,1000,svm,2,1000,0.05,0.05,0.6706086932759994,0.5714285714285714,0.9411764705882353,0.7111111111111111,0.9566666666666667,271,1,12,16
n_samples_1000_seed_2_vqc_1,n_samples,1000,vqc_1,2,1000,0.05,0.05,0.08618138613816415,0.32142857142857145,0.08653846153846154,0.13636363636363635,0.62,177,95,19,9
n_samples_1000_seed_4_vqc_4,n_samples,1000,vqc_4,4,1000,0.05,0.05,0.14279186060971977,0.10714285714285714,0.1111111111111111,0.10909090909090909,0.8366666666666667,248,24,25,3
n_samples_1000_seed_4_vqc_3,n_samples,1000,vqc_3,4,1000,0.05,0.05,0.3325861088690158,0.07142857142857142,0.6666666666666666,0.12903225806451613,0.91,271,1,26,2
n_samples_1000_seed_4_vqc_2,n_samples,1000,vqc_2,4,1000,0.05,0.05,0.1070011290051601,0.0,0.0,0.0,0.9066666666666666,272,0,28,0
n_samples_1000_seed_4_random_forest,n_samples,1000,random_forest,4,1000,0.05,0.05,0.6095005840399277,0.4642857142857143,0.8125,0.5909090909090909,0.94,269,3,15,13
n_samples_1000_seed_4_svm,n_samples,1000,svm,4,1000,0.05,0.05,0.6007469445254806,0.42857142857142855,0.9230769230769231,0.5853658536585366,0.9433333333333334,271,1,16,12
n_samples_1000_seed_4_vqc_1,n_samples,1000,vqc_1,4,1000,0.05,0.05,0.08123411285765006,0.21428571428571427,0.06896551724137931,0.10434782608695652,0.6566666666666666,191,81,22,6
n_samples_1000_seed_3_vqc_4,n_samples,1000,vqc_4,3,1000,0.05,0.05,0.15166829294837875,0.2413793103448276,0.14285714285714285,0.1794871794871795,0.7866666666666666,229,42,22,7
n_samples_1000_seed_3_vqc_3,n_samples,1000,vqc_3,3,1000,0.05,0.05,0.458653136186519,0.3448275862068966,1.0,0.5128205128205128,0.9366666666666666,271,0,19,10
n_samples_1000_seed_3_vqc_2,n_samples,1000,vqc_2,3,1000,0.05,0.05,0.14132290160987768,0.0,0.0,0.0,0.9033333333333333,271,0,29,0
n_samples_1000_seed_3_random_forest,n_samples,1000,random_forest,3,1000,0.05,0.05,0.5980503605152072,0.4827586206896552,1.0,0.6511627906976745,0.95,271,0,15,14
n_samples_1000_seed_3_svm,n_samples,1000,svm,3,1000,0.05,0.05,0.6197834307272745,0.5172413793103449,1.0,0.6818181818181818,0.9533333333333334,271,0,14,15
n_samples_1000_seed_3_vqc_1,n_samples,1000,vqc_1,3,1000,0.05,0.05,0.10337580885101044,0.06896551724137931,0.025974025974025976,0.03773584905660377,0.66,196,75,27,2
n_samples_1000_seed_1_vqc_4,n_samples,1000,vqc_4,1,1000,0.05,0.05,0.11149122169249026,0.10714285714285714,0.061224489795918366,0.07792207792207792,0.7633333333333333,226,46,25,3
n_samples_1000_seed_1_vqc_3,n_samples,1000,vqc_3,1,1000,0.05,0.05,0.18216164967370693,0.14285714285714285,0.25,0.18181818181818182,0.88,260,12,24,4
n_samples_1000_seed_1_vqc_2,n_samples,1000,vqc_2,1,1000,0.05,0.05,0.14938306438942062,0.0,0.0,0.0,0.9066666666666666,272,0,28,0
n_samples_1000_seed_1_random_forest,n_samples,1000,random_forest,1,1000,0.05,0.05,0.5597124241685704,0.5,0.9333333333333333,0.6511627906976745,0.95,271,1,14,14
n_samples_1000_seed_1_svm,n_samples,1000,svm,1,1000,0.05,0.05,0.5875879127644977,0.4642857142857143,0.9285714285714286,0.6190476190476191,0.9466666666666667,271,1,15,13
n_samples_1000_seed_1_vqc_1,n_samples,1000,vqc_1,1,1000,0.05,0.05,0.09857444560005944,0.21428571428571427,0.08108108108108109,0.11764705882352941,0.7,204,68,22,6
n_samples_1000_seed_0_vqc_4,n_samples,1000,vqc_4,0,1000,0.05,0.05,0.163462014752755,0.2413793103448276,0.175,0.2028985507246377,0.8166666666666667,238,33,22,7
n_samples_1000_seed_0_vqc_3,n_samples,1000,vqc_3,0,1000,0.05,0.05,0.2881278406103868,0.1724137931034483,1.0,0.29411764705882354,0.92,271,0,24,5
n_samples_1000_seed_0_vqc_2,n_samples,1000,vqc_2,0,1000,0.05,0.05,0.12054064915688126,0.0,0.0,0.0,0.9033333333333333,271,0,29,0
n_samples_1000_seed_0_random_forest,n_samples,1000,random_forest,0,1000,0.05,0.05,0.5149073108157349,0.3448275862068966,1.0,0.5128205128205128,0.9366666666666666,271,0,19,10
n_samples_1000_seed_0_svm,n_samples,1000,svm,0,1000,0.05,0.05,0.49201527940375617,0.3448275862068966,0.9090909090909091,0.5,0.9333333333333333,270,1,19,10
n_samples_1000_seed_0_vqc_1,n_samples,1000,vqc_1,0,1000,0.05,0.05,0.11052404721207518,0.3448275862068966,0.10869565217391304,0.1652892561983471,0.6633333333333333,189,82,19,10
label_noise_0.05_seed_2_vqc_4,label_noise,0.05,vqc_4,2,1000,0.05,0.05,0.13860453132651118,0.17857142857142858,0.13513513513513514,0.15384615384615385,0.8166666666666667,240,32,23,5
label_noise_0.05_seed_2_vqc_3,label_noise,0.05,vqc_3,2,1000,0.05,0.05,0.5083563986303605,0.32142857142857145,0.9,0.47368421052631576,0.9333333333333333,271,1,19,9
label_noise_0.05_seed_2_vqc_2,label_noise,0.05,vqc_2,2,1000,0.05,0.05,0.16709797885121155,0.0,0.0,0.0,0.9066666666666666,272,0,28,0
label_noise_0.05_seed_2_random_forest,label_noise,0.05,random_forest,2,1000,0.05,0.05,0.7028405732579939,0.6428571428571429,0.9473684210526315,0.7659574468085106,0.9633333333333334,271,1,10,18
label_noise_0.05_seed_2_svm,label_noise,0.05,svm,2,1000,0.05,0.05,0.6706086932759994,0.5714285714285714,0.9411764705882353,0.7111111111111111,0.9566666666666667,271,1,12,16
label_noise_0.05_seed_2_vqc_1,label_noise,0.05,vqc_1,2,1000,0.05,0.05,0.09794640648844649,0.2857142857142857,0.1,0.14814814814814814,0.6933333333333334,200,72,20,8
label_noise_0.05_seed_4_vqc_4,label_noise,0.05,vqc_4,4,1000,0.05,0.05,0.1357438154600452,0.07142857142857142,0.0625,0.06666666666666667,0.8133333333333334,242,30,26,2
label_noise_0.05_seed_4_vqc_3,label_noise,0.05,vqc_3,4,1000,0.05,0.05,0.31137445784040246,0.07142857142857142,0.6666666666666666,0.12903225806451613,0.91,271,1,26,2
label_noise_0.05_seed_4_vqc_2,label_noise,0.05,vqc_2,4,1000,0.05,0.05,0.09677863606650863,0.0,0.0,0.0,0.9066666666666666,272,0,28,0
label_noise_0.05_seed_4_random_forest,label_noise,0.05,random_forest,4,1000,0.05,0.05,0.6095005840399277,0.4642857142857143,0.8125,0.5909090909090909,0.94,269,3,15,13
label_noise_0.05_seed_4_svm,label_noise,0.05,svm,4,1000,0.05,0.05,0.6007469445254806,0.42857142857142855,0.9230769230769231,0.5853658536585366,0.9433333333333334,271,1,16,12
label_noise_0.05_seed_4_vqc_1,label_noise,0.05,vqc_1,4,1000,0.05,0.05,0.08571463732323426,0.21428571428571427,0.06741573033707865,0.10256410256410256,0.65,189,83,22,6
label_noise_0.05_seed_3_vqc_4,label_noise,0.05,vqc_4,3,1000,0.05,0.05,0.16112914484381735,0.27586206896551724,0.16326530612244897,0.20512820512820512,0.7933333333333333,230,41,21,8
label_noise_0.05_seed_3_vqc_3,label_noise,0.05,vqc_3,3,1000,0.05,0.05,0.4587881335235784,0.3448275862068966,1.0,0.5128205128205128,0.9366666666666666,271,0,19,10
label_noise_0.05_seed_3_vqc_2,label_noise,0.05,vqc_2,3,1000,0.05,0.05,0.1170035243201013,0.0,0.0,0.0,0.9033333333333333,271,0,29,0
label_noise_0.05_seed_3_random_forest,label_noise,0.05,random_forest,3,1000,0.05,0.05,0.5980503605152072,0.4827586206896552,1.0,0.6511627906976745,0.95,271,0,15,14
label_noise_0.05_seed_3_svm,label_noise,0.05,svm,3,1000,0.05,0.05,0.6197834307272745,0.5172413793103449,1.0,0.6818181818181818,0.9533333333333334,271,0,14,15
label_noise_0.05_seed_3_vqc_1,label_noise,0.05,vqc_1,3,1000,0.05,0.05,0.08883316587939437,0.10344827586206896,0.03896103896103896,0.05660377358490566,0.6666666666666666,197,74,26,3
label_noise_0.05_seed_1_vqc_4,label_noise,0.05,vqc_4,1,1000,0.05,0.05,0.12128321482868615,0.25,0.1320754716981132,0.1728395061728395,0.7766666666666666,226,46,21,7
label_noise_0.05_seed_1_vqc_3,label_noise,0.05,vqc_3,1,1000,0.05,0.05,0.1841507239406016,0.14285714285714285,0.23529411764705882,0.17777777777777778,0.8766666666666667,259,13,24,4
label_noise_0.05_seed_1_vqc_2,label_noise,0.05,vqc_2,1,1000,0.05,0.05,0.1335623929638126,0.0,0.0,0.0,0.9066666666666666,272,0,28,0
label_noise_0.05_seed_1_random_forest,label_noise,0.05,random_forest,1,1000,0.05,0.05,0.5597124241685704,0.5,0.9333333333333333,0.6511627906976745,0.95,271,1,14,14
label_noise_0.05_seed_1_svm,label_noise,0.05,svm,1,1000,0.05,0.05,0.5875879127644977,0.4642857142857143,0.9285714285714286,0.6190476190476191,0.9466666666666667,271,1,15,13
label_noise_0.05_seed_1_vqc_1,label_noise,0.05,vqc_1,1,1000,0.05,0.05,0.10533848033182752,0.25,0.09722222222222222,0.14,0.7133333333333334,207,65,21,7
label_noise_0.05_seed_0_vqc_4,label_noise,0.05,vqc_4,0,1000,0.05,0.05,0.18145462759791273,0.2413793103448276,0.20588235294117646,0.2222222222222222,0.8366666666666667,244,27,22,7
label_noise_0.05_seed_0_vqc_3,label_noise,0.05,vqc_3,0,1000,0.05,0.05,0.28781124549681214,0.1724137931034483,1.0,0.29411764705882354,0.92,271,0,24,5
label_noise_0.05_seed_0_vqc_2,label_noise,0.05,vqc_2,0,1000,0.05,0.05,0.12771472299913164,0.0,0.0,0.0,0.9033333333333333,271,0,29,0
label_noise_0.05_seed_0_random_forest,label_noise,0.05,random_forest,0,1000,0.05,0.05,0.5149073108157349,0.3448275862068966,1.0,0.5128205128205128,0.9366666666666666,271,0,19,10
label_noise_0.05_seed_0_svm,label_noise,0.05,svm,0,1000,0.05,0.05,0.49201527940375617,0.3448275862068966,0.9090909090909091,0.5,0.9333333333333333,270,1,19,10
label_noise_0.05_seed_0_vqc_1,label_noise,0.05,vqc_1,0,1000,0.05,0.05,0.11175852316734977,0.3448275862068966,0.11494252873563218,0.1724137931034483,0.68,194,77,19,10
label_noise_0.0_seed_2_vqc_4,label_noise,0.0,vqc_4,2,1000,0.05,0.0,0.08548144780049396,0.13333333333333333,0.044444444444444446,0.06666666666666667,0.8133333333333334,242,43,13,2
label_noise_0.0_seed_2_vqc_3,label_noise,0.0,vqc_3,2,1000,0.05,0.0,0.688100300875633,0.6,1.0,0.75,0.98,285,0,6,9
label_noise_0.0_seed_2_vqc_2,label_noise,0.0,vqc_2,2,1000,0.05,0.0,0.16634721624417956,0.0,0.0,0.0,0.95,285,0,15,0
label_noise_0.0_seed_2_random_forest,label_noise,0.0,random_forest,2,1000,0.05,0.0,1.0,1.0,1.0,1.0,1.0,285,0,0,15
label_noise_0.0_seed_2_svm,label_noise,0.0,svm,2,1000,0.05,0.0,0.9921568627450981,0.9333333333333333,1.0,0.9655172413793104,0.9966666666666667,285,0,1,14
label_noise_0.0_seed_2_vqc_1,label_noise,0.0,vqc_1,2,1000,0.05,0.0,0.1172543170487311,0.5333333333333333,0.0851063829787234,0.14678899082568808,0.69,199,86,7,8
label_noise_0.0_seed_4_vqc_4,label_noise,0.0,vqc_4,4,1000,0.05,0.0,0.1108454276598288,0.3333333333333333,0.11904761904761904,0.17543859649122806,0.8433333333333334,248,37,10,5
label_noise_0.0_seed_4_vqc_3,label_noise,0.0,vqc_3,4,1000,0.05,0.0,0.5979754696842555,0.26666666666666666,1.0,0.42105263157894735,0.9633333333333334,285,0,11,4
label_noise_0.0_seed_4_vqc_2,label_noise,0.0,vqc_2,4,1000,0.05,0.0,0.058335505290674224,0.0,0.0,0.0,0.95,285,0,15,0
label_noise_0.0_seed_4_random_forest,label_noise,0.0,random_forest,4,1000,0.05,0.0,0.9958333333333333,0.8666666666666667,1.0,0.9285714285714286,0.9933333333333333,285,0,2,13
label_noise_0.0_seed_4_svm,label_noise,0.0,svm,4,1000,0.05,0.0,1.0,0.8666666666666667,1.0,0.9285714285714286,0.9933333333333333,285,0,2,13
label_noise_0.0_seed_4_vqc_1,label_noise,0.0,vqc_1,4,1000,0.05,0.0,0.03855613517150777,0.06666666666666667,0.012048192771084338,0.02040816326530612,0.68,203,82,14,1
label_noise_0.0_seed_3_vqc_4,label_noise,0.0,vqc_4,3,1000,0.05,0.0,0.08949119624322772,0.06666666666666667,0.022222222222222223,0.03333333333333333,0.8066666666666666,241,44,14,1
label_noise_0.0_seed_3_vqc_3,label_noise,0.0,vqc_3,3,1000,0.05,0.0,0.6561645928138763,0.2,1.0,0.3333333333333333,0.96,285,0,12,3
label_noise_0.0_seed_3_vqc_2,label_noise,0.0,vqc_2,3,1000,0.05,0.0,0.0891697927506226,0.0,0.0,0.0,0.95,285,0,15,0
label_noise_0.0_seed_3_random_forest,label_noise,0.0,random_forest,3,1000,0.05,0.0,1.0,1.0,1.0,1.0,1.0,285,0,0,15
label_noise_0.0_seed_3_svm,label_noise,0.0,svm,3,1000,0.05,0.0,1.0,1.0,1.0,1.0,1.0,285,0,0,15
label_noise_0.0_seed_3_vqc_1,label_noise,0.0,vqc_1,3,1000,0.05,0.0,0.06878166976675788,0.3333333333333333,0.07042253521126761,0.11627906976744186,0.7466666666666667,219,66,10,5
label_noise_0.0_seed_1_vqc_4,label_noise,0.0,vqc_4,1,1000,0.05,0.0,0.09986970369129769,0.13333333333333333,0.04878048780487805,0.07142857142857142,0.8266666666666667,246,39,13,2
label_noise_0.0_seed_1_vqc_3,label_noise,0.0,vqc_3,1,1000,0.05,0.0,0.09536755171305233,0.13333333333333333,0.08695652173913043,0.10526315789473684,0.8866666666666667,264,21,13,2
label_noise_0.0_seed_1_vqc_2,label_noise,0.0,vqc_2,1,1000,0.05,0.0,0.09255011937917124,0.0,0.0,0.0,0.95,285,0,15,0
label_noise_0.0_seed_1_random_forest,label_noise,0.0,random_forest,1,1000,0.05,0.0,1.0,1.0,1.0,1.0,1.0,285,0,0,15
label_noise_0.0_seed_1_svm,label_noise,0.0,svm,1,1000,0.05,0.0,1.0,1.0,1.0,1.0,1.0,285,0,0,15
label_noise_0.0_seed_1_vqc_1,label_noise,0.0,vqc_1,1,1000,0.05,0.0,0.04947935888510205,0.06666666666666667,0.014705882352941176,0.024096385542168676,0.73,218,67,14,1
label_noise_0.0_seed_0_vqc_4,label_noise,0.0,vqc_4,0,1000,0.05,0.0,0.05703434096929398,0.0,0.0,0.0,0.8633333333333333,259,26,15,0
label_noise_0.0_seed_0_vqc_3,label_noise,0.0,vqc_3,0,1000,0.05,0.0,0.6879931313483405,0.5333333333333333,1.0,0.6956521739130435,0.9766666666666667,285,0,7,8
label_noise_0.0_seed_0_vqc_2,label_noise,0.0,vqc_2,0,1000,0.05,0.0,0.15099421943269062,0.0,0.0,0.0,0.95,285,0,15,0
label_noise_0.0_seed_0_random_forest,label_noise,0.0,random_forest,0,1000,0.05,0.0,1.0,1.0,1.0,1.0,1.0,285,0,0,15
label_noise_0.0_seed_0_svm,label_noise,0.0,svm,0,1000,0.05,0.0,1.0,1.0,1.0,1.0,1.0,285,0,0,15
label_noise_0.0_seed_0_vqc_1,label_noise,0.0,vqc_1,0,1000,0.05,0.0,0.07027402278150663,0.4,0.06666666666666667,0.11428571428571428,0.69,201,84,9,6
label_noise_0.1_seed_2_vqc_4,label_noise,0.1,vqc_4,2,1000,0.05,0.1,0.12729286285321134,0.16666666666666666,0.12727272727272726,0.14432989690721648,0.7233333333333334,210,48,35,7
label_noise_0.1_seed_2_vqc_3,label_noise,0.1,vqc_3,2,1000,0.05,0.1,0.31319065396896495,0.11904761904761904,0.5,0.19230769230769232,0.86,253,5,37,5
label_noise_0.1_seed_2_vqc_2,label_noise,0.1,vqc_2,2,1000,0.05,0.1,0.2013643873634849,0.0,0.0,0.0,0.86,258,0,42,0
label_noise_0.1_seed_2_random_forest,label_noise,0.1,random_forest,2,1000,0.05,0.1,0.44678260670799697,0.30952380952380953,0.8666666666666667,0.45614035087719296,0.8966666666666666,256,2,29,13
label_noise_0.1_seed_2_svm,label_noise,0.1,svm,2,1000,0.05,0.1,0.4355720902815917,0.2857142857142857,0.8,0.42105263157894735,0.89,255,3,30,12
label_noise_0.1_seed_2_vqc_1,label_noise,0.1,vqc_1,2,1000,0.05,0.1,0.16318011777983887,0.38095238095238093,0.1702127659574468,0.23529411764705882,0.6533333333333333,180,78,26,16
label_noise_0.1_seed_4_vqc_4,label_noise,0.1,vqc_4,4,1000,0.05,0.1,0.18177306341299135,0.27906976744186046,0.21428571428571427,0.24242424242424243,0.75,213,44,31,12
label_noise_0.1_seed_4_vqc_3,label_noise,0.1,vqc_3,4,1000,0.05,0.1,0.2742352024352071,0.023255813953488372,0.5,0.044444444444444446,0.8566666666666667,256,1,42,1
label_noise_0.1_seed_4_vqc_2,label_noise,0.1,vqc_2,4,1000,0.05,0.1,0.1319867703737452,0.0,0.0,0.0,0.8566666666666667,257,0,43,0
label_noise_0.1_seed_4_random_forest,label_noise,0.1,random_forest,4,1000,0.05,0.1,0.30728162277106363,0.20930232558139536,0.6428571428571429,0.3157894736842105,0.87,252,5,34,9
label_noise_0.1_seed_4_svm,label_noise,0.1,svm,4,1000,0.05,0.1,0.36842622923338575,0.20930232558139536,0.75,0.32727272727272727,0.8766666666666667,254,3,34,9
label_noise_0.1_seed_4_vqc_1,label_noise,0.1,vqc_1,4,1000,0.05,0.1,0.1258682303648375,0.2558139534883721,0.12222222222222222,0.16541353383458646,0.63,178,79,32,11
label_noise_0.1_seed_3_vqc_4,label_noise,0.1,vqc_4,3,1000,0.05,0.1,0.1442476887070856,0.11363636363636363,0.11627906976744186,0.11494252873563218,0.7433333333333333,218,38,39,5
label_noise_0.1_seed_3_vqc_3,label_noise,0.1,vqc_3,3,1000,0.05,0.1,0.32990833951022625,0.11363636363636363,0.8333333333333334,0.2,0.8666666666666667,255,1,39,5
label_noise_0.1_seed_3_vqc_2,label_noise,0.1,vqc_2,3,1000,0.05,0.1,0.19172733925982838,0.0,0.0,0.0,0.8533333333333334,256,0,44,0
label_noise_0.1_seed_3_random_forest,label_noise,0.1,random_forest,3,1000,0.05,0.1,0.5054535427728628,0.3409090909090909,0.8333333333333334,0.4838709677419355,0.8933333333333333,253,3,29,15
label_noise_0.1_seed_3_svm,label_noise,0.1,svm,3,1000,0.05,0.1,0.5162793070517044,0.3409090909090909,0.9375,0.5,0.9,255,1,29,15
label_noise_0.1_seed_3_vqc_1,label_noise,0.1,vqc_1,3,1000,0.05,0.1,0.11037728830326447,0.1590909090909091,0.07,0.09722222222222222,0.5666666666666667,163,93,37,7
label_noise_0.1_seed_1_vqc_4,label_noise,0.1,vqc_4,1,1000,0.05,0.1,0.13906177936433275,0.13953488372093023,0.13333333333333333,0.13636363636363635,0.7466666666666667,218,39,37,6
label_noise_0.1_seed_1_vqc_3,label_noise,0.1,vqc_3,1,1000,0.05,0.1,0.1659354631703999,0.023255813953488372,0.08333333333333333,0.03636363636363636,0.8233333333333334,246,11,42,1
label_noise_0.1_seed_1_vqc_2,label_noise,0.1,vqc_2,1,1000,0.05,0.1,0.1652787121365354,0.0,0.0,0.0,0.8566666666666667,257,0,43,0
label_noise_0.1_seed_1_random_forest,label_noise,0.1,random_forest,1,1000,0.05,0.1,0.3953287617599787,0.27906976744186046,0.9230769230769231,0.42857142857142855,0.8933333333333333,256,1,31,12
label_noise_0.1_seed_1_svm,label_noise,0.1,svm,1,1000,0.05,0.1,0.4400203233341231,0.2558139534883721,0.9166666666666666,0.4,0.89,256,1,32,11
label_noise_0.1_seed_1_vqc_1,label_noise,0.1,vqc_1,1,1000,0.05,0.1,0.19883886108454812,0.32558139534883723,0.19444444444444445,0.24347826086956523,0.71,199,58,29,14
label_noise_0.1_seed_0_vqc_4,label_noise,0.1,vqc_4,0,1000,0.05,0.1,0.22301070998619726,0.16279069767441862,0.16279069767441862,0.16279069767441862,0.76,221,36,36,7
label_noise_0.1_seed_0_vqc_3,label_noise,0.1,vqc_3,0,1000,0.05,0.1,0.45367968748256,0.16279069767441862,1.0,0.28,0.88,257,0,36,7
label_noise_0.1_seed_0_vqc_2,label_noise,0.1,vqc_2,0,1000,0.05,0.1,0.22287362135716615,0.0,0.0,0.0,0.8566666666666667,257,0,43,0
label_noise_0.1_seed_0_random_forest,label_noise,0.1,random_forest,0,1000,0.05,0.1,0.49383692599654594,0.32558139534883723,0.8235294117647058,0.4666666666666667,0.8933333333333333,254,3,29,14
label_noise_0.1_seed_0_svm,label_noise,0.1,svm,0,1000,0.05,0.1,0.538697688085396,0.3023255813953488,1.0,0.4642857142857143,0.9,257,0,30,13
label_noise_0.1_seed_0_vqc_1,label_noise,0.1,vqc_1,0,1000,0.05,0.1,0.12502252897933747,0.20930232558139536,0.10344827586206896,0.13846153846153847,0.6266666666666667,179,78,34,9
anomaly_ratio_0.01_seed_2_vqc_4,anomaly_ratio,0.01,vqc_4,2,1000,0.01,0.05,0.049458382933696185,0.11764705882352941,0.04,0.05970149253731343,0.79,235,48,15,2
anomaly_ratio_0.01_seed_2_vqc_3,anomaly_ratio,0.01,vqc_3,2,1000,0.01,0.05,0.05485630090547628,0.0,0.0,0.0,0.9033333333333333,271,12,17,0
anomaly_ratio_0.01_seed_2_vqc_2,anomaly_ratio,0.01,vqc_2,2,1000,0.01,0.05,0.05614820743797654,0.0,0.0,0.0,0.9433333333333334,283,0,17,0
anomaly_ratio_0.01_seed_2_random_forest,anomaly_ratio,0.01,random_forest,2,1000,0.01,0.05,0.16217705357769918,0.058823529411764705,1.0,0.1111111111111111,0.9466666666666667,283,0,16,1
anomaly_ratio_0.01_seed_2_svm,anomaly_ratio,0.01,svm,2,1000,0.01,0.05,0.319156864028054,0.0,0.0,0.0,0.9433333333333334,283,0,17,0
anomaly_ratio_0.01_seed_2_vqc_1,anomaly_ratio,0.01,vqc_1,2,1000,0.01,0.05,0.12250549664873431,0.35294117647058826,0.0821917808219178,0.13333333333333333,0.74,216,67,11,6
anomaly_ratio_0.01_seed_4_vqc_4,anomaly_ratio,0.01,vqc_4,4,1000,0.01,0.05,0.04510982750053261,0.0,0.0,0.0,0.7566666666666667,227,55,18,0
anomaly_ratio_0.01_seed_4_vqc_3,anomaly_ratio,0.01,vqc_3,4,1000,0.01,0.05,0.09425283521053314,0.05555555555555555,0.1111111111111111,0.07407407407407407,0.9166666666666666,274,8,17,1
anomaly_ratio_0.01_seed_4_vqc_2,anomaly_ratio,0.01,vqc_2,4,1000,0.01,0.05,0.06362386503626472,0.0,0.0,0.0,0.94,282,0,18,0
anomaly_ratio_0.01_seed_4_random_forest,anomaly_ratio,0.01,random_forest,4,1000,0.01,0.05,0.18213962985223534,0.1111111111111111,0.3333333333333333,0.16666666666666666,0.9333333333333333,278,4,16,2
anomaly_ratio_0.01_seed_4_svm,anomaly_ratio,0.01,svm,4,1000,0.01,0.05,0.1335557248792047,0.05555555555555555,0.5,0.1,0.94,281,1,17,1
anomaly_ratio_0.01_seed_4_vqc_1,anomaly_ratio,0.01,vqc_1,4,1000,0.01,0.05,0.04676434363137401,0.05555555555555555,0.014285714285714285,0.022727272727272728,0.7133333333333334,213,69,17,1
anomaly_ratio_0.01_seed_3_vqc_4,anomaly_ratio,0.01,vqc_4,3,1000,0.01,0.05,0.048828737385085905,0.058823529411764705,0.022222222222222223,0.03225806451612903,0.8,239,44,16,1
anomaly_ratio_0.01_seed_3_vqc_3,anomaly_ratio,0.01,vqc_3,3,1000,0.01,0.05,0.11225431675872688,0.0,0.0,0.0,0.9366666666666666,281,2,17,0
anomaly_ratio_0.01_seed_3_vqc_2,anomaly_ratio,0.01,vqc_2,3,1000,0.01,0.05,0.11100952333853303,0.0,0.0,0.0,0.9433333333333334,283,0,17,0
anomaly_ratio_0.01_seed_3_random_forest,anomaly_ratio,0.01,random_forest,3,1000,0.01,0.05,0.2744391818693545,0.17647058823529413,1.0,0.3,0.9533333333333334,283,0,14,3
anomaly_ratio_0.01_seed_3_svm,anomaly_ratio,0.01,svm,3,1000,0.01,0.05,0.3212213049219486,0.058823529411764705,1.0,0.1111111111111111,0.9466666666666667,283,0,16,1
anomaly_ratio_0.01_seed_3_vqc_1,anomaly_ratio,0.01,vqc_1,3,1000,0.01,0.05,0.04834314272811452,0.23529411764705882,0.04,0.06837606837606838,0.6366666666666667,187,96,13,4
anomaly_ratio_0.01_seed_1_vqc_4,anomaly_ratio,0.01,vqc_4,1,1000,0.01,0.05,0.07507714804249882,0.16666666666666666,0.05357142857142857,0.08108108108108109,0.7733333333333333,229,53,15,3
anomaly_ratio_0.01_seed_1_vqc_3,anomaly_ratio,0.01,vqc_3,1,1000,0.01,0.05,0.06375090321857281,0.0,0.0,0.0,0.8866666666666667,266,16,18,0
anomaly_ratio_0.01_seed_1_vqc_2,anomaly_ratio,0.01,vqc_2,1,1000,0.01,0.05,0.06304596140973588,0.0,0.0,0.0,0.94,282,0,18,0
anomaly_ratio_0.01_seed_1_random_forest,anomaly_ratio,0.01,random_forest,1,1000,0.01,0.05,0.18301871093465463,0.05555555555555555,1.0,0.10526315789473684,0.9433333333333334,282,0,17,1
anomaly_ratio_0.01_seed_1_svm,anomaly_ratio,0.01,svm,1,1000,0.01,0.05,0.15054085291019365,0.0,0.0,0.0,0.94,282,0,18,0
anomaly_ratio_0.01_seed_1_vqc_1,anomaly_ratio,0.01,vqc_1,1,1000,0.01,0.05,0.056688611061502414,0.2222222222222222,0.05333333333333334,0.08602150537634409,0.7166666666666667,211,71,14,4
anomaly_ratio_0.01_seed_0_vqc_4,anomaly_ratio,0.01,vqc_4,0,1000,0.01,0.05,0.05850148892278344,0.16666666666666666,0.04838709677419355,0.075,0.7533333333333333,223,59,15,3
anomaly_ratio_0.01_seed_0_vqc_3,anomaly_ratio,0.01,vqc_3,0,1000,0.01,0.05,0.06964849764406256,0.0,0.0,0.0,0.9233333333333333,277,5,18,0
anomaly_ratio_0.01_seed_0_vqc_2,anomaly_ratio,0.01,vqc_2,0,1000,0.01,0.05,0.07062682424199707,0.0,0.0,0.0,0.94,282,0,18,0
anomaly_ratio_0.01_seed_0_random_forest,anomaly_ratio,0.01,random_forest,0,1000,0.01,0.05,0.264831934250234,0.16666666666666666,0.6,0.2608695652173913,0.9433333333333334,280,2,15,3
anomaly_ratio_0.01_seed_0_svm,anomaly_ratio,0.01,svm,0,1000,0.01,0.05,0.28957293518024757,0.05555555555555555,1.0,0.10526315789473684,0.9433333333333334,282,0,17,1
anomaly_ratio_0.01_seed_0_vqc_1,anomaly_ratio,0.01,vqc_1,0,1000,0.01,0.05,0.06639627252858864,0.3333333333333333,0.06315789473684211,0.10619469026548672,0.6633333333333333,193,89,12,6
anomaly_ratio_0.02_seed_2_vqc_4,anomaly_ratio,0.02,vqc_4,2,1000,0.02,0.05,0.06454020681961647,0.15,0.05660377358490566,0.0821917808219178,0.7766666666666666,230,50,17,3
anomaly_ratio_0.02_seed_2_vqc_3,anomaly_ratio,0.02,vqc_3,2,1000,0.02,0.05,0.11713365031477053,0.05,1.0,0.09523809523809523,0.9366666666666666,280,0,19,1
anomaly_ratio_0.02_seed_2_vqc_2,anomaly_ratio,0.02,vqc_2,2,1000,0.02,0.05,0.09485963949040828,0.0,0.0,0.0,0.9333333333333333,280,0,20,0
anomaly_ratio_0.02_seed_2_random_forest,anomaly_ratio,0.02,random_forest,2,1000,0.02,0.05,0.24337022866720187,0.1,1.0,0.18181818181818182,0.94,280,0,18,2
anomaly_ratio_0.02_seed_2_svm,anomaly_ratio,0.02,svm,2,1000,0.02,0.05,0.20341396256317967,0.05,1.0,0.09523809523809523,0.9366666666666666,280,0,19,1
anomaly_ratio_0.02_seed_2_vqc_1,anomaly_ratio,0.02,vqc_1,2,1000,0.02,0.05,0.05644255473515904,0.15,0.03296703296703297,0.05405405405405406,0.65,192,88,17,3
anomaly_ratio_0.02_seed_4_vqc_4,anomaly_ratio,0.02,vqc_4,4,1000,0.02,0.05,0.13108060443760183,0.15,0.057692307692307696,0.08333333333333333,0.78,231,49,17,3
anomaly_ratio_0.02_seed_4_vqc_3,anomaly_ratio,0.02,vqc_3,4,1000,0.02,0.05,0.1165018152363351,0.1,0.18181818181818182,0.12903225806451613,0.91,271,9,18,2
anomaly_ratio_0.02_seed_4_vqc_2,anomaly_ratio,0.02,vqc_2,4,1000,0.02,0.05,0.05351388211984103,0.0,0.0,0.0,0.9333333333333333,280,0,20,0
anomaly_ratio_0.02_seed_4_random_forest,anomaly_ratio,0.02,random_forest,4,1000,0.02,0.05,0.35180553951474053,0.35,0.875,0.5,0.9533333333333334,279,1,13,7
anomaly_ratio_0.02_seed_4_svm,anomaly_ratio,0.02,svm,4,1000,0.02,0.05,0.42663980021522707,0.15,1.0,0.2608695652173913,0.9433333333333334,280,0,17,3
anomaly_ratio_0.02_seed_4_vqc_1,anomaly_ratio,0.02,vqc_1,4,1000,0.02,0.05,0.06173253977355005,0.3,0.06593406593406594,0.10810810810810811,0.67,195,85,14,6
anomaly_ratio_0.02_seed_3_vqc_4,anomaly_ratio,0.02,vqc_4,3,1000,0.02,0.05,0.07622945988758599,0.25,0.078125,0.11904761904761904,0.7533333333333333,221,59,15,5
anomaly_ratio_0.02_seed_3_vqc_3,anomaly_ratio,0.02,vqc_3,3,1000,0.02,0.05,0.18089401497614843,0.05,1.0,0.09523809523809523,0.9366666666666666,280,0,19,1
anomaly_ratio_0.02_seed_3_vqc_2,anomaly_ratio,0.02,vqc_2,3,1000,0.02,0.05,0.0567018311704282,0.0,0.0,0.0,0.9333333333333333,280,0,20,0
anomaly_ratio_0.02_seed_3_random_forest,anomaly_ratio,0.02,random_forest,3,1000,0.02,0.05,0.4159329229556744,0.35,0.7777777777777778,0.4827586206896552,0.95,278,2,13,7
anomaly_ratio_0.02_seed_3_svm,anomaly_ratio,0.02,svm,3,1000,0.02,0.05,0.40177193159931157,0.3,0.8571428571428571,0.4444444444444444,0.95,279,1,14,6
anomaly_ratio_0.02_seed_3_vqc_1,anomaly_ratio,0.02,vqc_1,3,1000,0.02,0.05,0.07503216883721207,0.4,0.08,0.13333333333333333,0.6533333333333333,188,92,12,8
anomaly_ratio_0.02_seed_1_vqc_4,anomaly_ratio,0.02,vqc_4,1,1000,0.02,0.05,0.061875412405415955,0.2,0.07142857142857142,0.10526315789473684,0.7733333333333333,228,52,16,4
anomaly_ratio_0.02_seed_1_vqc_3,anomaly_ratio,0.02,vqc_3,1,1000,0.02,0.05,0.10004813046782104,0.05,0.07142857142857142,0.058823529411764705,0.8933333333333333,267,13,19,1
anomaly_ratio_0.02_seed_1_vqc_2,anomaly_ratio,0.02,vqc_2,1,1000,0.02,0.05,0.07596584834067835,0.0,0.0,0.0,0.9333333333333333,280,0,20,0
anomaly_ratio_0.02_seed_1_random_forest,anomaly_ratio,0.02,random_forest,1,1000,0.02,0.05,0.42464917027417026,0.35,1.0,0.5185185185185185,0.9566666666666667,280,0,13,7
anomaly_ratio_0.02_seed_1_svm,anomaly_ratio,0.02,svm,1,1000,0.02,0.05,0.4385758895912655,0.3,1.0,0.46153846153846156,0.9533333333333334,280,0,14,6
anomaly_ratio_0.02_seed_1_vqc_1,anomaly_ratio,0.02,vqc_1,1,1000,0.02,0.05,0.07230221425071832,0.15,0.04,0.06315789473684211,0.7033333333333334,208,72,17,3
anomaly_ratio_0.02_seed_0_vqc_4,anomaly_ratio,0.02,vqc_4,0,1000,0.02,0.05,0.07681111557154688,0.2,0.07547169811320754,0.1095890410958904,0.7833333333333333,231,49,16,4
anomaly_ratio_0.02_seed_0_vqc_3,anomaly_ratio,0.02,vqc_3,0,1000,0.02,0.05,0.1395660618887963,0.05,0.5,0.09090909090909091,0.9333333333333333,279,1,19,1
anomaly_ratio_0.02_seed_0_vqc_2,anomaly_ratio,0.02,vqc_2,0,1000,0.02,0.05,0.09557981388430177,0.0,0.0,0.0,0.9333333333333333,280,0,20,0
anomaly_ratio_0.02_seed_0_random_forest,anomaly_ratio,0.02,random_forest,0,1000,0.02,0.05,0.20403403281556737,0.1,1.0,0.18181818181818182,0.94,280,0,18,2
anomaly_ratio_0.02_seed_0_svm,anomaly_ratio,0.02,svm,0,1000,0.02,0.05,0.2326389771426354,0.1,1.0,0.18181818181818182,0.94,280,0,18,2
anomaly_ratio_0.02_seed_0_vqc_1,anomaly_ratio,0.02,vqc_1,0,1000,0.02,0.05,0.13567330955472687,0.3,0.06060606060606061,0.10084033613445378,0.6433333333333333,187,93,14,6
anomaly_ratio_0.05_seed_2_vqc_4,anomaly_ratio,0.05,vqc_4,2,1000,0.05,0.05,0.13371549940267813,0.21428571428571427,0.16216216216216217,0.18461538461538463,0.8233333333333334,241,31,22,6
anomaly_ratio_0.05_seed_2_vqc_3,anomaly_ratio,0.05,vqc_3,2,1000,0.05,0.05,0.5093927920828664,0.32142857142857145,0.9,0.47368421052631576,0.9333333333333333,271,1,19,9
anomaly_ratio_0.05_seed_2_vqc_2,anomaly_ratio,0.05,vqc_2,2,1000,0.05,0.05,0.12320778455037898,0.0,0.0,0.0,0.9066666666666666,272,0,28,0
anomaly_ratio_0.05_seed_2_random_forest,anomaly_ratio,0.05,random_forest,2,1000,0.05,0.05,0.7028405732579939,0.6428571428571429,0.9473684210526315,0.7659574468085106,0.9633333333333334,271,1,10,18
anomaly_ratio_0.05_seed_2_svm,anomaly_ratio,0.05,svm,2,1000,0.05,0.05,0.6706086932759994,0.5714285714285714,0.9411764705882353,0.7111111111111111,0.9566666666666667,271,1,12,16
anomaly_ratio_0.05_seed_2_vqc_1,anomaly_ratio,0.05,vqc_1,2,1000,0.05,0.05,0.1618370487881816,0.39285714285714285,0.13253012048192772,0.1981981981981982,0.7033333333333334,200,72,17,11
anomaly_ratio_0.05_seed_4_vqc_4,anomaly_ratio,0.05,vqc_4,4,1000,0.05,0.05,0.12565404600851296,0.14285714285714285,0.08888888888888889,0.1095890410958904,0.7833333333333333,231,41,24,4
anomaly_ratio_0.05_seed_4_vqc_3,anomaly_ratio,0.05,vqc_3,4,1000,0.05,0.05,0.30939602066075145,0.07142857142857142,0.6666666666666666,0.12903225806451613,0.91,271,1,26,2
anomaly_ratio_0.05_seed_4_vqc_2,anomaly_ratio,0.05,vqc_2,4,1000,0.05,0.05,0.10120119468603056,0.0,0.0,0.0,0.9066666666666666,272,0,28,0
anomaly_ratio_0.05_seed_4_random_forest,anomaly_ratio,0.05,random_forest,4,1000,0.05,0.05,0.6095005840399277,0.4642857142857143,0.8125,0.5909090909090909,0.94,269,3,15,13
anomaly_ratio_0.05_seed_4_svm,anomaly_ratio,0.05,svm,4,1000,0.05,0.05,0.6007469445254806,0.42857142857142855,0.9230769230769231,0.5853658536585366,0.9433333333333334,271,1,16,12
anomaly_ratio_0.05_seed_4_vqc_1,anomaly_ratio,0.05,vqc_1,4,1000,0.05,0.05,0.0889257098945863,0.2857142857142857,0.08695652173913043,0.13333333333333333,0.6533333333333333,188,84,20,8
anomaly_ratio_0.05_seed_3_vqc_4,anomaly_ratio,0.05,vqc_4,3,1000,0.05,0.05,0.15772681026146249,0.27586206896551724,0.16,0.20253164556962025,0.79,229,42,21,8
anomaly_ratio_0.05_seed_3_vqc_3,anomaly_ratio,0.05,vqc_3,3,1000,0.05,0.05,0.452172807611089,0.3448275862068966,1.0,0.5128205128205128,0.9366666666666666,271,0,19,10
anomaly_ratio_0.05_seed_3_vqc_2,anomaly_ratio,0.05,vqc_2,3,1000,0.05,0.05,0.14671729855649457,0.0,0.0,0.0,0.9033333333333333,271,0,29,0
anomaly_ratio_0.05_seed_3_random_forest,anomaly_ratio,0.05,random_forest,3,1000,0.05,0.05,0.5980503605152072,0.4827586206896552,1.0,0.6511627906976745,0.95,271,0,15,14
anomaly_ratio_0.05_seed_3_svm,anomaly_ratio,0.05,svm,3,1000,0.05,0.05,0.6197834307272745,0.5172413793103449,1.0,0.6818181818181818,0.9533333333333334,271,0,14,15
anomaly_ratio_0.05_seed_3_vqc_1,anomaly_ratio,0.05,vqc_1,3,1000,0.05,0.05,0.08747013625036253,0.06896551724137931,0.02631578947368421,0.0380952380952381,0.6633333333333333,197,74,27,2
anomaly_ratio_0.05_seed_1_vqc_4,anomaly_ratio,0.05,vqc_4,1,1000,0.05,0.05,0.10415965149077126,0.17857142857142858,0.10869565217391304,0.13513513513513514,0.7866666666666666,231,41,23,5
anomaly_ratio_0.05_seed_1_vqc_3,anomaly_ratio,0.05,vqc_3,1,1000,0.05,0.05,0.18283740723570197,0.14285714285714285,0.25,0.18181818181818182,0.88,260,12,24,4
anomaly_ratio_0.05_seed_1_vqc_2,anomaly_ratio,0.05,vqc_2,1,1000,0.05,0.05,0.10620980136334748,0.0,0.0,0.0,0.9066666666666666,272,0,28,0
anomaly_ratio_0.05_seed_1_random_forest,anomaly_ratio,0.05,random_forest,1,1000,0.05,0.05,0.5597124241685704,0.5,0.9333333333333333,0.6511627906976745,0.95,271,1,14,14
anomaly_ratio_0.05_seed_1_svm,anomaly_ratio,0.05,svm,1,1000,0.05,0.05,0.5875879127644977,0.4642857142857143,0.9285714285714286,0.6190476190476191,0.9466666666666667,271,1,15,13
anomaly_ratio_0.05_seed_1_vqc_1,anomaly_ratio,0.05,vqc_1,1,1000,0.05,0.05,0.08516752757127968,0.21428571428571427,0.07692307692307693,0.11320754716981132,0.6866666666666666,200,72,22,6
anomaly_ratio_0.05_seed_0_vqc_4,anomaly_ratio,0.05,vqc_4,0,1000,0.05,0.05,0.15374017234268803,0.13793103448275862,0.10526315789473684,0.11940298507462686,0.8033333333333333,237,34,25,4
anomaly_ratio_0.05_seed_0_vqc_3,anomaly_ratio,0.05,vqc_3,0,1000,0.05,0.05,0.28821175181692005,0.1724137931034483,1.0,0.29411764705882354,0.92,271,0,24,5
anomaly_ratio_0.05_seed_0_vqc_2,anomaly_ratio,0.05,vqc_2,0,1000,0.05,0.05,0.15920502619733984,0.0,0.0,0.0,0.9033333333333333,271,0,29,0
anomaly_ratio_0.05_seed_0_random_forest,anomaly_ratio,0.05,random_forest,0,1000,0.05,0.05,0.5149073108157349,0.3448275862068966,1.0,0.5128205128205128,0.9366666666666666,271,0,19,10
anomaly_ratio_0.05_seed_0_svm,anomaly_ratio,0.05,svm,0,1000,0.05,0.05,0.49201527940375617,0.3448275862068966,0.9090909090909091,0.5,0.9333333333333333,270,1,19,10
anomaly_ratio_0.05_seed_0_vqc_1,anomaly_ratio,0.05,vqc_1,0,1000,0.05,0.05,0.11176144759818188,0.3793103448275862,0.11827956989247312,0.18032786885245902,0.6666666666666666,189,82,18,11
anomaly_ratio_0.1_seed_2_vqc_4,anomaly_ratio,0.1,vqc_4,2,1000,0.1,0.05,0.17528525221456998,0.20930232558139536,0.15254237288135594,0.17647058823529413,0.72,207,50,34,9
anomaly_ratio_0.1_seed_2_vqc_3,anomaly_ratio,0.1,vqc_3,2,1000,0.1,0.05,0.70182244740392,0.3953488372093023,0.9444444444444444,0.5573770491803278,0.91,256,1,26,17
anomaly_ratio_0.1_seed_2_vqc_2,anomaly_ratio,0.1,vqc_2,2,1000,0.1,0.05,0.22631230267723007,0.0,0.0,0.0,0.8566666666666667,257,0,43,0
anomaly_ratio_0.1_seed_2_random_forest,anomaly_ratio,0.1,random_forest,2,1000,0.1,0.05,0.8263549123351566,0.7906976744186046,0.9714285714285714,0.8717948717948718,0.9666666666666667,256,1,9,34
anomaly_ratio_0.1_seed_2_svm,anomaly_ratio,0.1,svm,2,1000,0.1,0.05,0.8560648304591888,0.7441860465116279,0.9696969696969697,0.8421052631578947,0.96,256,1,11,32
anomaly_ratio_0.1_seed_2_vqc_1,anomaly_ratio,0.1,vqc_1,2,1000,0.1,0.05,0.1405554509770511,0.3488372093023256,0.16666666666666666,0.22556390977443608,0.6566666666666666,182,75,28,15
anomaly_ratio_0.1_seed_4_vqc_4,anomaly_ratio,0.1,vqc_4,4,1000,0.1,0.05,0.14853324691758313,0.14634146341463414,0.13953488372093023,0.14285714285714285,0.76,222,37,35,6
anomaly_ratio_0.1_seed_4_vqc_3,anomaly_ratio,0.1,vqc_3,4,1000,0.1,0.05,0.5091699505634737,0.21951219512195122,0.9,0.35294117647058826,0.89,258,1,32,9
anomaly_ratio_0.1_seed_4_vqc_2,anomaly_ratio,0.1,vqc_2,4,1000,0.1,0.05,0.2078284598329078,0.0,0.0,0.0,0.8633333333333333,259,0,41,0
anomaly_ratio_0.1_seed_4_random_forest,anomaly_ratio,0.1,random_forest,4,1000,0.1,0.05,0.6871093113620094,0.6097560975609756,0.8928571428571429,0.7246376811594203,0.9366666666666666,256,3,16,25
anomaly_ratio_0.1_seed_4_svm,anomaly_ratio,0.1,svm,4,1000,0.1,0.05,0.6743404086615219,0.5609756097560976,0.8846153846153846,0.6865671641791045,0.93,256,3,18,23
anomaly_ratio_0.1_seed_4_vqc_1,anomaly_ratio,0.1,vqc_1,4,1000,0.1,0.05,0.15389058509486664,0.4878048780487805,0.17543859649122806,0.25806451612903225,0.6166666666666667,165,94,21,20
anomaly_ratio_0.1_seed_3_vqc_4,anomaly_ratio,0.1,vqc_4,3,1000,0.1,0.05,0.14859232088575577,0.11904761904761904,0.10638297872340426,0.11235955056179775,0.7366666666666667,216,42,37,5
anomaly_ratio_0.1_seed_3_vqc_3,anomaly_ratio,0.1,vqc_3,3,1000,0.1,0.05,0.4345347063383731,0.16666666666666666,1.0,0.2857142857142857,0.8833333333333333,258,0,35,7
anomaly_ratio_0.1_seed_3_vqc_2,anomaly_ratio,0.1,vqc_2,3,1000,0.1,0.05,0.2481931687789165,0.0,0.0,0.0,0.86,258,0,42,0
anomaly_ratio_0.1_seed_3_random_forest,anomaly_ratio,0.1,random_forest,3,1000,0.1,0.05,0.6686438286749596,0.5714285714285714,0.96,0.7164179104477612,0.9366666666666666,257,1,18,24
anomaly_ratio_0.1_seed_3_svm,anomaly_ratio,0.1,svm,3,1000,0.1,0.05,0.7126678780672798,0.5714285714285714,1.0,0.7272727272727273,0.94,258,0,18,24
anomaly_ratio_0.1_seed_3_vqc_1,anomaly_ratio,0.1,vqc_1,3,1000,0.1,0.05,0.14501346326015851,0.30952380952380953,0.1566265060240964,0.208,0.67,188,70,29,13
anomaly_ratio_0.1_seed_1_vqc_4,anomaly_ratio,0.1,vqc_4,1,1000,0.1,0.05,0.15956372232685015,0.19047619047619047,0.11764705882352941,0.14545454545454545,0.6866666666666666,198,60,34,8
anomaly_ratio_0.1_seed_1_vqc_3,anomaly_ratio,0.1,vqc_3,1,1000,0.1,0.05,0.14593812193733696,0.0,0.0,0.0,0.83,249,9,42,0
anomaly_ratio_0.1_seed_1_vqc_2,anomaly_ratio,0.1,vqc_2,1,1000,0.1,0.05,0.2028976625704579,0.0,0.0,0.0,0.86,258,0,42,0
anomaly_ratio_0.1_seed_1_random_forest,anomaly_ratio,0.1,random_forest,1,1000,0.1,0.05,0.7415746834475696,0.6666666666666666,0.9333333333333333,0.7777777777777778,0.9466666666666667,256,2,14,28
anomaly_ratio_0.1_seed_1_svm,anomaly_ratio,0.1,svm,1,1000,0.1,0.05,0.7059669996240319,0.6666666666666666,0.9032258064516129,0.7671232876712328,0.9433333333333334,255,3,14,28
anomaly_ratio_0.1_seed_1_vqc_1,anomaly_ratio,0.1,vqc_1,1,1000,0.1,0.05,0.15676358417814995,0.23809523809523808,0.1282051282051282,0.16666666666666666,0.6666666666666666,190,68,32,10
anomaly_ratio_0.1_seed_0_vqc_4,anomaly_ratio,0.1,vqc_4,0,1000,0.1,0.05,0.15753436785987077,0.1590909090909091,0.175,0.16666666666666666,0.7666666666666667,223,33,37,7
anomaly_ratio_0.1_seed_0_vqc_3,anomaly_ratio,0.1,vqc_3,0,1000,0.1,0.05,0.38076951233178735,0.1590909090909091,0.7777777777777778,0.2641509433962264,0.87,254,2,37,7
anomaly_ratio_0.1_seed_0_vqc_2,anomaly_ratio,0.1,vqc_2,0,1000,0.1,0.05,0.1687666136952156,0.0,0.0,0.0,0.8533333333333334,256,0,44,0
anomaly_ratio_0.1_seed_0_random_forest,anomaly_ratio,0.1,random_forest,0,1000,0.1,0.05,0.6799419283236983,0.5909090909090909,0.9629629629629629,0.7323943661971831,0.9366666666666666,255,1,18,26
anomaly_ratio_0.1_seed_0_svm,anomaly_ratio,0.1,svm,0,1000,0.1,0.05,0.6606867321368445,0.5909090909090909,0.9629629629629629,0.7323943661971831,0.9366666666666666,255,1,18,26
anomaly_ratio_0.1_seed_0_vqc_1,anomaly_ratio,0.1,vqc_1,0,1000,0.1,0.05,0.1788975355278826,0.20454545454545456,0.15,0.17307692307692307,0.7133333333333334,205,51,35,9
n_samples_300_seed_2_vqc_4,n_samples,300,vqc_4,2,300,0.05,0.05,0.10083433866328603,0.125,0.0625,0.08333333333333333,0.7555555555555555,67,15,7,1
n_samples_300_seed_2_vqc_3,n_samples,300,vqc_3,2,300,0.05,0.05,0.49063717113639715,0.375,1.0,0.5454545454545454,0.9444444444444444,82,0,5,3
n_samples_300_seed_2_vqc_2,n_samples,300,vqc_2,2,300,0.05,0.05,0.16800625582086565,0.0,0.0,0.0,0.9111111111111111,82,0,8,0
n_samples_300_seed_2_random_forest,n_samples,300,random_forest,2,300,0.05,0.05,0.32682748538011697,0.5,0.5714285714285714,0.5333333333333333,0.9222222222222223,79,3,4,4
n_samples_300_seed_2_svm,n_samples,300,svm,2,300,0.05,0.05,0.4489762632272076,0.375,0.75,0.5,0.9333333333333333,81,1,5,3
n_samples_300_seed_2_vqc_1,n_samples,300,vqc_1,2,300,0.05,0.05,0.12311004100993658,0.375,0.1111111111111111,0.17142857142857143,0.6777777777777778,58,24,5,3
n_samples_300_seed_4_vqc_4,n_samples,300,vqc_4,4,300,0.05,0.05,0.07250964527477016,0.125,0.037037037037037035,0.05714285714285714,0.6333333333333333,56,26,7,1
n_samples_300_seed_4_vqc_3,n_samples,300,vqc_3,4,300,0.05,0.05,0.26020025760193305,0.125,0.14285714285714285,0.13333333333333333,0.8555555555555555,76,6,7,1
n_samples_300_seed_4_vqc_2,n_samples,300,vqc_2,4,300,0.05,0.05,0.14779109532629517,0.0,0.0,0.0,0.9111111111111111,82,0,8,0
n_samples_300_seed_4_random_forest,n_samples,300,random_forest,4,300,0.05,0.05,0.5620666292869825,0.5,0.6666666666666666,0.5714285714285714,0.9333333333333333,80,2,4,4
n_samples_300_seed_4_svm,n_samples,300,svm,4,300,0.05,0.05,0.5494270833333333,0.5,0.8,0.6153846153846154,0.9444444444444444,81,1,4,4
n_samples_300_seed_4_vqc_1,n_samples,300,vqc_1,4,300,0.05,0.05,0.15081159016945145,0.25,0.06060606060606061,0.0975609756097561,0.5888888888888889,51,31,6,2
n_samples_300_seed_3_vqc_4,n_samples,300,vqc_4,3,300,0.05,0.05,0.2120222244116416,0.125,0.0625,0.08333333333333333,0.7555555555555555,67,15,7,1
n_samples_300_seed_3_vqc_3,n_samples,300,vqc_3,3,300,0.05,0.05,0.2521557429878728,0.125,0.3333333333333333,0.18181818181818182,0.9,80,2,7,1
n_samples_300_seed_3_vqc_2,n_samples,300,vqc_2,3,300,0.05,0.05,0.12154046208631991,0.0,0.0,0.0,0.9111111111111111,82,0,8,0
n_samples_300_seed_3_random_forest,n_samples,300,random_forest,3,300,0.05,0.05,0.22392124005027228,0.125,0.3333333333333333,0.18181818181818182,0.9,80,2,7,1
n_samples_300_seed_3_svm,n_samples,300,svm,3,300,0.05,0.05,0.23819802504868787,0.125,0.5,0.2,0.9111111111111111,81,1,7,1
n_samples_300_seed_3_vqc_1,n_samples,300,vqc_1,3,300,0.05,0.05,0.13193575770075158,0.375,0.10344827586206896,0.16216216216216217,0.6555555555555556,56,26,5,3
n_samples_300_seed_1_vqc_4,n_samples,300,vqc_4,1,300,0.05,0.05,0.12226091725514453,0.2222222222222222,0.125,0.16,0.7666666666666667,67,14,7,2
n_samples_300_seed_1_vqc_3,n_samples,300,vqc_3,1,300,0.05,0.05,0.3245835186857049,0.0,0.0,0.0,0.8888888888888888,80,1,9,0
n_samples_300_seed_1_vqc_2,n_samples,300,vqc_2,1,300,0.05,0.05,0.10092318368373357,0.0,0.0,0.0,0.9,81,0,9,0
n_samples_300_seed_1_random_forest,n_samples,300,random_forest,1,300,0.05,0.05,0.6464248176748177,0.4444444444444444,1.0,0.6153846153846154,0.9444444444444444,81,0,5,4
n_samples_300_seed_1_svm,n_samples,300,svm,1,300,0.05,0.05,0.5248683158214058,0.4444444444444444,1.0,0.6153846153846154,0.9444444444444444,81,0,5,4
n_samples_300_seed_1_vqc_1,n_samples,300,vqc_1,1,300,0.05,0.05,0.26591642465357446,0.5555555555555556,0.17857142857142858,0.2702702702702703,0.7,58,23,4,5
n_samples_300_seed_0_vqc_4,n_samples,300,vqc_4,0,300,0.05,0.05,0.1868886814195982,0.375,0.23076923076923078,0.2857142857142857,0.8333333333333334,72,10,5,3
n_samples_300_seed_0_vqc_3,n_samples,300,vqc_3,0,300,0.05,0.05,0.35841903383732265,0.125,1.0,0.2222222222222222,0.9222222222222223,82,0,7,1
n_samples_300_seed_0_vqc_2,n_samples,300,vqc_2,0,300,0.05,0.05,0.1336465322203152,0.0,0.0,0.0,0.9111111111111111,82,0,8,0
n_samples_300_seed_0_random_forest,n_samples,300,random_forest,0,300,0.05,0.05,0.5923664393293548,0.5,1.0,0.6666666666666666,0.9555555555555556,82,0,4,4
n_samples_300_seed_0_svm,n_samples,300,svm,0,300,0.05,0.05,0.6400303202894666,0.375,1.0,0.5454545454545454,0.9444444444444444,82,0,5,3
n_samples_300_seed_0_vqc_1,n_samples,300,vqc_1,0,300,0.05,0.05,0.11045001771104712,0.375,0.08571428571428572,0.13953488372093023,0.5888888888888889,50,32,5,3
n_samples_10000_seed_2_vqc_4,n_samples,10000,vqc_4,2,10000,0.05,0.05,0.09372463295695369,0.12857142857142856,0.08256880733944955,0.1005586592178771,0.7853333333333333,2320,400,244,36
n_samples_10000_seed_2_vqc_3,n_samples,10000,vqc_3,2,10000,0.05,0.05,0.3419414046925253,0.2714285714285714,0.3781094527363184,0.316008316008316,0.8903333333333333,2595,125,204,76
n_samples_10000_seed_2_vqc_2,n_samples,10000,vqc_2,2,10000,0.05,0.05,0.09786190889662744,0.0,0.0,0.0,0.9066666666666666,2720,0,280,0
n_samples_10000_seed_2_random_forest,n_samples,10000,random_forest,2,10000,0.05,0.05,0.5731186246313079,0.5071428571428571,0.9403973509933775,0.6589327146171694,0.951,2711,9,138,142
n_samples_10000_seed_2_svm,n_samples,10000,svm,2,10000,0.05,0.05,0.5828530036085997,0.5035714285714286,0.94,0.6558139534883721,0.9506666666666667,2711,9,139,141
n_samples_10000_seed_2_vqc_1,n_samples,10000,vqc_1,2,10000,0.05,0.05,0.10699813543873873,0.26071428571428573,0.10195530726256984,0.1465863453815261,0.7166666666666667,2077,643,207,73
n_samples_10000_seed_4_vqc_4,n_samples,10000,vqc_4,4,10000,0.05,0.05,0.09964426169591913,0.16129032258064516,0.10392609699769054,0.12640449438202248,0.7926666666666666,2333,388,234,45
n_samples_10000_seed_4_vqc_3,n_samples,10000,vqc_3,4,10000,0.05,0.05,0.35797585961077133,0.15770609318996415,0.8979591836734694,0.2682926829268293,0.92,2716,5,235,44
n_samples_10000_seed_4_vqc_2,n_samples,10000,vqc_2,4,10000,0.05,0.05,0.13522343112557542,0.0,0.0,0.0,0.907,2721,0,279,0
n_samples_10000_seed_4_random_forest,n_samples,10000,random_forest,4,10000,0.05,0.05,0.5516290874209722,0.45878136200716846,0.9411764705882353,0.6168674698795181,0.947,2713,8,151,128
n_samples_10000_seed_4_svm,n_samples,10000,svm,4,10000,0.05,0.05,0.5273186482559227,0.45161290322580644,0.9333333333333333,0.6086956521739131,0.946,2712,9,153,126
n_samples_10000_seed_4_vqc_1,n_samples,10000,vqc_1,4,10000,0.05,0.05,0.10165760834035836,0.2974910394265233,0.10466582597730138,0.15485074626865672,0.698,2011,710,196,83
n_samples_10000_seed_3_vqc_4,n_samples,10000,vqc_4,3,10000,0.05,0.05,0.11828661211940047,0.18213058419243985,0.1261904761904762,0.1490857946554149,0.7983333333333333,2342,367,238,53
n_samples_10000_seed_3_vqc_3,n_samples,10000,vqc_3,3,10000,0.05,0.05,0.35191681282465914,0.14432989690721648,0.875,0.24778761061946902,0.915,2703,6,249,42
n_samples_10000_seed_3_vqc_2,n_samples,10000,vqc_2,3,10000,0.05,0.05,0.10683963598864038,0.0,0.0,0.0,0.903,2709,0,291,0
n_samples_10000_seed_3_random_forest,n_samples,10000,random_forest,3,10000,0.05,0.05,0.5481629454790982,0.4845360824742268,0.9463087248322147,0.6409090909090909,0.9473333333333334,2701,8,150,141
n_samples_10000_seed_3_svm,n_samples,10000,svm,3,10000,0.05,0.05,0.5695895325925366,0.4742268041237113,0.9517241379310345,0.6330275229357798,0.9466666666666667,2702,7,153,138
n_samples_10000_seed_3_vqc_1,n_samples,10000,vqc_1,3,10000,0.05,0.05,0.10789292963321662,0.27491408934707906,0.1,0.1466544454628781,0.6896666666666667,1989,720,211,80
n_samples_10000_seed_1_vqc_4,n_samples,10000,vqc_4,1,10000,0.05,0.05,0.11287021987510412,0.176056338028169,0.11655011655011654,0.1402524544179523,0.7956666666666666,2337,379,234,50
n_samples_10000_seed_1_vqc_3,n_samples,10000,vqc_3,1,10000,0.05,0.05,0.39011524101426126,0.1936619718309859,0.9649122807017544,0.3225806451612903,0.923,2714,2,229,55
n_samples_10000_seed_1_vqc_2,n_samples,10000,vqc_2,1,10000,0.05,0.05,0.11358510288047066,0.0,0.0,0.0,0.9053333333333333,2716,0,284,0
n_samples_10000_seed_1_random_forest,n_samples,10000,random_forest,1,10000,0.05,0.05,0.5594661805661248,0.47183098591549294,0.9710144927536232,0.6350710900473934,0.9486666666666667,2712,4,150,134
n_samples_10000_seed_1_svm,n_samples,10000,svm,1,10000,0.05,0.05,0.5673090049841993,0.46830985915492956,0.9708029197080292,0.6318289786223278,0.9483333333333334,2712,4,151,133
n_samples_10000_seed_1_vqc_1,n_samples,10000,vqc_1,1,10000,0.05,0.05,0.0924491942775283,0.25,0.08919597989949749,0.13148148148148148,0.6873333333333334,1991,725,213,71
n_samples_10000_seed_0_vqc_4,n_samples,10000,vqc_4,0,10000,0.05,0.05,0.10947478546619331,0.18149466192170818,0.1234866828087167,0.14697406340057637,0.8026666666666666,2357,362,230,51
n_samples_10000_seed_0_vqc_3,n_samples,10000,vqc_3,0,10000,0.05,0.05,0.32919895384669157,0.1601423487544484,0.9183673469387755,0.2727272727272727,0.92,2715,4,236,45
n_samples_10000_seed_0_vqc_2,n_samples,10000,vqc_2,0,10000,0.05,0.05,0.12382174392378159,0.0,0.0,0.0,0.9063333333333333,2719,0,281,0
n_samples_10000_seed_0_random_forest,n_samples,10000,random_forest,0,10000,0.05,0.05,0.5327365915815488,0.48398576512455516,0.9444444444444444,0.64,0.949,2711,8,145,136
n_samples_10000_seed_0_svm,n_samples,10000,svm,0,10000,0.05,0.05,0.5573814303279016,0.47686832740213525,0.9436619718309859,0.6335697399527187,0.9483333333333334,2711,8,147,134
n_samples_10000_seed_0_vqc_1,n_samples,10000,vqc_1,0,10000,0.05,0.05,0.09593911909836823,0.2526690391459075,0.09354413702239789,0.13653846153846153,0.7006666666666667,2031,688,210,71
n_samples_5000_seed_2_vqc_4,n_samples,5000,vqc_4,2,5000,0.05,0.05,0.12361742209974301,0.18181818181818182,0.15294117647058825,0.16613418530351437,0.826,1213,144,117,26
n_samples_5000_seed_2_vqc_3,n_samples,5000,vqc_3,2,5000,0.05,0.05,0.4397656030391737,0.23776223776223776,1.0,0.384180790960452,0.9273333333333333,1357,0,109,34
n_samples_5000_seed_2_vqc_2,n_samples,5000,vqc_2,2,5000,0.05,0.05,0.10761623106599863,0.0,0.0,0.0,0.9046666666666666,1357,0,143,0
n_samples_5000_seed_2_random_forest,n_samples,5000,random_forest,2,5000,0.05,0.05,0.6427055784222008,0.5524475524475524,0.9518072289156626,0.6991150442477876,0.9546666666666667,1353,4,64,79
n_samples_5000_seed_2_svm,n_samples,5000,svm,2,5000,0.05,0.05,0.6312543163134652,0.5314685314685315,0.9620253164556962,0.6846846846846847,0.9533333333333334,1354,3,67,76
n_samples_5000_seed_2_vqc_1,n_samples,5000,vqc_1,2,5000,0.05,0.05,0.11828398737847848,0.2937062937062937,0.10880829015544041,0.15879017013232513,0.7033333333333334,1013,344,101,42
n_samples_5000_seed_4_vqc_4,n_samples,5000,vqc_4,4,5000,0.05,0.05,0.13094569521652952,0.18055555555555555,0.13978494623655913,0.15757575757575756,0.8146666666666667,1196,160,118,26
n_samples_5000_seed_4_vqc_3,n_samples,5000,vqc_3,4,5000,0.05,0.05,0.3496637040701571,0.1597222222222222,0.8846153846153846,0.27058823529411763,0.9173333333333333,1353,3,121,23
n_samples_5000_seed_4_vqc_2,n_samples,5000,vqc_2,4,5000,0.05,0.05,0.12965930121253033,0.0,0.0,0.0,0.904,1356,0,144,0
n_samples_5000_seed_4_random_forest,n_samples,5000,random_forest,4,5000,0.05,0.05,0.570008552600903,0.5,0.935064935064935,0.6515837104072398,0.9486666666666667,1351,5,72,72
n_samples_5000_seed_4_svm,n_samples,5000,svm,4,5000,0.05,0.05,0.592136101266214,0.4930555555555556,0.9594594594594594,0.6513761467889908,0.9493333333333334,1353,3,73,71
n_samples_5000_seed_4_vqc_1,n_samples,5000,vqc_1,4,5000,0.05,0.05,0.11532430176143316,0.3055555555555556,0.10784313725490197,0.15942028985507245,0.6906666666666667,992,364,100,44
n_samples_5000_seed_3_vqc_4,n_samples,5000,vqc_4,3,5000,0.05,0.05,0.14769165570772036,0.2112676056338028,0.16304347826086957,0.18404907975460122,0.8226666666666667,1204,154,112,30
n_samples_5000_seed_3_vqc_3,n_samples,5000,vqc_3,3,5000,0.05,0.05,0.3884829370023779,0.176056338028169,0.9615384615384616,0.2976190476190476,0.9213333333333333,1357,1,117,25
n_samples_5000_seed_3_vqc_2,n_samples,5000,vqc_2,3,5000,0.05,0.05,0.13471233679231615,0.0,0.0,0.0,0.9053333333333333,1358,0,142,0
n_samples_5000_seed_3_random_forest,n_samples,5000,random_forest,3,5000,0.05,0.05,0.5192819003332616,0.45774647887323944,0.9420289855072463,0.6161137440758294,0.946,1354,4,77,65
n_samples_5000_seed_3_svm,n_samples,5000,svm,3,5000,0.05,0.05,0.5480167481096574,0.4507042253521127,0.9552238805970149,0.6124401913875598,0.946,1355,3,78,64
n_samples_5000_seed_3_vqc_1,n_samples,5000,vqc_1,3,5000,0.05,0.05,0.09524836022243802,0.2605633802816901,0.08466819221967964,0.12780656303972365,0.6633333333333333,958,400,105,37
n_samples_5000_seed_1_vqc_4,n_samples,5000,vqc_4,1,5000,0.05,0.05,0.09986103539175697,0.11888111888111888,0.08629441624365482,0.1,0.796,1177,180,126,17
n_samples_5000_seed_1_vqc_3,n_samples,5000,vqc_3,1,5000,0.05,0.05,0.3755524524137718,0.13986013986013987,1.0,0.24539877300613497,0.918,1357,0,123,20
n_samples_5000_seed_1_vqc_2,n_samples,5000,vqc_2,1,5000,0.05,0.05,0.1224519494252401,0.0,0.0,0.0,0.9046666666666666,1357,0,143,0
n_samples_5000_seed_1_random_forest,n_samples,5000,random_forest,1,5000,0.05,0.05,0.5877029716402425,0.4965034965034965,0.9594594594594594,0.6543778801843319,0.95,1354,3,72,71
n_samples_5000_seed_1_svm,n_samples,5000,svm,1,5000,0.05,0.05,0.5885459773037159,0.4825174825174825,0.9583333333333334,0.641860465116279,0.9486666666666667,1354,3,74,69
n_samples_5000_seed_1_vqc_1,n_samples,5000,vqc_1,1,5000,0.05,0.05,0.12875761878776967,0.2727272727272727,0.10182767624020887,0.1482889733840304,0.7013333333333334,1013,344,104,39
n_samples_5000_seed_0_vqc_4,n_samples,5000,vqc_4,0,5000,0.05,0.05,0.09632988278329899,0.14084507042253522,0.08695652173913043,0.10752688172043011,0.7786666666666666,1148,210,122,20
n_samples_5000_seed_0_vqc_3,n_samples,5000,vqc_3,0,5000,0.05,0.05,0.37179102979519,0.1619718309859155,0.8846153846153846,0.27380952380952384,0.9186666666666666,1355,3,119,23
n_samples_5000_seed_0_vqc_2,n_samples,5000,vqc_2,0,5000,0.05,0.05,0.13207712605459615,0.0,0.0,0.0,0.9053333333333333,1358,0,142,0
n_samples_5000_seed_0_random_forest,n_samples,5000,random_forest,0,5000,0.05,0.05,0.5589550324760238,0.5070422535211268,0.9230769230769231,0.6545454545454545,0.9493333333333334,1352,6,70,72
n_samples_5000_seed_0_svm,n_samples,5000,svm,0,5000,0.05,0.05,0.5644174488685386,0.4788732394366197,0.918918918918919,0.6296296296296297,0.9466666666666667,1352,6,74,68
n_samples_5000_seed_0_vqc_1,n_samples,5000,vqc_1,0,5000,0.05,0.05,0.11198997333610072,0.323943661971831,0.11057692307692307,0.16487455197132617,0.6893333333333334,988,370,96,46
n_samples_1000_seed_2_vqc_4,n_samples,1000,vqc_4,2,1000,0.05,0.05,0.12972613240542386,0.21428571428571427,0.16666666666666666,0.1875,0.8266666666666667,242,30,22,6
n_samples_1000_seed_2_vqc_3,n_samples,1000,vqc_3,2,1000,0.05,0.05,0.5208253651078855,0.32142857142857145,0.9,0.47368421052631576,0.9333333333333333,271,1,19,9
n_samples_1000_seed_2_vqc_2,n_samples,1000,vqc_2,2,1000,0.05,0.05,0.12401813093266334,0.0,0.0,0.0,0.9066666666666666,272,0,28,0
n_samples_1000_seed_2_random_forest,n_samples,1000,random_forest,2,1000,0.05,0.05,0.7028405732579939,0.6428571428571429,0.9473684210526315,0.7659574468085106,0.9633333333333334,271,1,10,18
n_samples_1000_seed_2_svm,n_samples,1000,svm,2,1000,0.05,0.05,0.6706086932759994,0.5714285714285714,0.9411764705882353,0.7111111111111111,0.9566666666666667,271,1,12,16
n_samples_1000_seed_2_vqc_1,n_samples,1000,vqc_1,2,1000,0.05,0.05,0.08814836559228076,0.32142857142857145,0.07563025210084033,0.12244897959183673,0.57,162,110,19,9
n_samples_1000_seed_4_vqc_4,n_samples,1000,vqc_4,4,1000,0.05,0.05,0.15855801700496114,0.10714285714285714,0.1,0.10344827586206896,0.8266666666666667,245,27,25,3
n_samples_1000_seed_4_vqc_3,n_samples,1000,vqc_3,4,1000,0.05,0.05,0.3103759835169795,0.07142857142857142,0.6666666666666666,0.12903225806451613,0.91,271,1,26,2
n_samples_1000_seed_4_vqc_2,n_samples,1000,vqc_2,4,1000,0.05,0.05,0.09137668972994784,0.0,0.0,0.0,0.9066666666666666,272,0,28,0
n_samples_1000_seed_4_random_forest,n_samples,1000,random_forest,4,1000,0.05,0.05,0.6095005840399277,0.4642857142857143,0.8125,0.5909090909090909,0.94,269,3,15,13
n_samples_1000_seed_4_svm,n_samples,1000,svm,4,1000,0.05,0.05,0.6007469445254806,0.42857142857142855,0.9230769230769231,0.5853658536585366,0.9433333333333334,271,1,16,12
n_samples_1000_seed_4_vqc_1,n_samples,1000,vqc_1,4,1000,0.05,0.05,0.07589855885637095,0.21428571428571427,0.06666666666666667,0.1016949152542373,0.6466666666666666,188,84,22,6
n_samples_1000_seed_3_vqc_4,n_samples,1000,vqc_4,3,1000,0.05,0.05,0.15167727869581224,0.27586206896551724,0.1702127659574468,0.21052631578947367,0.8,232,39,21,8
n_samples_1000_seed_3_vqc_3,n_samples,1000,vqc_3,3,1000,0.05,0.05,0.4602695637260304,0.3448275862068966,1.0,0.5128205128205128,0.9366666666666666,271,0,19,10
n_samples_1000_seed_3_vqc_2,n_samples,1000,vqc_2,3,1000,0.05,0.05,0.15233623417112852,0.0,0.0,0.0,0.9033333333333333,271,0,29,0
n_samples_1000_seed_3_random_forest,n_samples,1000,random_forest,3,1000,0.05,0.05,0.5980503605152072,0.4827586206896552,1.0,0.6511627906976745,0.95,271,0,15,14
n_samples_1000_seed_3_svm,n_samples,1000,svm,3,1000,0.05,0.05,0.6197834307272745,0.5172413793103449,1.0,0.6818181818181818,0.9533333333333334,271,0,14,15
n_samples_1000_seed_3_vqc_1,n_samples,1000,vqc_1,3,1000,0.05,0.05,0.09362462172832653,0.1724137931034483,0.06172839506172839,0.09090909090909091,0.6666666666666666,195,76,24,5
n_samples_1000_seed_1_vqc_4,n_samples,1000,vqc_4,1,1000,0.05,0.05,0.10446013714058305,0.14285714285714285,0.1,0.11764705882352941,0.8,236,36,24,4
n_samples_1000_seed_1_vqc_3,n_samples,1000,vqc_3,1,1000,0.05,0.05,0.18673527106391263,0.14285714285714285,0.26666666666666666,0.18604651162790697,0.8833333333333333,261,11,24,4
n_samples_1000_seed_1_vqc_2,n_samples,1000,vqc_2,1,1000,0.05,0.05,0.12359479895276224,0.0,0.0,0.0,0.9066666666666666,272,0,28,0
n_samples_1000_seed_1_random_forest,n_samples,1000,random_forest,1,1000,0.05,0.05,0.5597124241685704,0.5,0.9333333333333333,0.6511627906976745,0.95,271,1,14,14
n_samples_1000_seed_1_svm,n_samples,1000,svm,1,1000,0.05,0.05,0.5875879127644977,0.4642857142857143,0.9285714285714286,0.6190476190476191,0.9466666666666667,271,1,15,13
n_samples_1000_seed_1_vqc_1,n_samples,1000,vqc_1,1,1000,0.05,0.05,0.10078233778696788,0.2857142857142857,0.10256410256410256,0.1509433962264151,0.7,202,70,20,8
n_samples_1000_seed_0_vqc_4,n_samples,1000,vqc_4,0,1000,0.05,0.05,0.15182201940912127,0.20689655172413793,0.2,0.2033898305084746,0.8433333333333334,247,24,23,6
n_samples_1000_seed_0_vqc_3,n_samples,1000,vqc_3,0,1000,0.05,0.05,0.2879988386449631,0.13793103448275862,1.0,0.24242424242424243,0.9166666666666666,271,0,25,4
n_samples_1000_seed_0_vqc_2,n_samples,1000,vqc_2,0,1000,0.05,0.05,0.09927348630444875,0.0,0.0,0.0,0.9033333333333333,271,0,29,0
n_samples_1000_seed_0_random_forest,n_samples,1000,random_forest,0,1000,0.05,0.05,0.5149073108157349,0.3448275862068966,1.0,0.5128205128205128,0.9366666666666666,271,0,19,10
n_samples_1000_seed_0_svm,n_samples,1000,svm,0,1000,0.05,0.05,0.49201527940375617,0.3448275862068966,0.9090909090909091,0.5,0.9333333333333333,270,1,19,10
n_samples_1000_seed_0_vqc_1,n_samples,1000,vqc_1,0,1000,0.05,0.05,0.11056808205542816,0.3793103448275862,0.12359550561797752,0.1864406779661017,0.68,193,78,18,11
label_noise_0.05_seed_2_vqc_4,label_noise,0.05,vqc_4,2,1000,0.05,0.05,0.15194171678146423,0.21428571428571427,0.1935483870967742,0.2033898305084746,0.8433333333333334,247,25,22,6
label_noise_0.05_seed_2_vqc_3,label_noise,0.05,vqc_3,2,1000,0.05,0.05,0.5049855904521996,0.32142857142857145,0.9,0.47368421052631576,0.9333333333333333,271,1,19,9
label_noise_0.05_seed_2_vqc_2,label_noise,0.05,vqc_2,2,1000,0.05,0.05,0.12295104877863554,0.0,0.0,0.0,0.9066666666666666,272,0,28,0
label_noise_0.05_seed_2_random_forest,label_noise,0.05,random_forest,2,1000,0.05,0.05,0.7028405732579939,0.6428571428571429,0.9473684210526315,0.7659574468085106,0.9633333333333334,271,1,10,18
label_noise_0.05_seed_2_svm,label_noise,0.05,svm,2,1000,0.05,0.05,0.6706086932759994,0.5714285714285714,0.9411764705882353,0.7111111111111111,0.9566666666666667,271,1,12,16
label_noise_0.05_seed_2_vqc_1,label_noise,0.05,vqc_1,2,1000,0.05,0.05,0.08509686952474058,0.32142857142857145,0.08333333333333333,0.1323529411764706,0.6066666666666667,173,99,19,9
label_noise_0.05_seed_4_vqc_4,label_noise,0.05,vqc_4,4,1000,0.05,0.05,0.14204676958160495,0.07142857142857142,0.06451612903225806,0.06779661016949153,0.8166666666666667,243,29,26,2
label_noise_0.05_seed_4_vqc_3,label_noise,0.05,vqc_3,4,1000,0.05,0.05,0.32295977293318395,0.07142857142857142,0.6666666666666666,0.12903225806451613,0.91,271,1,26,2
label_noise_0.05_seed_4_vqc_2,label_noise,0.05,vqc_2,4,1000,0.05,0.05,0.10301519704765405,0.0,0.0,0.0,0.9066666666666666,272,0,28,0
label_noise_0.05_seed_4_random_forest,label_noise,0.05,random_forest,4,1000,0.05,0.05,0.6095005840399277,0.4642857142857143,0.8125,0.5909090909090909,0.94,269,3,15,13
label_noise_0.05_seed_4_svm,label_noise,0.05,svm,4,1000,0.05,0.05,0.6007469445254806,0.42857142857142855,0.9230769230769231,0.5853658536585366,0.9433333333333334,271,1,16,12
label_noise_0.05_seed_4_vqc_1,label_noise,0.05,vqc_1,4,1000,0.05,0.05,0.08705562273548467,0.25,0.08045977011494253,0.12173913043478261,0.6633333333333333,192,80,21,7
label_noise_0.05_seed_3_vqc_4,label_noise,0.05,vqc_4,3,1000,0.05,0.05,0.14785455991816704,0.2413793103448276,0.14,0.17721518987341772,0.7833333333333333,228,43,22,7
label_noise_0.05_seed_3_vqc_3,label_noise,0.05,vqc_3,3,1000,0.05,0.05,0.45812409061719134,0.3448275862068966,1.0,0.5128205128205128,0.9366666666666666,271,0,19,10
label_noise_0.05_seed_3_vqc_2,label_noise,0.05,vqc_2,3,1000,0.05,0.05,0.17026381533761226,0.0,0.0,0.0,0.9033333333333333,271,0,29,0
label_noise_0.05_seed_3_random_forest,label_noise,0.05,random_forest,3,1000,0.05,0.05,0.5980503605152072,0.4827586206896552,1.0,0.6511627906976745,0.95,271,0,15,14
label_noise_0.05_seed_3_svm,label_noise,0.05,svm,3,1000,0.05,0.05,0.6197834307272745,0.5172413793103449,1.0,0.6818181818181818,0.9533333333333334,271,0,14,15
label_noise_0.05_seed_3_vqc_1,label_noise,0.05,vqc_1,3,1000,0.05,0.05,0.09331901734494194,0.13793103448275862,0.04878048780487805,0.07207207207207207,0.6566666666666666,193,78,25,4
label_noise_0.05_seed_1_vqc_4,label_noise,0.05,vqc_4,1,1000,0.05,0.05,0.116830354180119,0.25,0.14893617021276595,0.18666666666666668,0.7966666666666666,232,40,21,7
label_noise_0.05_seed_1_vqc_3,label_noise,0.05,vqc_3,1,1000,0.05,0.05,0.1813521782698056,0.14285714285714285,0.23529411764705882,0.17777777777777778,0.8766666666666667,259,13,24,4
label_noise_0.05_seed_1_vqc_2,label_noise,0.05,vqc_2,1,1000,0.05,0.05,0.1360813830637317,0.0,0.0,0.0,0.9066666666666666,272,0,28,0
label_noise_0.05_seed_1_random_forest,label_noise,0.05,random_forest,1,1000,0.05,0.05,0.5597124241685704,0.5,0.9333333333333333,0.6511627906976745,0.95,271,1,14,14
label_noise_0.05_seed_1_svm,label_noise,0.05,svm,1,1000,0.05,0.05,0.5875879127644977,0.4642857142857143,0.9285714285714286,0.6190476190476191,0.9466666666666667,271,1,15,13
label_noise_0.05_seed_1_vqc_1,label_noise,0.05,vqc_1,1,1000,0.05,0.05,0.10184989053567556,0.25,0.09333333333333334,0.13592233009708737,0.7033333333333334,204,68,21,7
label_noise_0.05_seed_0_vqc_4,label_noise,0.05,vqc_4,0,1000,0.05,0.05,0.13414809301580882,0.13793103448275862,0.10810810810810811,0.12121212121212122,0.8066666666666666,238,33,25,4
label_noise_0.05_seed_0_vqc_3,label_noise,0.05,vqc_3,0,1000,0.05,0.05,0.28691649968091626,0.1724137931034483,1.0,0.29411764705882354,0.92,271,0,24,5
label_noise_0.05_seed_0_vqc_2,label_noise,0.05,vqc_2,0,1000,0.05,0.05,0.11735686792246108,0.0,0.0,0.0,0.9033333333333333,271,0,29,0
label_noise_0.05_seed_0_random_forest,label_noise,0.05,random_forest,0,1000,0.05,0.05,0.5149073108157349,0.3448275862068966,1.0,0.5128205128205128,0.9366666666666666,271,0,19,10
label_noise_0.05_seed_0_svm,label_noise,0.05,svm,0,1000,0.05,0.05,0.49201527940375617,0.3448275862068966,0.9090909090909091,0.5,0.9333333333333333,270,1,19,10
label_noise_0.05_seed_0_vqc_1,label_noise,0.05,vqc_1,0,1000,0.05,0.05,0.10912147523302056,0.41379310344827586,0.13636363636363635,0.20512820512820512,0.69,195,76,17,12
label_noise_0.0_seed_2_vqc_4,label_noise,0.0,vqc_4,2,1000,0.05,0.0,0.0861202634089085,0.26666666666666666,0.09302325581395349,0.13793103448275862,0.8333333333333334,246,39,11,4
label_noise_0.0_seed_2_vqc_3,label_noise,0.0,vqc_3,2,1000,0.05,0.0,0.6824350022670079,0.6,1.0,0.75,0.98,285,0,6,9
label_noise_0.0_seed_2_vqc_2,label_noise,0.0,vqc_2,2,1000,0.05,0.0,0.053480724397715174,0.0,0.0,0.0,0.95,285,0,15,0
label_noise_0.0_seed_2_random_forest,label_noise,0.0,random_forest,2,1000,0.05,0.0,1.0,1.0,1.0,1.0,1.0,285,0,0,15
label_noise_0.0_seed_2_svm,label_noise,0.0,svm,2,1000,0.05,0.0,0.9921568627450981,0.9333333333333333,1.0,0.9655172413793104,0.9966666666666667,285,0,1,14
label_noise_0.0_seed_2_vqc_1,label_noise,0.0,vqc_1,2,1000,0.05,0.0,0.05553643065872318,0.5333333333333333,0.05714285714285714,0.1032258064516129,0.5366666666666666,153,132,7,8
label_noise_0.0_seed_4_vqc_4,label_noise,0.0,vqc_4,4,1000,0.05,0.0,0.08285292539260433,0.3333333333333333,0.10869565217391304,0.16393442622950818,0.83,244,41,10,5
label_noise_0.0_seed_4_vqc_3,label_noise,0.0,vqc_3,4,1000,0.05,0.0,0.5902424903714697,0.26666666666666666,1.0,0.42105263157894735,0.9633333333333334,285,0,11,4
label_noise_0.0_seed_4_vqc_2,label_noise,0.0,vqc_2,4,1000,0.05,0.0,0.08148917726503044,0.0,0.0,0.0,0.95,285,0,15,0
label_noise_0.0_seed_4_random_forest,label_noise,0.0,random_forest,4,1000,0.05,0.0,0.9958333333333333,0.8666666666666667,1.0,0.9285714285714286,0.9933333333333333,285,0,2,13
label_noise_0.0_seed_4_svm,label_noise,0.0,svm,4,1000,0.05,0.0,1.0,0.8666666666666667,1.0,0.9285714285714286,0.9933333333333333,285,0,2,13
label_noise_0.0_seed_4_vqc_1,label_noise,0.0,vqc_1,4,1000,0.05,0.0,0.03699493555028884,0.13333333333333333,0.02247191011235955,0.038461538461538464,0.6666666666666666,198,87,13,2
label_noise_0.0_seed_3_vqc_4,label_noise,0.0,vqc_4,3,1000,0.05,0.0,0.07864801812415695,0.13333333333333333,0.04081632653061224,0.0625,0.8,238,47,13,2
label_noise_0.0_seed_3_vqc_3,label_noise,0.0,vqc_3,3,1000,0.05,0.0,0.6380432237534999,0.2,1.0,0.3333333333333333,0.96,285,0,12,3
label_noise_0.0_seed_3_vqc_2,label_noise,0.0,vqc_2,3,1000,0.05,0.0,0.07920321112858657,0.0,0.0,0.0,0.95,285,0,15,0
label_noise_0.0_seed_3_random_forest,label_noise,0.0,random_forest,3,1000,0.05,0.0,1.0,1.0,1.0,1.0,1.0,285,0,0,15
label_noise_0.0_seed_3_svm,label_noise,0.0,svm,3,1000,0.05,0.0,1.0,1.0,1.0,1.0,1.0,285,0,0,15
label_noise_0.0_seed_3_vqc_1,label_noise,0.0,vqc_1,3,1000,0.05,0.0,0.06220246903216058,0.26666666666666666,0.06557377049180328,0.10526315789473684,0.7733333333333333,228,57,11,4
label_noise_0.0_seed_1_vqc_4,label_noise,0.0,vqc_4,1,1000,0.05,0.0,0.11710957926822568,0.26666666666666666,0.09090909090909091,0.13559322033898305,0.83,245,40,11,4
label_noise_0.0_seed_1_vqc_3,label_noise,0.0,vqc_3,1,1000,0.05,0.0,0.09755914454837522,0.13333333333333333,0.08333333333333333,0.10256410256410256,0.8833333333333333,263,22,13,2
label_noise_0.0_seed_1_vqc_2,label_noise,0.0,vqc_2,1,1000,0.05,0.0,0.10125638524452081,0.0,0.0,0.0,0.95,285,0,15,0
label_noise_0.0_seed_1_random_forest,label_noise,0.0,random_forest,1,1000,0.05,0.0,1.0,1.0,1.0,1.0,1.0,285,0,0,15
label_noise_0.0_seed_1_svm,label_noise,0.0,svm,1,1000,0.05,0.0,1.0,1.0,1.0,1.0,1.0,285,0,0,15
label_noise_0.0_seed_1_vqc_1,label_noise,0.0,vqc_1,1,1000,0.05,0.0,0.05973474884342832,0.2,0.04477611940298507,0.07317073170731707,0.7466666666666667,221,64,12,3
label_noise_0.0_seed_0_vqc_4,label_noise,0.0,vqc_4,0,1000,0.05,0.0,0.06555811978438303,0.13333333333333333,0.05405405405405406,0.07692307692307693,0.84,250,35,13,2
label_noise_0.0_seed_0_vqc_3,label_noise,0.0,vqc_3,0,1000,0.05,0.0,0.6803620079297888,0.5333333333333333,1.0,0.6956521739130435,0.9766666666666667,285,0,7,8
label_noise_0.0_seed_0_vqc_2,label_noise,0.0,vqc_2,0,1000,0.05,0.0,0.11353831559383994,0.0,0.0,0.0,0.95,285,0,15,0
label_noise_0.0_seed_0_random_forest,label_noise,0.0,random_forest,0,1000,0.05,0.0,1.0,1.0,1.0,1.0,1.0,285,0,0,15
label_noise_0.0_seed_0_svm,label_noise,0.0,svm,0,1000,0.05,0.0,1.0,1.0,1.0,1.0,1.0,285,0,0,15
label_noise_0.0_seed_0_vqc_1,label_noise,0.0,vqc_1,0,1000,0.05,0.0,0.060789030341614925,0.3333333333333333,0.05747126436781609,0.09803921568627451,0.6933333333333334,203,82,10,5
label_noise_0.1_seed_2_vqc_4,label_noise,0.1,vqc_4,2,1000,0.05,0.1,0.12478025150119938,0.16666666666666666,0.11864406779661017,0.13861386138613863,0.71,206,52,35,7
label_noise_0.1_seed_2_vqc_3,label_noise,0.1,vqc_3,2,1000,0.05,0.1,0.31221475308864166,0.11904761904761904,0.4166666666666667,0.18518518518518517,0.8533333333333334,251,7,37,5
label_noise_0.1_seed_2_vqc_2,label_noise,0.1,vqc_2,2,1000,0.05,0.1,0.18909576082474155,0.0,0.0,0.0,0.86,258,0,42,0
label_noise_0.1_seed_2_random_forest,label_noise,0.1,random_forest,2,1000,0.05,0.1,0.44678260670799697,0.30952380952380953,0.8666666666666667,0.45614035087719296,0.8966666666666666,256,2,29,13
label_noise_0.1_seed_2_svm,label_noise,0.1,svm,2,1000,0.05,0.1,0.4355720902815917,0.2857142857142857,0.8,0.42105263157894735,0.89,255,3,30,12
label_noise_0.1_seed_2_vqc_1,label_noise,0.1,vqc_1,2,1000,0.05,0.1,0.174055337613799,0.35714285714285715,0.1595744680851064,0.22058823529411764,0.6466666666666666,179,79,27,15
label_noise_0.1_seed_4_vqc_4,label_noise,0.1,vqc_4,4,1000,0.05,0.1,0.187433180383074,0.3023255813953488,0.19696969696969696,0.23853211009174313,0.7233333333333334,204,53,30,13
label_noise_0.1_seed_4_vqc_3,label_noise,0.1,vqc_3,4,1000,0.05,0.1,0.2845700219745354,0.023255813953488372,0.5,0.044444444444444446,0.8566666666666667,256,1,42,1
label_noise_0.1_seed_4_vqc_2,label_noise,0.1,vqc_2,4,1000,0.05,0.1,0.1402150458383293,0.0,0.0,0.0,0.8566666666666667,257,0,43,0
label_noise_0.1_seed_4_random_forest,label_noise,0.1,random_forest,4,1000,0.05,0.1,0.30728162277106363,0.20930232558139536,0.6428571428571429,0.3157894736842105,0.87,252,5,34,9
label_noise_0.1_seed_4_svm,label_noise,0.1,svm,4,1000,0.05,0.1,0.36842622923338575,0.20930232558139536,0.75,0.32727272727272727,0.8766666666666667,254,3,34,9
label_noise_0.1_seed_4_vqc_1,label_noise,0.1,vqc_1,4,1000,0.05,0.1,0.12630099417419238,0.20930232558139536,0.10112359550561797,0.13636363636363635,0.62,177,80,34,9
label_noise_0.1_seed_3_vqc_4,label_noise,0.1,vqc_4,3,1000,0.05,0.1,0.1539782783322399,0.13636363636363635,0.15,0.14285714285714285,0.76,222,34,38,6
label_noise_0.1_seed_3_vqc_3,label_noise,0.1,vqc_3,3,1000,0.05,0.1,0.3338288724739591,0.11363636363636363,0.8333333333333334,0.2,0.8666666666666667,255,1,39,5
label_noise_0.1_seed_3_vqc_2,label_noise,0.1,vqc_2,3,1000,0.05,0.1,0.16339738067910414,0.0,0.0,0.0,0.8533333333333334,256,0,44,0
label_noise_0.1_seed_3_random_forest,label_noise,0.1,random_forest,3,1000,0.05,0.1,0.5054535427728628,0.3409090909090909,0.8333333333333334,0.4838709677419355,0.8933333333333333,253,3,29,15
label_noise_0.1_seed_3_svm,label_noise,0.1,svm,3,1000,0.05,0.1,0.5162793070517044,0.3409090909090909,0.9375,0.5,0.9,255,1,29,15
label_noise_0.1_seed_3_vqc_1,label_noise,0.1,vqc_1,3,1000,0.05,0.1,0.11244520665844773,0.18181818181818182,0.07766990291262135,0.10884353741496598,0.5633333333333334,161,95,36,8
label_noise_0.1_seed_1_vqc_4,label_noise,0.1,vqc_4,1,1000,0.05,0.1,0.13715566035574317,0.11627906976744186,0.1111111111111111,0.11363636363636363,0.74,217,40,38,5
label_noise_0.1_seed_1_vqc_3,label_noise,0.1,vqc_3,1,1000,0.05,0.1,0.1697247353243314,0.023255813953488372,0.08333333333333333,0.03636363636363636,0.8233333333333334,246,11,42,1
label_noise_0.1_seed_1_vqc_2,label_noise,0.1,vqc_2,1,1000,0.05,0.1,0.18062060113353773,0.0,0.0,0.0,0.8566666666666667,257,0,43,0
label_noise_0.1_seed_1_random_forest,label_noise,0.1,random_forest,1,1000,0.05,0.1,0.3953287617599787,0.27906976744186046,0.9230769230769231,0.42857142857142855,0.8933333333333333,256,1,31,12
label_noise_0.1_seed_1_svm,label_noise,0.1,svm,1,1000,0.05,0.1,0.4400203233341231,0.2558139534883721,0.9166666666666666,0.4,0.89,256,1,32,11
label_noise_0.1_seed_1_vqc_1,label_noise,0.1,vqc_1,1,1000,0.05,0.1,0.1818923917666813,0.37209302325581395,0.2191780821917808,0.27586206896551724,0.72,200,57,27,16
label_noise_0.1_seed_0_vqc_4,label_noise,0.1,vqc_4,0,1000,0.05,0.1,0.22204132816802996,0.11627906976744186,0.13157894736842105,0.12345679012345678,0.7633333333333333,224,33,38,5
label_noise_0.1_seed_0_vqc_3,label_noise,0.1,vqc_3,0,1000,0.05,0.1,0.4500452353591985,0.16279069767441862,1.0,0.28,0.88,257,0,36,7
label_noise_0.1_seed_0_vqc_2,label_noise,0.1,vqc_2,0,1000,0.05,0.1,0.20715153936619513,0.0,0.0,0.0,0.8566666666666667,257,0,43,0
label_noise_0.1_seed_0_random_forest,label_noise,0.1,random_forest,0,1000,0.05,0.1,0.49383692599654594,0.32558139534883723,0.8235294117647058,0.4666666666666667,0.8933333333333333,254,3,29,14
label_noise_0.1_seed_0_svm,label_noise,0.1,svm,0,1000,0.05,0.1,0.538697688085396,0.3023255813953488,1.0,0.4642857142857143,0.9,257,0,30,13
label_noise_0.1_seed_0_vqc_1,label_noise,0.1,vqc_1,0,1000,0.05,0.1,0.12865515071429606,0.2558139534883721,0.11956521739130435,0.16296296296296298,0.6233333333333333,176,81,32,11
anomaly_ratio_0.01_seed_2_vqc_4,anomaly_ratio,0.01,vqc_4,2,1000,0.01,0.05,0.049458382933696185,0.11764705882352941,0.04,0.05970149253731343,0.79,235,48,15,2
anomaly_ratio_0.01_seed_2_vqc_3,anomaly_ratio,0.01,vqc_3,2,1000,0.01,0.05,0.05485630090547628,0.0,0.0,0.0,0.9033333333333333,271,12,17,0
anomaly_ratio_0.01_seed_2_vqc_2,anomaly_ratio,0.01,vqc_2,2,1000,0.01,0.05,0.05614820743797654,0.0,0.0,0.0,0.9433333333333334,283,0,17,0
anomaly_ratio_0.01_seed_2_random_forest,anomaly_ratio,0.01,random_forest,2,1000,0.01,0.05,0.16217705357769918,0.058823529411764705,1.0,0.1111111111111111,0.9466666666666667,283,0,16,1
anomaly_ratio_0.01_seed_2_svm,anomaly_ratio,0.01,svm,2,1000,0.01,0.05,0.319156864028054,0.0,0.0,0.0,0.9433333333333334,283,0,17,0
anomaly_ratio_0.01_seed_2_vqc_1,anomaly_ratio,0.01,vqc_1,2,1000,0.01,0.05,0.12250549664873431,0.35294117647058826,0.0821917808219178,0.13333333333333333,0.74,216,67,11,6
anomaly_ratio_0.01_seed_4_vqc_4,anomaly_ratio,0.01,vqc_4,4,1000,0.01,0.05,0.04510982750053261,0.0,0.0,0.0,0.7566666666666667,227,55,18,0
anomaly_ratio_0.01_seed_4_vqc_3,anomaly_ratio,0.01,vqc_3,4,1000,0.01,0.05,0.09425283521053314,0.05555555555555555,0.1111111111111111,0.07407407407407407,0.9166666666666666,274,8,17,1
anomaly_ratio_0.01_seed_4_vqc_2,anomaly_ratio,0.01,vqc_2,4,1000,0.01,0.05,0.06362386503626472,0.0,0.0,0.0,0.94,282,0,18,0
anomaly_ratio_0.01_seed_4_random_forest,anomaly_ratio,0.01,random_forest,4,1000,0.01,0.05,0.18213962985223534,0.1111111111111111,0.3333333333333333,0.16666666666666666,0.9333333333333333,278,4,16,2
anomaly_ratio_0.01_seed_4_svm,anomaly_ratio,0.01,svm,4,1000,0.01,0.05,0.1335557248792047,0.05555555555555555,0.5,0.1,0.94,281,1,17,1
anomaly_ratio_0.01_seed_4_vqc_1,anomaly_ratio,0.01,vqc_1,4,1000,0.01,0.05,0.04676434363137401,0.05555555555555555,0.014285714285714285,0.022727272727272728,0.7133333333333334,213,69,17,1
anomaly_ratio_0.01_seed_3_vqc_4,anomaly_ratio,0.01,vqc_4,3,1000,0.01,0.05,0.048828737385085905,0.058823529411764705,0.022222222222222223,0.03225806451612903,0.8,239,44,16,1
anomaly_ratio_0.01_seed_3_vqc_3,anomaly_ratio,0.01,vqc_3,3,1000,0.01,0.05,0.11225431675872688,0.0,0.0,0.0,0.9366666666666666,281,2,17,0
anomaly_ratio_0.01_seed_3_vqc_2,anomaly_ratio,0.01,vqc_2,3,1000,0.01,0.05,0.11100952333853303,0.0,0.0,0.0,0.9433333333333334,283,0,17,0
anomaly_ratio_0.01_seed_3_random_forest,anomaly_ratio,0.01,random_forest,3,1000,0.01,0.05,0.2744391818693545,0.17647058823529413,1.0,0.3,0.9533333333333334,283,0,14,3
anomaly_ratio_0.01_seed_3_svm,anomaly_ratio,0.01,svm,3,1000,0.01,0.05,0.3212213049219486,0.058823529411764705,1.0,0.1111111111111111,0.9466666666666667,283,0,16,1
anomaly_ratio_0.01_seed_3_vqc_1,anomaly_ratio,0.01,vqc_1,3,1000,0.01,0.05,0.04834314272811452,0.23529411764705882,0.04,0.06837606837606838,0.6366666666666667,187,96,13,4
anomaly_ratio_0.01_seed_1_vqc_4,anomaly_ratio,0.01,vqc_4,1,1000,0.01,0.05,0.07507714804249882,0.16666666666666666,0.05357142857142857,0.08108108108108109,0.7733333333333333,229,53,15,3
anomaly_ratio_0.01_seed_1_vqc_3,anomaly_ratio,0.01,vqc_3,1,1000,0.01,0.05,0.06375090321857281,0.0,0.0,0.0,0.8866666666666667,266,16,18,0
anomaly_ratio_0.01_seed_1_vqc_2,anomaly_ratio,0.01,vqc_2,1,1000,0.01,0.05,0.06304596140973588,0.0,0.0,0.0,0.94,282,0,18,0
anomaly_ratio_0.01_seed_1_random_forest,anomaly_ratio,0.01,random_forest,1,1000,0.01,0.05,0.18301871093465463,0.05555555555555555,1.0,0.10526315789473684,0.9433333333333334,282,0,17,1
anomaly_ratio_0.01_seed_1_svm,anomaly_ratio,0.01,svm,1,1000,0.01,0.05,0.15054085291019365,0.0,0.0,0.0,0.94,282,0,18,0
anomaly_ratio_0.01_seed_1_vqc_1,anomaly_ratio,0.01,vqc_1,1,1000,0.01,0.05,0.056688611061502414,0.2222222222222222,0.05333333333333334,0.08602150537634409,0.7166666666666667,211,71,14,4
anomaly_ratio_0.01_seed_0_vqc_4,anomaly_ratio,0.01,vqc_4,0,1000,0.01,0.05,0.05850148892278344,0.16666666666666666,0.04838709677419355,0.075,0.7533333333333333,223,59,15,3
anomaly_ratio_0.01_seed_0_vqc_3,anomaly_ratio,0.01,vqc_3,0,1000,0.01,0.05,0.06964849764406256,0.0,0.0,0.0,0.9233333333333333,277,5,18,0
anomaly_ratio_0.01_seed_0_vqc_2,anomaly_ratio,0.01,vqc_2,0,1000,0.01,0.05,0.07062682424199707,0.0,0.0,0.0,0.94,282,0,18,0
anomaly_ratio_0.01_seed_0_random_forest,anomaly_ratio,0.01,random_forest,0,1000,0.01,0.05,0.264831934250234,0.16666666666666666,0.6,0.2608695652173913,0.9433333333333334,280,2,15,3
anomaly_ratio_0.01_seed_0_svm,anomaly_ratio,0.01,svm,0,1000,0.01,0.05,0.28957293518024757,0.05555555555555555,1.0,0.10526315789473684,0.9433333333333334,282,0,17,1
anomaly_ratio_0.01_seed_0_vqc_1,anomaly_ratio,0.01,vqc_1,0,1000,0.01,0.05,0.06639627252858864,0.3333333333333333,0.06315789473684211,0.10619469026548672,0.6633333333333333,193,89,12,6
anomaly_ratio_0.5_seed_2_vqc_4,anomaly_ratio,0.5,vqc_4,2,1000,0.5,0.05,0.5990226573760831,0.5333333333333333,0.5673758865248227,0.5498281786941581,0.5633333333333334,89,61,70,80
anomaly_ratio_0.5_seed_2_vqc_3,anomaly_ratio,0.5,vqc_3,2,1000,0.5,0.05,0.688801211370519,0.3933333333333333,0.8194444444444444,0.5315315315315315,0.6533333333333333,137,13,91,59
anomaly_ratio_0.5_seed_2_vqc_2,anomaly_ratio,0.5,vqc_2,2,1000,0.5,0.05,0.6742007770064496,0.5733333333333334,0.6323529411764706,0.6013986013986014,0.62,100,50,64,86
anomaly_ratio_0.5_seed_2_random_forest,anomaly_ratio,0.5,random_forest,2,1000,0.5,0.05,0.9430548260983667,0.9533333333333334,0.9533333333333334,0.9533333333333334,0.9533333333333334,143,7,7,143
anomaly_ratio_0.5_seed_2_svm,anomaly_ratio,0.5,svm,2,1000,0.5,0.05,0.9432265715733482,0.9466666666666667,0.9466666666666667,0.9466666666666667,0.9466666666666667,142,8,8,142
anomaly_ratio_0.5_seed_2_vqc_1,anomaly_ratio,0.5,vqc_1,2,1000,0.5,0.05,0.5245614749296308,0.44666666666666666,0.5275590551181102,0.48375451263537905,0.5233333333333333,90,60,83,67
anomaly_ratio_0.5_seed_4_vqc_4,anomaly_ratio,0.5,vqc_4,4,1000,0.5,0.05,0.5779282516313184,0.6241610738255033,0.5166666666666667,0.5653495440729484,0.5233333333333333,64,87,56,93
anomaly_ratio_0.5_seed_4_vqc_3,anomaly_ratio,0.5,vqc_3,4,1000,0.5,0.05,0.9661765797523456,0.4266666666666667,1.0,0.5981308411214953,0.7133333333333334,150,0,86,64
anomaly_ratio_0.5_seed_4_vqc_2,anomaly_ratio,0.5,vqc_2,4,1000,0.5,0.05,0.893701057034502,0.03333333333333333,1.0,0.06451612903225806,0.5166666666666667,150,0,145,5
anomaly_ratio_0.5_seed_4_random_forest,anomaly_ratio,0.5,random_forest,4,1000,0.5,0.05,0.9114575634768595,0.9395973154362416,0.9395973154362416,0.9395973154362416,0.94,142,9,9,140
anomaly_ratio_0.5_seed_4_svm,anomaly_ratio,0.5,svm,4,1000,0.5,0.05,0.9376990964955663,0.9328859060402684,0.9391891891891891,0.936026936026936,0.9366666666666666,142,9,10,139
anomaly_ratio_0.5_seed_4_vqc_1,anomaly_ratio,0.5,vqc_1,4,1000,0.5,0.05,0.8329121315253738,0.38,0.890625,0.5327102803738317,0.6666666666666666,143,7,93,57
anomaly_ratio_0.5_seed_3_vqc_4,anomaly_ratio,0.5,vqc_4,3,1000,0.5,0.05,0.5631162500514586,0.6712328767123288,0.5384615384615384,0.5975609756097561,0.56,70,84,48,98
anomaly_ratio_0.5_seed_3_vqc_3,anomaly_ratio,0.5,vqc_3,3,1000,0.5,0.05,0.6965559729346018,0.5616438356164384,0.7522935779816514,0.6431372549019608,0.6966666666666667,127,27,64,82
anomaly_ratio_0.5_seed_3_vqc_2,anomaly_ratio,0.5,vqc_2,3,1000,0.5,0.05,0.6556856806369618,0.4246575342465753,0.6391752577319587,0.5102880658436214,0.6033333333333334,119,35,84,62
anomaly_ratio_0.5_seed_3_random_forest,anomaly_ratio,0.5,random_forest,3,1000,0.5,0.05,0.9383317991313072,0.9452054794520548,0.9517241379310345,0.9484536082474226,0.95,147,7,8,138
anomaly_ratio_0.5_seed_3_svm,anomaly_ratio,0.5,svm,3,1000,0.5,0.05,0.9485972075481837,0.958904109589041,0.9459459459459459,0.9523809523809523,0.9533333333333334,146,8,6,140
anomaly_ratio_0.5_seed_3_vqc_1,anomaly_ratio,0.5,vqc_1,3,1000,0.5,0.05,0.5411365400700017,0.4589041095890411,0.5726495726495726,0.5095057034220533,0.57,104,50,79,67
anomaly_ratio_0.5_seed_1_vqc_4,anomaly_ratio,0.5,vqc_4,1,1000,0.5,0.05,0.6710457584076677,0.5714285714285714,0.624113475177305,0.5966101694915255,0.6033333333333334,93,53,66,88
anomaly_ratio_0.5_seed_1_vqc_3,anomaly_ratio,0.5,vqc_3,1,1000,0.5,0.05,0.7233590966074428,0.5584415584415584,0.6991869918699187,0.6209386281588448,0.65,109,37,68,86
anomaly_ratio_0.5_seed_1_vqc_2,anomaly_ratio,0.5,vqc_2,1,1000,0.5,0.05,0.6682769280825361,0.525974025974026,0.6230769230769231,0.5704225352112676,0.5933333333333334,97,49,73,81
anomaly_ratio_0.5_seed_1_random_forest,anomaly_ratio,0.5,random_forest,1,1000,0.5,0.05,0.9506733524780692,0.9090909090909091,0.9655172413793104,0.9364548494983278,0.9366666666666666,141,5,14,140
anomaly_ratio_0.5_seed_1_svm,anomaly_ratio,0.5,svm,1,1000,0.5,0.05,0.9460111509221606,0.8961038961038961,0.9583333333333334,0.9261744966442953,0.9266666666666666,140,6,16,138
anomaly_ratio_0.5_seed_1_vqc_1,anomaly_ratio,0.5,vqc_1,1,1000,0.5,0.05,0.6574814446688482,0.525974025974026,0.6230769230769231,0.5704225352112676,0.5933333333333334,97,49,73,81
anomaly_ratio_0.5_seed_0_vqc_4,anomaly_ratio,0.5,vqc_4,0,1000,0.5,0.05,0.6323625223318703,0.6040268456375839,0.5660377358490566,0.5844155844155844,0.5733333333333334,82,69,59,90
anomaly_ratio_0.5_seed_0_vqc_3,anomaly_ratio,0.5,vqc_3,0,1000,0.5,0.05,0.747819280600184,0.44966442953020136,0.8072289156626506,0.5775862068965517,0.6733333333333333,135,16,82,67
anomaly_ratio_0.5_seed_0_vqc_2,anomaly_ratio,0.5,vqc_2,0,1000,0.5,0.05,0.6286787663015418,0.4697986577181208,0.6194690265486725,0.5343511450381679,0.5933333333333334,108,43,79,70
anomaly_ratio_0.5_seed_0_random_forest,anomaly_ratio,0.5,random_forest,0,1000,0.5,0.05,0.92860281925524,0.9395973154362416,0.9523809523809523,0.9459459459459459,0.9466666666666667,144,7,9,140
anomaly_ratio_0.5_seed_0_svm,anomaly_ratio,0.5,svm,0,1000,0.5,0.05,0.9266435128165815,0.9261744966442953,0.9517241379310345,0.9387755102040817,0.94,144,7,11,138
anomaly_ratio_0.5_seed_0_vqc_1,anomaly_ratio,0.5,vqc_1,0,1000,0.5,0.05,0.6256623956767241,0.4161073825503356,0.6326530612244898,0.5020242914979757,0.59,115,36,87,62
anomaly_ratio_0.02_seed_2_vqc_4,anomaly_ratio,0.02,vqc_4,2,1000,0.02,0.05,0.06454020681961647,0.15,0.05660377358490566,0.0821917808219178,0.7766666666666666,230,50,17,3
anomaly_ratio_0.02_seed_2_vqc_3,anomaly_ratio,0.02,vqc_3,2,1000,0.02,0.05,0.11713365031477053,0.05,1.0,0.09523809523809523,0.9366666666666666,280,0,19,1
anomaly_ratio_0.02_seed_2_vqc_2,anomaly_ratio,0.02,vqc_2,2,1000,0.02,0.05,0.09485963949040828,0.0,0.0,0.0,0.9333333333333333,280,0,20,0
anomaly_ratio_0.02_seed_2_random_forest,anomaly_ratio,0.02,random_forest,2,1000,0.02,0.05,0.24337022866720187,0.1,1.0,0.18181818181818182,0.94,280,0,18,2
anomaly_ratio_0.02_seed_2_svm,anomaly_ratio,0.02,svm,2,1000,0.02,0.05,0.20341396256317967,0.05,1.0,0.09523809523809523,0.9366666666666666,280,0,19,1
anomaly_ratio_0.02_seed_2_vqc_1,anomaly_ratio,0.02,vqc_1,2,1000,0.02,0.05,0.05644255473515904,0.15,0.03296703296703297,0.05405405405405406,0.65,192,88,17,3
anomaly_ratio_0.02_seed_4_vqc_4,anomaly_ratio,0.02,vqc_4,4,1000,0.02,0.05,0.13108060443760183,0.15,0.057692307692307696,0.08333333333333333,0.78,231,49,17,3
anomaly_ratio_0.02_seed_4_vqc_3,anomaly_ratio,0.02,vqc_3,4,1000,0.02,0.05,0.1165018152363351,0.1,0.18181818181818182,0.12903225806451613,0.91,271,9,18,2
anomaly_ratio_0.02_seed_4_vqc_2,anomaly_ratio,0.02,vqc_2,4,1000,0.02,0.05,0.05351388211984103,0.0,0.0,0.0,0.9333333333333333,280,0,20,0
anomaly_ratio_0.02_seed_4_random_forest,anomaly_ratio,0.02,random_forest,4,1000,0.02,0.05,0.35180553951474053,0.35,0.875,0.5,0.9533333333333334,279,1,13,7
anomaly_ratio_0.02_seed_4_svm,anomaly_ratio,0.02,svm,4,1000,0.02,0.05,0.42663980021522707,0.15,1.0,0.2608695652173913,0.9433333333333334,280,0,17,3
anomaly_ratio_0.02_seed_4_vqc_1,anomaly_ratio,0.02,vqc_1,4,1000,0.02,0.05,0.06173253977355005,0.3,0.06593406593406594,0.10810810810810811,0.67,195,85,14,6
anomaly_ratio_0.02_seed_3_vqc_4,anomaly_ratio,0.02,vqc_4,3,1000,0.02,0.05,0.07622945988758599,0.25,0.078125,0.11904761904761904,0.7533333333333333,221,59,15,5
anomaly_ratio_0.02_seed_3_vqc_3,anomaly_ratio,0.02,vqc_3,3,1000,0.02,0.05,0.18089401497614843,0.05,1.0,0.09523809523809523,0.9366666666666666,280,0,19,1
anomaly_ratio_0.02_seed_3_vqc_2,anomaly_ratio,0.02,vqc_2,3,1000,0.02,0.05,0.0567018311704282,0.0,0.0,0.0,0.9333333333333333,280,0,20,0
anomaly_ratio_0.02_seed_3_random_forest,anomaly_ratio,0.02,random_forest,3,1000,0.02,0.05,0.4159329229556744,0.35,0.7777777777777778,0.4827586206896552,0.95,278,2,13,7
anomaly_ratio_0.02_seed_3_svm,anomaly_ratio,0.02,svm,3,1000,0.02,0.05,0.40177193159931157,0.3,0.8571428571428571,0.4444444444444444,0.95,279,1,14,6
anomaly_ratio_0.02_seed_3_vqc_1,anomaly_ratio,0.02,vqc_1,3,1000,0.02,0.05,0.07503216883721207,0.4,0.08,0.13333333333333333,0.6533333333333333,188,92,12,8
anomaly_ratio_0.02_seed_1_vqc_4,anomaly_ratio,0.02,vqc_4,1,1000,0.02,0.05,0.061875412405415955,0.2,0.07142857142857142,0.10526315789473684,0.7733333333333333,228,52,16,4
anomaly_ratio_0.02_seed_1_vqc_3,anomaly_ratio,0.02,vqc_3,1,1000,0.02,0.05,0.10004813046782104,0.05,0.07142857142857142,0.058823529411764705,0.8933333333333333,267,13,19,1
anomaly_ratio_0.02_seed_1_vqc_2,anomaly_ratio,0.02,vqc_2,1,1000,0.02,0.05,0.07596584834067835,0.0,0.0,0.0,0.9333333333333333,280,0,20,0
anomaly_ratio_0.02_seed_1_random_forest,anomaly_ratio,0.02,random_forest,1,1000,0.02,0.05,0.42464917027417026,0.35,1.0,0.5185185185185185,0.9566666666666667,280,0,13,7
anomaly_ratio_0.02_seed_1_svm,anomaly_ratio,0.02,svm,1,1000,0.02,0.05,0.4385758895912655,0.3,1.0,0.46153846153846156,0.9533333333333334,280,0,14,6
anomaly_ratio_0.02_seed_1_vqc_1,anomaly_ratio,0.02,vqc_1,1,1000,0.02,0.05,0.07230221425071832,0.15,0.04,0.06315789473684211,0.7033333333333334,208,72,17,3
anomaly_ratio_0.02_seed_0_vqc_4,anomaly_ratio,0.02,vqc_4,0,1000,0.02,0.05,0.07681111557154688,0.2,0.07547169811320754,0.1095890410958904,0.7833333333333333,231,49,16,4
anomaly_ratio_0.02_seed_0_vqc_3,anomaly_ratio,0.02,vqc_3,0,1000,0.02,0.05,0.1395660618887963,0.05,0.5,0.09090909090909091,0.9333333333333333,279,1,19,1
anomaly_ratio_0.02_seed_0_vqc_2,anomaly_ratio,0.02,vqc_2,0,1000,0.02,0.05,0.09557981388430177,0.0,0.0,0.0,0.9333333333333333,280,0,20,0
anomaly_ratio_0.02_seed_0_random_forest,anomaly_ratio,0.02,random_forest,0,1000,0.02,0.05,0.20403403281556737,0.1,1.0,0.18181818181818182,0.94,280,0,18,2
anomaly_ratio_0.02_seed_0_svm,anomaly_ratio,0.02,svm,0,1000,0.02,0.05,0.2326389771426354,0.1,1.0,0.18181818181818182,0.94,280,0,18,2
anomaly_ratio_0.02_seed_0_vqc_1,anomaly_ratio,0.02,vqc_1,0,1000,0.02,0.05,0.13567330955472687,0.3,0.06060606060606061,0.10084033613445378,0.6433333333333333,187,93,14,6
anomaly_ratio_0.05_seed_2_vqc_4,anomaly_ratio,0.05,vqc_4,2,1000,0.05,0.05,0.13371549940267813,0.21428571428571427,0.16216216216216217,0.18461538461538463,0.8233333333333334,241,31,22,6
anomaly_ratio_0.05_seed_2_vqc_3,anomaly_ratio,0.05,vqc_3,2,1000,0.05,0.05,0.5093927920828664,0.32142857142857145,0.9,0.47368421052631576,0.9333333333333333,271,1,19,9
anomaly_ratio_0.05_seed_2_vqc_2,anomaly_ratio,0.05,vqc_2,2,1000,0.05,0.05,0.12320778455037898,0.0,0.0,0.0,0.9066666666666666,272,0,28,0
anomaly_ratio_0.05_seed_2_random_forest,anomaly_ratio,0.05,random_forest,2,1000,0.05,0.05,0.7028405732579939,0.6428571428571429,0.9473684210526315,0.7659574468085106,0.9633333333333334,271,1,10,18
anomaly_ratio_0.05_seed_2_svm,anomaly_ratio,0.05,svm,2,1000,0.05,0.05,0.6706086932759994,0.5714285714285714,0.9411764705882353,0.7111111111111111,0.9566666666666667,271,1,12,16
anomaly_ratio_0.05_seed_2_vqc_1,anomaly_ratio,0.05,vqc_1,2,1000,0.05,0.05,0.1618370487881816,0.39285714285714285,0.13253012048192772,0.1981981981981982,0.7033333333333334,200,72,17,11
anomaly_ratio_0.05_seed_4_vqc_4,anomaly_ratio,0.05,vqc_4,4,1000,0.05,0.05,0.12565404600851296,0.14285714285714285,0.08888888888888889,0.1095890410958904,0.7833333333333333,231,41,24,4
anomaly_ratio_0.05_seed_4_vqc_3,anomaly_ratio,0.05,vqc_3,4,1000,0.05,0.05,0.30939602066075145,0.07142857142857142,0.6666666666666666,0.12903225806451613,0.91,271,1,26,2
anomaly_ratio_0.05_seed_4_vqc_2,anomaly_ratio,0.05,vqc_2,4,1000,0.05,0.05,0.10120119468603056,0.0,0.0,0.0,0.9066666666666666,272,0,28,0
anomaly_ratio_0.05_seed_4_random_forest,anomaly_ratio,0.05,random_forest,4,1000,0.05,0.05,0.6095005840399277,0.4642857142857143,0.8125,0.5909090909090909,0.94,269,3,15,13
anomaly_ratio_0.05_seed_4_svm,anomaly_ratio,0.05,svm,4,1000,0.05,0.05,0.6007469445254806,0.42857142857142855,0.9230769230769231,0.5853658536585366,0.9433333333333334,271,1,16,12
anomaly_ratio_0.05_seed_4_vqc_1,anomaly_ratio,0.05,vqc_1,4,1000,0.05,0.05,0.0889257098945863,0.2857142857142857,0.08695652173913043,0.13333333333333333,0.6533333333333333,188,84,20,8
anomaly_ratio_0.05_seed_3_vqc_4,anomaly_ratio,0.05,vqc_4,3,1000,0.05,0.05,0.15772681026146249,0.27586206896551724,0.16,0.20253164556962025,0.79,229,42,21,8
anomaly_ratio_0.05_seed_3_vqc_3,anomaly_ratio,0.05,vqc_3,3,1000,0.05,0.05,0.452172807611089,0.3448275862068966,1.0,0.5128205128205128,0.9366666666666666,271,0,19,10
anomaly_ratio_0.05_seed_3_vqc_2,anomaly_ratio,0.05,vqc_2,3,1000,0.05,0.05,0.14671729855649457,0.0,0.0,0.0,0.9033333333333333,271,0,29,0
anomaly_ratio_0.05_seed_3_random_forest,anomaly_ratio,0.05,random_forest,3,1000,0.05,0.05,0.5980503605152072,0.4827586206896552,1.0,0.6511627906976745,0.95,271,0,15,14
anomaly_ratio_0.05_seed_3_svm,anomaly_ratio,0.05,svm,3,1000,0.05,0.05,0.6197834307272745,0.5172413793103449,1.0,0.6818181818181818,0.9533333333333334,271,0,14,15
anomaly_ratio_0.05_seed_3_vqc_1,anomaly_ratio,0.05,vqc_1,3,1000,0.05,0.05,0.08747013625036253,0.06896551724137931,0.02631578947368421,0.0380952380952381,0.6633333333333333,197,74,27,2
anomaly_ratio_0.05_seed_1_vqc_4,anomaly_ratio,0.05,vqc_4,1,1000,0.05,0.05,0.10415965149077126,0.17857142857142858,0.10869565217391304,0.13513513513513514,0.7866666666666666,231,41,23,5
anomaly_ratio_0.05_seed_1_vqc_3,anomaly_ratio,0.05,vqc_3,1,1000,0.05,0.05,0.18283740723570197,0.14285714285714285,0.25,0.18181818181818182,0.88,260,12,24,4
anomaly_ratio_0.05_seed_1_vqc_2,anomaly_ratio,0.05,vqc_2,1,1000,0.05,0.05,0.10620980136334748,0.0,0.0,0.0,0.9066666666666666,272,0,28,0
anomaly_ratio_0.05_seed_1_random_forest,anomaly_ratio,0.05,random_forest,1,1000,0.05,0.05,0.5597124241685704,0.5,0.9333333333333333,0.6511627906976745,0.95,271,1,14,14
anomaly_ratio_0.05_seed_1_svm,anomaly_ratio,0.05,svm,1,1000,0.05,0.05,0.5875879127644977,0.4642857142857143,0.9285714285714286,0.6190476190476191,0.9466666666666667,271,1,15,13
anomaly_ratio_0.05_seed_1_vqc_1,anomaly_ratio,0.05,vqc_1,1,1000,0.05,0.05,0.08516752757127968,0.21428571428571427,0.07692307692307693,0.11320754716981132,0.6866666666666666,200,72,22,6
anomaly_ratio_0.05_seed_0_vqc_4,anomaly_ratio,0.05,vqc_4,0,1000,0.05,0.05,0.15374017234268803,0.13793103448275862,0.10526315789473684,0.11940298507462686,0.8033333333333333,237,34,25,4
anomaly_ratio_0.05_seed_0_vqc_3,anomaly_ratio,0.05,vqc_3,0,1000,0.05,0.05,0.28821175181692005,0.1724137931034483,1.0,0.29411764705882354,0.92,271,0,24,5
anomaly_ratio_0.05_seed_0_vqc_2,anomaly_ratio,0.05,vqc_2,0,1000,0.05,0.05,0.15920502619733984,0.0,0.0,0.0,0.9033333333333333,271,0,29,0
anomaly_ratio_0.05_seed_0_random_forest,anomaly_ratio,0.05,random_forest,0,1000,0.05,0.05,0.5149073108157349,0.3448275862068966,1.0,0.5128205128205128,0.9366666666666666,271,0,19,10
anomaly_ratio_0.05_seed_0_svm,anomaly_ratio,0.05,svm,0,1000,0.05,0.05,0.49201527940375617,0.3448275862068966,0.9090909090909091,0.5,0.9333333333333333,270,1,19,10
anomaly_ratio_0.05_seed_0_vqc_1,anomaly_ratio,0.05,vqc_1,0,1000,0.05,0.05,0.11176144759818188,0.3793103448275862,0.11827956989247312,0.18032786885245902,0.6666666666666666,189,82,18,11
anomaly_ratio_0.1_seed_2_vqc_4,anomaly_ratio,0.1,vqc_4,2,1000,0.1,0.05,0.17528525221456998,0.20930232558139536,0.15254237288135594,0.17647058823529413,0.72,207,50,34,9
anomaly_ratio_0.1_seed_2_vqc_3,anomaly_ratio,0.1,vqc_3,2,1000,0.1,0.05,0.70182244740392,0.3953488372093023,0.9444444444444444,0.5573770491803278,0.91,256,1,26,17
anomaly_ratio_0.1_seed_2_vqc_2,anomaly_ratio,0.1,vqc_2,2,1000,0.1,0.05,0.22631230267723007,0.0,0.0,0.0,0.8566666666666667,257,0,43,0
anomaly_ratio_0.1_seed_2_random_forest,anomaly_ratio,0.1,random_forest,2,1000,0.1,0.05,0.8263549123351566,0.7906976744186046,0.9714285714285714,0.8717948717948718,0.9666666666666667,256,1,9,34
anomaly_ratio_0.1_seed_2_svm,anomaly_ratio,0.1,svm,2,1000,0.1,0.05,0.8560648304591888,0.7441860465116279,0.9696969696969697,0.8421052631578947,0.96,256,1,11,32
anomaly_ratio_0.1_seed_2_vqc_1,anomaly_ratio,0.1,vqc_1,2,1000,0.1,0.05,0.1405554509770511,0.3488372093023256,0.16666666666666666,0.22556390977443608,0.6566666666666666,182,75,28,15
anomaly_ratio_0.1_seed_4_vqc_4,anomaly_ratio,0.1,vqc_4,4,1000,0.1,0.05,0.14853324691758313,0.14634146341463414,0.13953488372093023,0.14285714285714285,0.76,222,37,35,6
anomaly_ratio_0.1_seed_4_vqc_3,anomaly_ratio,0.1,vqc_3,4,1000,0.1,0.05,0.5091699505634737,0.21951219512195122,0.9,0.35294117647058826,0.89,258,1,32,9
anomaly_ratio_0.1_seed_4_vqc_2,anomaly_ratio,0.1,vqc_2,4,1000,0.1,0.05,0.2078284598329078,0.0,0.0,0.0,0.8633333333333333,259,0,41,0
anomaly_ratio_0.1_seed_4_random_forest,anomaly_ratio,0.1,random_forest,4,1000,0.1,0.05,0.6871093113620094,0.6097560975609756,0.8928571428571429,0.7246376811594203,0.9366666666666666,256,3,16,25
anomaly_ratio_0.1_seed_4_svm,anomaly_ratio,0.1,svm,4,1000,0.1,0.05,0.6743404086615219,0.5609756097560976,0.8846153846153846,0.6865671641791045,0.93,256,3,18,23
anomaly_ratio_0.1_seed_4_vqc_1,anomaly_ratio,0.1,vqc_1,4,1000,0.1,0.05,0.15389058509486664,0.4878048780487805,0.17543859649122806,0.25806451612903225,0.6166666666666667,165,94,21,20
anomaly_ratio_0.1_seed_3_vqc_4,anomaly_ratio,0.1,vqc_4,3,1000,0.1,0.05,0.14859232088575577,0.11904761904761904,0.10638297872340426,0.11235955056179775,0.7366666666666667,216,42,37,5
anomaly_ratio_0.1_seed_3_vqc_3,anomaly_ratio,0.1,vqc_3,3,1000,0.1,0.05,0.4345347063383731,0.16666666666666666,1.0,0.2857142857142857,0.8833333333333333,258,0,35,7
anomaly_ratio_0.1_seed_3_vqc_2,anomaly_ratio,0.1,vqc_2,3,1000,0.1,0.05,0.2481931687789165,0.0,0.0,0.0,0.86,258,0,42,0
anomaly_ratio_0.1_seed_3_random_forest,anomaly_ratio,0.1,random_forest,3,1000,0.1,0.05,0.6686438286749596,0.5714285714285714,0.96,0.7164179104477612,0.9366666666666666,257,1,18,24
anomaly_ratio_0.1_seed_3_svm,anomaly_ratio,0.1,svm,3,1000,0.1,0.05,0.7126678780672798,0.5714285714285714,1.0,0.7272727272727273,0.94,258,0,18,24
anomaly_ratio_0.1_seed_3_vqc_1,anomaly_ratio,0.1,vqc_1,3,1000,0.1,0.05,0.14501346326015851,0.30952380952380953,0.1566265060240964,0.208,0.67,188,70,29,13
anomaly_ratio_0.1_seed_1_vqc_4,anomaly_ratio,0.1,vqc_4,1,1000,0.1,0.05,0.15956372232685015,0.19047619047619047,0.11764705882352941,0.14545454545454545,0.6866666666666666,198,60,34,8
anomaly_ratio_0.1_seed_1_vqc_3,anomaly_ratio,0.1,vqc_3,1,1000,0.1,0.05,0.14593812193733696,0.0,0.0,0.0,0.83,249,9,42,0
anomaly_ratio_0.1_seed_1_vqc_2,anomaly_ratio,0.1,vqc_2,1,1000,0.1,0.05,0.2028976625704579,0.0,0.0,0.0,0.86,258,0,42,0
anomaly_ratio_0.1_seed_1_random_forest,anomaly_ratio,0.1,random_forest,1,1000,0.1,0.05,0.7415746834475696,0.6666666666666666,0.9333333333333333,0.7777777777777778,0.9466666666666667,256,2,14,28
anomaly_ratio_0.1_seed_1_svm,anomaly_ratio,0.1,svm,1,1000,0.1,0.05,0.7059669996240319,0.6666666666666666,0.9032258064516129,0.7671232876712328,0.9433333333333334,255,3,14,28
anomaly_ratio_0.1_seed_1_vqc_1,anomaly_ratio,0.1,vqc_1,1,1000,0.1,0.05,0.15676358417814995,0.23809523809523808,0.1282051282051282,0.16666666666666666,0.6666666666666666,190,68,32,10
anomaly_ratio_0.1_seed_0_vqc_4,anomaly_ratio,0.1,vqc_4,0,1000,0.1,0.05,0.15753436785987077,0.1590909090909091,0.175,0.16666666666666666,0.7666666666666667,223,33,37,7
anomaly_ratio_0.1_seed_0_vqc_3,anomaly_ratio,0.1,vqc_3,0,1000,0.1,0.05,0.38076951233178735,0.1590909090909091,0.7777777777777778,0.2641509433962264,0.87,254,2,37,7
anomaly_ratio_0.1_seed_0_vqc_2,anomaly_ratio,0.1,vqc_2,0,1000,0.1,0.05,0.1687666136952156,0.0,0.0,0.0,0.8533333333333334,256,0,44,0
anomaly_ratio_0.1_seed_0_random_forest,anomaly_ratio,0.1,random_forest,0,1000,0.1,0.05,0.6799419283236983,0.5909090909090909,0.9629629629629629,0.7323943661971831,0.9366666666666666,255,1,18,26
anomaly_ratio_0.1_seed_0_svm,anomaly_ratio,0.1,svm,0,1000,0.1,0.05,0.6606867321368445,0.5909090909090909,0.9629629629629629,0.7323943661971831,0.9366666666666666,255,1,18,26
anomaly_ratio_0.1_seed_0_vqc_1,anomaly_ratio,0.1,vqc_1,0,1000,0.1,0.05,0.1788975355278826,0.20454545454545456,0.15,0.17307692307692307,0.7133333333333334,205,51,35,9
n_samples_300_seed_2_vqc_4,n_samples,300,vqc_4,2,300,0.05,0.05,0.10083433866328603,0.125,0.0625,0.08333333333333333,0.7555555555555555,67,15,7,1
n_samples_300_seed_2_vqc_3,n_samples,300,vqc_3,2,300,0.05,0.05,0.49063717113639715,0.375,1.0,0.5454545454545454,0.9444444444444444,82,0,5,3
n_samples_300_seed_2_vqc_2,n_samples,300,vqc_2,2,300,0.05,0.05,0.16800625582086565,0.0,0.0,0.0,0.9111111111111111,82,0,8,0
n_samples_300_seed_2_random_forest,n_samples,300,random_forest,2,300,0.05,0.05,0.32682748538011697,0.5,0.5714285714285714,0.5333333333333333,0.9222222222222223,79,3,4,4
n_samples_300_seed_2_svm,n_samples,300,svm,2,300,0.05,0.05,0.4489762632272076,0.375,0.75,0.5,0.9333333333333333,81,1,5,3
n_samples_300_seed_2_vqc_1,n_samples,300,vqc_1,2,300,0.05,0.05,0.12311004100993658,0.375,0.1111111111111111,0.17142857142857143,0.6777777777777778,58,24,5,3
n_samples_300_seed_4_vqc_4,n_samples,300,vqc_4,4,300,0.05,0.05,0.07250964527477016,0.125,0.037037037037037035,0.05714285714285714,0.6333333333333333,56,26,7,1
n_samples_300_seed_4_vqc_3,n_samples,300,vqc_3,4,300,0.05,0.05,0.26020025760193305,0.125,0.14285714285714285,0.13333333333333333,0.8555555555555555,76,6,7,1
n_samples_300_seed_4_vqc_2,n_samples,300,vqc_2,4,300,0.05,0.05,0.14779109532629517,0.0,0.0,0.0,0.9111111111111111,82,0,8,0
n_samples_300_seed_4_random_forest,n_samples,300,random_forest,4,300,0.05,0.05,0.5620666292869825,0.5,0.6666666666666666,0.5714285714285714,0.9333333333333333,80,2,4,4
n_samples_300_seed_4_svm,n_samples,300,svm,4,300,0.05,0.05,0.5494270833333333,0.5,0.8,0.6153846153846154,0.9444444444444444,81,1,4,4
n_samples_300_seed_4_vqc_1,n_samples,300,vqc_1,4,300,0.05,0.05,0.15081159016945145,0.25,0.06060606060606061,0.0975609756097561,0.5888888888888889,51,31,6,2
n_samples_300_seed_3_vqc_4,n_samples,300,vqc_4,3,300,0.05,0.05,0.2120222244116416,0.125,0.0625,0.08333333333333333,0.7555555555555555,67,15,7,1
n_samples_300_seed_3_vqc_3,n_samples,300,vqc_3,3,300,0.05,0.05,0.2521557429878728,0.125,0.3333333333333333,0.18181818181818182,0.9,80,2,7,1
n_samples_300_seed_3_vqc_2,n_samples,300,vqc_2,3,300,0.05,0.05,0.12154046208631991,0.0,0.0,0.0,0.9111111111111111,82,0,8,0
n_samples_300_seed_3_random_forest,n_samples,300,random_forest,3,300,0.05,0.05,0.22392124005027228,0.125,0.3333333333333333,0.18181818181818182,0.9,80,2,7,1
n_samples_300_seed_3_svm,n_samples,300,svm,3,300,0.05,0.05,0.23819802504868787,0.125,0.5,0.2,0.9111111111111111,81,1,7,1
n_samples_300_seed_3_vqc_1,n_samples,300,vqc_1,3,300,0.05,0.05,0.13193575770075158,0.375,0.10344827586206896,0.16216216216216217,0.6555555555555556,56,26,5,3
n_samples_300_seed_1_vqc_4,n_samples,300,vqc_4,1,300,0.05,0.05,0.13065520622982615,0.4444444444444444,0.16,0.23529411764705882,0.7111111111111111,60,21,5,4
n_samples_300_seed_1_vqc_3,n_samples,300,vqc_3,1,300,0.05,0.05,0.3245835186857049,0.0,0.0,0.0,0.8888888888888888,80,1,9,0
n_samples_300_seed_1_vqc_2,n_samples,300,vqc_2,1,300,0.05,0.05,0.10092318368373357,0.0,0.0,0.0,0.9,81,0,9,0
n_samples_300_seed_1_random_forest,n_samples,300,random_forest,1,300,0.05,0.05,0.6464248176748177,0.4444444444444444,1.0,0.6153846153846154,0.9444444444444444,81,0,5,4
n_samples_300_seed_1_svm,n_samples,300,svm,1,300,0.05,0.05,0.5248683158214058,0.4444444444444444,1.0,0.6153846153846154,0.9444444444444444,81,0,5,4
n_samples_300_seed_1_vqc_1,n_samples,300,vqc_1,1,300,0.05,0.05,0.26591642465357446,0.5555555555555556,0.17857142857142858,0.2702702702702703,0.7,58,23,4,5
n_samples_300_seed_0_vqc_4,n_samples,300,vqc_4,0,300,0.05,0.05,0.07905451690328939,0.25,0.08333333333333333,0.125,0.6888888888888889,60,22,6,2
n_samples_300_seed_0_vqc_3,n_samples,300,vqc_3,0,300,0.05,0.05,0.35841903383732265,0.125,1.0,0.2222222222222222,0.9222222222222223,82,0,7,1
n_samples_300_seed_0_vqc_2,n_samples,300,vqc_2,0,300,0.05,0.05,0.1336465322203152,0.0,0.0,0.0,0.9111111111111111,82,0,8,0
n_samples_300_seed_0_random_forest,n_samples,300,random_forest,0,300,0.05,0.05,0.5923664393293548,0.5,1.0,0.6666666666666666,0.9555555555555556,82,0,4,4
n_samples_300_seed_0_svm,n_samples,300,svm,0,300,0.05,0.05,0.6400303202894666,0.375,1.0,0.5454545454545454,0.9444444444444444,82,0,5,3
n_samples_300_seed_0_vqc_1,n_samples,300,vqc_1,0,300,0.05,0.05,0.11045001771104712,0.375,0.08571428571428572,0.13953488372093023,0.5888888888888889,50,32,5,3
n_samples_10000_seed_2_vqc_4,n_samples,10000,vqc_4,2,10000,0.05,0.05,0.09372463295695369,0.12857142857142856,0.08256880733944955,0.1005586592178771,0.7853333333333333,2320,400,244,36
n_samples_10000_seed_2_vqc_3,n_samples,10000,vqc_3,2,10000,0.05,0.05,0.3419414046925253,0.2714285714285714,0.3781094527363184,0.316008316008316,0.8903333333333333,2595,125,204,76
n_samples_10000_seed_2_vqc_2,n_samples,10000,vqc_2,2,10000,0.05,0.05,0.09786190889662744,0.0,0.0,0.0,0.9066666666666666,2720,0,280,0
n_samples_10000_seed_2_random_forest,n_samples,10000,random_forest,2,10000,0.05,0.05,0.5731186246313079,0.5071428571428571,0.9403973509933775,0.6589327146171694,0.951,2711,9,138,142
n_samples_10000_seed_2_svm,n_samples,10000,svm,2,10000,0.05,0.05,0.5828530036085997,0.5035714285714286,0.94,0.6558139534883721,0.9506666666666667,2711,9,139,141
n_samples_10000_seed_2_vqc_1,n_samples,10000,vqc_1,2,10000,0.05,0.05,0.10699813543873873,0.26071428571428573,0.10195530726256984,0.1465863453815261,0.7166666666666667,2077,643,207,73
n_samples_10000_seed_4_vqc_4,n_samples,10000,vqc_4,4,10000,0.05,0.05,0.09964426169591913,0.16129032258064516,0.10392609699769054,0.12640449438202248,0.7926666666666666,2333,388,234,45
n_samples_10000_seed_4_vqc_3,n_samples,10000,vqc_3,4,10000,0.05,0.05,0.35797585961077133,0.15770609318996415,0.8979591836734694,0.2682926829268293,0.92,2716,5,235,44
n_samples_10000_seed_4_vqc_2,n_samples,10000,vqc_2,4,10000,0.05,0.05,0.13522343112557542,0.0,0.0,0.0,0.907,2721,0,279,0
n_samples_10000_seed_4_random_forest,n_samples,10000,random_forest,4,10000,0.05,0.05,0.5516290874209722,0.45878136200716846,0.9411764705882353,0.6168674698795181,0.947,2713,8,151,128
n_samples_10000_seed_4_svm,n_samples,10000,svm,4,10000,0.05,0.05,0.5273186482559227,0.45161290322580644,0.9333333333333333,0.6086956521739131,0.946,2712,9,153,126
n_samples_10000_seed_4_vqc_1,n_samples,10000,vqc_1,4,10000,0.05,0.05,0.10165760834035836,0.2974910394265233,0.10466582597730138,0.15485074626865672,0.698,2011,710,196,83
n_samples_10000_seed_3_vqc_4,n_samples,10000,vqc_4,3,10000,0.05,0.05,0.11828661211940047,0.18213058419243985,0.1261904761904762,0.1490857946554149,0.7983333333333333,2342,367,238,53
n_samples_10000_seed_3_vqc_3,n_samples,10000,vqc_3,3,10000,0.05,0.05,0.35191681282465914,0.14432989690721648,0.875,0.24778761061946902,0.915,2703,6,249,42
n_samples_10000_seed_3_vqc_2,n_samples,10000,vqc_2,3,10000,0.05,0.05,0.10683963598864038,0.0,0.0,0.0,0.903,2709,0,291,0
n_samples_10000_seed_3_random_forest,n_samples,10000,random_forest,3,10000,0.05,0.05,0.5481629454790982,0.4845360824742268,0.9463087248322147,0.6409090909090909,0.9473333333333334,2701,8,150,141
n_samples_10000_seed_3_svm,n_samples,10000,svm,3,10000,0.05,0.05,0.5695895325925366,0.4742268041237113,0.9517241379310345,0.6330275229357798,0.9466666666666667,2702,7,153,138
n_samples_10000_seed_3_vqc_1,n_samples,10000,vqc_1,3,10000,0.05,0.05,0.10789292963321662,0.27491408934707906,0.1,0.1466544454628781,0.6896666666666667,1989,720,211,80
n_samples_10000_seed_1_vqc_4,n_samples,10000,vqc_4,1,10000,0.05,0.05,0.11287021987510412,0.176056338028169,0.11655011655011654,0.1402524544179523,0.7956666666666666,2337,379,234,50
n_samples_10000_seed_1_vqc_3,n_samples,10000,vqc_3,1,10000,0.05,0.05,0.39011524101426126,0.1936619718309859,0.9649122807017544,0.3225806451612903,0.923,2714,2,229,55
n_samples_10000_seed_1_vqc_2,n_samples,10000,vqc_2,1,10000,0.05,0.05,0.11358510288047066,0.0,0.0,0.0,0.9053333333333333,2716,0,284,0
n_samples_10000_seed_1_random_forest,n_samples,10000,random_forest,1,10000,0.05,0.05,0.5594661805661248,0.47183098591549294,0.9710144927536232,0.6350710900473934,0.9486666666666667,2712,4,150,134
n_samples_10000_seed_1_svm,n_samples,10000,svm,1,10000,0.05,0.05,0.5673090049841993,0.46830985915492956,0.9708029197080292,0.6318289786223278,0.9483333333333334,2712,4,151,133
n_samples_10000_seed_1_vqc_1,n_samples,10000,vqc_1,1,10000,0.05,0.05,0.0924491942775283,0.25,0.08919597989949749,0.13148148148148148,0.6873333333333334,1991,725,213,71
n_samples_10000_seed_0_vqc_4,n_samples,10000,vqc_4,0,10000,0.05,0.05,0.10947478546619331,0.18149466192170818,0.1234866828087167,0.14697406340057637,0.8026666666666666,2357,362,230,51
n_samples_10000_seed_0_vqc_3,n_samples,10000,vqc_3,0,10000,0.05,0.05,0.32919895384669157,0.1601423487544484,0.9183673469387755,0.2727272727272727,0.92,2715,4,236,45
n_samples_10000_seed_0_vqc_2,n_samples,10000,vqc_2,0,10000,0.05,0.05,0.12382174392378159,0.0,0.0,0.0,0.9063333333333333,2719,0,281,0
n_samples_10000_seed_0_random_forest,n_samples,10000,random_forest,0,10000,0.05,0.05,0.5327365915815488,0.48398576512455516,0.9444444444444444,0.64,0.949,2711,8,145,136
n_samples_10000_seed_0_svm,n_samples,10000,svm,0,10000,0.05,0.05,0.5573814303279016,0.47686832740213525,0.9436619718309859,0.6335697399527187,0.9483333333333334,2711,8,147,134
n_samples_10000_seed_0_vqc_1,n_samples,10000,vqc_1,0,10000,0.05,0.05,0.09593911909836823,0.2526690391459075,0.09354413702239789,0.13653846153846153,0.7006666666666667,2031,688,210,71
n_samples_5000_seed_2_vqc_4,n_samples,5000,vqc_4,2,5000,0.05,0.05,0.12361742209974301,0.18181818181818182,0.15294117647058825,0.16613418530351437,0.826,1213,144,117,26
n_samples_5000_seed_2_vqc_3,n_samples,5000,vqc_3,2,5000,0.05,0.05,0.4397656030391737,0.23776223776223776,1.0,0.384180790960452,0.9273333333333333,1357,0,109,34
n_samples_5000_seed_2_vqc_2,n_samples,5000,vqc_2,2,5000,0.05,0.05,0.10761623106599863,0.0,0.0,0.0,0.9046666666666666,1357,0,143,0
n_samples_5000_seed_2_random_forest,n_samples,5000,random_forest,2,5000,0.05,0.05,0.6427055784222008,0.5524475524475524,0.9518072289156626,0.6991150442477876,0.9546666666666667,1353,4,64,79
n_samples_5000_seed_2_svm,n_samples,5000,svm,2,5000,0.05,0.05,0.6312543163134652,0.5314685314685315,0.9620253164556962,0.6846846846846847,0.9533333333333334,1354,3,67,76
n_samples_5000_seed_2_vqc_1,n_samples,5000,vqc_1,2,5000,0.05,0.05,0.11828398737847848,0.2937062937062937,0.10880829015544041,0.15879017013232513,0.7033333333333334,1013,344,101,42
n_samples_5000_seed_4_vqc_4,n_samples,5000,vqc_4,4,5000,0.05,0.05,0.13094569521652952,0.18055555555555555,0.13978494623655913,0.15757575757575756,0.8146666666666667,1196,160,118,26
n_samples_5000_seed_4_vqc_3,n_samples,5000,vqc_3,4,5000,0.05,0.05,0.3496637040701571,0.1597222222222222,0.8846153846153846,0.27058823529411763,0.9173333333333333,1353,3,121,23
n_samples_5000_seed_4_vqc_2,n_samples,5000,vqc_2,4,5000,0.05,0.05,0.12965930121253033,0.0,0.0,0.0,0.904,1356,0,144,0
n_samples_5000_seed_4_random_forest,n_samples,5000,random_forest,4,5000,0.05,0.05,0.570008552600903,0.5,0.935064935064935,0.6515837104072398,0.9486666666666667,1351,5,72,72
n_samples_5000_seed_4_svm,n_samples,5000,svm,4,5000,0.05,0.05,0.592136101266214,0.4930555555555556,0.9594594594594594,0.6513761467889908,0.9493333333333334,1353,3,73,71
n_samples_5000_seed_4_vqc_1,n_samples,5000,vqc_1,4,5000,0.05,0.05,0.11532430176143316,0.3055555555555556,0.10784313725490197,0.15942028985507245,0.6906666666666667,992,364,100,44
n_samples_5000_seed_3_vqc_4,n_samples,5000,vqc_4,3,5000,0.05,0.05,0.14769165570772036,0.2112676056338028,0.16304347826086957,0.18404907975460122,0.8226666666666667,1204,154,112,30
n_samples_5000_seed_3_vqc_3,n_samples,5000,vqc_3,3,5000,0.05,0.05,0.3884829370023779,0.176056338028169,0.9615384615384616,0.2976190476190476,0.9213333333333333,1357,1,117,25
n_samples_5000_seed_3_vqc_2,n_samples,5000,vqc_2,3,5000,0.05,0.05,0.13471233679231615,0.0,0.0,0.0,0.9053333333333333,1358,0,142,0
n_samples_5000_seed_3_random_forest,n_samples,5000,random_forest,3,5000,0.05,0.05,0.5192819003332616,0.45774647887323944,0.9420289855072463,0.6161137440758294,0.946,1354,4,77,65
n_samples_5000_seed_3_svm,n_samples,5000,svm,3,5000,0.05,0.05,0.5480167481096574,0.4507042253521127,0.9552238805970149,0.6124401913875598,0.946,1355,3,78,64
n_samples_5000_seed_3_vqc_1,n_samples,5000,vqc_1,3,5000,0.05,0.05,0.09524836022243802,0.2605633802816901,0.08466819221967964,0.12780656303972365,0.6633333333333333,958,400,105,37
n_samples_5000_seed_1_vqc_4,n_samples,5000,vqc_4,1,5000,0.05,0.05,0.09986103539175697,0.11888111888111888,0.08629441624365482,0.1,0.796,1177,180,126,17
n_samples_5000_seed_1_vqc_3,n_samples,5000,vqc_3,1,5000,0.05,0.05,0.3755524524137718,0.13986013986013987,1.0,0.24539877300613497,0.918,1357,0,123,20
n_samples_5000_seed_1_vqc_2,n_samples,5000,vqc_2,1,5000,0.05,0.05,0.1224519494252401,0.0,0.0,0.0,0.9046666666666666,1357,0,143,0
n_samples_5000_seed_1_random_forest,n_samples,5000,random_forest,1,5000,0.05,0.05,0.5877029716402425,0.4965034965034965,0.9594594594594594,0.6543778801843319,0.95,1354,3,72,71
n_samples_5000_seed_1_svm,n_samples,5000,svm,1,5000,0.05,0.05,0.5885459773037159,0.4825174825174825,0.9583333333333334,0.641860465116279,0.9486666666666667,1354,3,74,69
n_samples_5000_seed_1_vqc_1,n_samples,5000,vqc_1,1,5000,0.05,0.05,0.12875761878776967,0.2727272727272727,0.10182767624020887,0.1482889733840304,0.7013333333333334,1013,344,104,39
n_samples_5000_seed_0_vqc_4,n_samples,5000,vqc_4,0,5000,0.05,0.05,0.09632988278329899,0.14084507042253522,0.08695652173913043,0.10752688172043011,0.7786666666666666,1148,210,122,20
n_samples_5000_seed_0_vqc_3,n_samples,5000,vqc_3,0,5000,0.05,0.05,0.37179102979519,0.1619718309859155,0.8846153846153846,0.27380952380952384,0.9186666666666666,1355,3,119,23
n_samples_5000_seed_0_vqc_2,n_samples,5000,vqc_2,0,5000,0.05,0.05,0.13207712605459615,0.0,0.0,0.0,0.9053333333333333,1358,0,142,0
n_samples_5000_seed_0_random_forest,n_samples,5000,random_forest,0,5000,0.05,0.05,0.5589550324760238,0.5070422535211268,0.9230769230769231,0.6545454545454545,0.9493333333333334,1352,6,70,72
n_samples_5000_seed_0_svm,n_samples,5000,svm,0,5000,0.05,0.05,0.5644174488685386,0.4788732394366197,0.918918918918919,0.6296296296296297,0.9466666666666667,1352,6,74,68
n_samples_5000_seed_0_vqc_1,n_samples,5000,vqc_1,0,5000,0.05,0.05,0.11198997333610072,0.323943661971831,0.11057692307692307,0.16487455197132617,0.6893333333333334,988,370,96,46
n_samples_1000_seed_2_vqc_4,n_samples,1000,vqc_4,2,1000,0.05,0.05,0.12972613240542386,0.21428571428571427,0.16666666666666666,0.1875,0.8266666666666667,242,30,22,6
n_samples_1000_seed_2_vqc_3,n_samples,1000,vqc_3,2,1000,0.05,0.05,0.5208253651078855,0.32142857142857145,0.9,0.47368421052631576,0.9333333333333333,271,1,19,9
n_samples_1000_seed_2_vqc_2,n_samples,1000,vqc_2,2,1000,0.05,0.05,0.12401813093266334,0.0,0.0,0.0,0.9066666666666666,272,0,28,0
n_samples_1000_seed_2_random_forest,n_samples,1000,random_forest,2,1000,0.05,0.05,0.7028405732579939,0.6428571428571429,0.9473684210526315,0.7659574468085106,0.9633333333333334,271,1,10,18
n_samples_1000_seed_2_svm,n_samples,1000,svm,2,1000,0.05,0.05,0.6706086932759994,0.5714285714285714,0.9411764705882353,0.7111111111111111,0.9566666666666667,271,1,12,16
n_samples_1000_seed_2_vqc_1,n_samples,1000,vqc_1,2,1000,0.05,0.05,0.08814836559228076,0.32142857142857145,0.07563025210084033,0.12244897959183673,0.57,162,110,19,9
n_samples_1000_seed_4_vqc_4,n_samples,1000,vqc_4,4,1000,0.05,0.05,0.15855801700496114,0.10714285714285714,0.1,0.10344827586206896,0.8266666666666667,245,27,25,3
n_samples_1000_seed_4_vqc_3,n_samples,1000,vqc_3,4,1000,0.05,0.05,0.3103759835169795,0.07142857142857142,0.6666666666666666,0.12903225806451613,0.91,271,1,26,2
n_samples_1000_seed_4_vqc_2,n_samples,1000,vqc_2,4,1000,0.05,0.05,0.09137668972994784,0.0,0.0,0.0,0.9066666666666666,272,0,28,0
n_samples_1000_seed_4_random_forest,n_samples,1000,random_forest,4,1000,0.05,0.05,0.6095005840399277,0.4642857142857143,0.8125,0.5909090909090909,0.94,269,3,15,13
n_samples_1000_seed_4_svm,n_samples,1000,svm,4,1000,0.05,0.05,0.6007469445254806,0.42857142857142855,0.9230769230769231,0.5853658536585366,0.9433333333333334,271,1,16,12
n_samples_1000_seed_4_vqc_1,n_samples,1000,vqc_1,4,1000,0.05,0.05,0.07589855885637095,0.21428571428571427,0.06666666666666667,0.1016949152542373,0.6466666666666666,188,84,22,6
n_samples_1000_seed_3_vqc_4,n_samples,1000,vqc_4,3,1000,0.05,0.05,0.15167727869581224,0.27586206896551724,0.1702127659574468,0.21052631578947367,0.8,232,39,21,8
n_samples_1000_seed_3_vqc_3,n_samples,1000,vqc_3,3,1000,0.05,0.05,0.4602695637260304,0.3448275862068966,1.0,0.5128205128205128,0.9366666666666666,271,0,19,10
n_samples_1000_seed_3_vqc_2,n_samples,1000,vqc_2,3,1000,0.05,0.05,0.15233623417112852,0.0,0.0,0.0,0.9033333333333333,271,0,29,0
n_samples_1000_seed_3_random_forest,n_samples,1000,random_forest,3,1000,0.05,0.05,0.5980503605152072,0.4827586206896552,1.0,0.6511627906976745,0.95,271,0,15,14
n_samples_1000_seed_3_svm,n_samples,1000,svm,3,1000,0.05,0.05,0.6197834307272745,0.5172413793103449,1.0,0.6818181818181818,0.9533333333333334,271,0,14,15
n_samples_1000_seed_3_vqc_1,n_samples,1000,vqc_1,3,1000,0.05,0.05,0.09362462172832653,0.1724137931034483,0.06172839506172839,0.09090909090909091,0.6666666666666666,195,76,24,5
n_samples_1000_seed_1_vqc_4,n_samples,1000,vqc_4,1,1000,0.05,0.05,0.10446013714058305,0.14285714285714285,0.1,0.11764705882352941,0.8,236,36,24,4
n_samples_1000_seed_1_vqc_3,n_samples,1000,vqc_3,1,1000,0.05,0.05,0.18673527106391263,0.14285714285714285,0.26666666666666666,0.18604651162790697,0.8833333333333333,261,11,24,4
n_samples_1000_seed_1_vqc_2,n_samples,1000,vqc_2,1,1000,0.05,0.05,0.12359479895276224,0.0,0.0,0.0,0.9066666666666666,272,0,28,0
n_samples_1000_seed_1_random_forest,n_samples,1000,random_forest,1,1000,0.05,0.05,0.5597124241685704,0.5,0.9333333333333333,0.6511627906976745,0.95,271,1,14,14
n_samples_1000_seed_1_svm,n_samples,1000,svm,1,1000,0.05,0.05,0.5875879127644977,0.4642857142857143,0.9285714285714286,0.6190476190476191,0.9466666666666667,271,1,15,13
n_samples_1000_seed_1_vqc_1,n_samples,1000,vqc_1,1,1000,0.05,0.05,0.10078233778696788,0.2857142857142857,0.10256410256410256,0.1509433962264151,0.7,202,70,20,8
n_samples_1000_seed_0_vqc_4,n_samples,1000,vqc_4,0,1000,0.05,0.05,0.15182201940912127,0.20689655172413793,0.2,0.2033898305084746,0.8433333333333334,247,24,23,6
n_samples_1000_seed_0_vqc_3,n_samples,1000,vqc_3,0,1000,0.05,0.05,0.2879988386449631,0.13793103448275862,1.0,0.24242424242424243,0.9166666666666666,271,0,25,4
n_samples_1000_seed_0_vqc_2,n_samples,1000,vqc_2,0,1000,0.05,0.05,0.09927348630444875,0.0,0.0,0.0,0.9033333333333333,271,0,29,0
n_samples_1000_seed_0_random_forest,n_samples,1000,random_forest,0,1000,0.05,0.05,0.5149073108157349,0.3448275862068966,1.0,0.5128205128205128,0.9366666666666666,271,0,19,10
n_samples_1000_seed_0_svm,n_samples,1000,svm,0,1000,0.05,0.05,0.49201527940375617,0.3448275862068966,0.9090909090909091,0.5,0.9333333333333333,270,1,19,10
n_samples_1000_seed_0_vqc_1,n_samples,1000,vqc_1,0,1000,0.05,0.05,0.11056808205542816,0.3793103448275862,0.12359550561797752,0.1864406779661017,0.68,193,78,18,11
label_noise_0.05_seed_2_vqc_4,label_noise,0.05,vqc_4,2,1000,0.05,0.05,0.15194171678146423,0.21428571428571427,0.1935483870967742,0.2033898305084746,0.8433333333333334,247,25,22,6
label_noise_0.05_seed_2_vqc_3,label_noise,0.05,vqc_3,2,1000,0.05,0.05,0.5049855904521996,0.32142857142857145,0.9,0.47368421052631576,0.9333333333333333,271,1,19,9
label_noise_0.05_seed_2_vqc_2,label_noise,0.05,vqc_2,2,1000,0.05,0.05,0.12295104877863554,0.0,0.0,0.0,0.9066666666666666,272,0,28,0
label_noise_0.05_seed_2_random_forest,label_noise,0.05,random_forest,2,1000,0.05,0.05,0.7028405732579939,0.6428571428571429,0.9473684210526315,0.7659574468085106,0.9633333333333334,271,1,10,18
label_noise_0.05_seed_2_svm,label_noise,0.05,svm,2,1000,0.05,0.05,0.6706086932759994,0.5714285714285714,0.9411764705882353,0.7111111111111111,0.9566666666666667,271,1,12,16
label_noise_0.05_seed_2_vqc_1,label_noise,0.05,vqc_1,2,1000,0.05,0.05,0.08509686952474058,0.32142857142857145,0.08333333333333333,0.1323529411764706,0.6066666666666667,173,99,19,9
label_noise_0.05_seed_4_vqc_4,label_noise,0.05,vqc_4,4,1000,0.05,0.05,0.14204676958160495,0.07142857142857142,0.06451612903225806,0.06779661016949153,0.8166666666666667,243,29,26,2
label_noise_0.05_seed_4_vqc_3,label_noise,0.05,vqc_3,4,1000,0.05,0.05,0.32295977293318395,0.07142857142857142,0.6666666666666666,0.12903225806451613,0.91,271,1,26,2
label_noise_0.05_seed_4_vqc_2,label_noise,0.05,vqc_2,4,1000,0.05,0.05,0.10301519704765405,0.0,0.0,0.0,0.9066666666666666,272,0,28,0
label_noise_0.05_seed_4_random_forest,label_noise,0.05,random_forest,4,1000,0.05,0.05,0.6095005840399277,0.4642857142857143,0.8125,0.5909090909090909,0.94,269,3,15,13
label_noise_0.05_seed_4_svm,label_noise,0.05,svm,4,1000,0.05,0.05,0.6007469445254806,0.42857142857142855,0.9230769230769231,0.5853658536585366,0.9433333333333334,271,1,16,12
label_noise_0.05_seed_4_vqc_1,label_noise,0.05,vqc_1,4,1000,0.05,0.05,0.08705562273548467,0.25,0.08045977011494253,0.12173913043478261,0.6633333333333333,192,80,21,7
label_noise_0.05_seed_3_vqc_4,label_noise,0.05,vqc_4,3,1000,0.05,0.05,0.14785455991816704,0.2413793103448276,0.14,0.17721518987341772,0.7833333333333333,228,43,22,7
label_noise_0.05_seed_3_vqc_3,label_noise,0.05,vqc_3,3,1000,0.05,0.05,0.45812409061719134,0.3448275862068966,1.0,0.5128205128205128,0.9366666666666666,271,0,19,10
label_noise_0.05_seed_3_vqc_2,label_noise,0.05,vqc_2,3,1000,0.05,0.05,0.17026381533761226,0.0,0.0,0.0,0.9033333333333333,271,0,29,0
label_noise_0.05_seed_3_random_forest,label_noise,0.05,random_forest,3,1000,0.05,0.05,0.5980503605152072,0.4827586206896552,1.0,0.6511627906976745,0.95,271,0,15,14
label_noise_0.05_seed_3_svm,label_noise,0.05,svm,3,1000,0.05,0.05,0.6197834307272745,0.5172413793103449,1.0,0.6818181818181818,0.9533333333333334,271,0,14,15
label_noise_0.05_seed_3_vqc_1,label_noise,0.05,vqc_1,3,1000,0.05,0.05,0.09331901734494194,0.13793103448275862,0.04878048780487805,0.07207207207207207,0.6566666666666666,193,78,25,4
label_noise_0.05_seed_1_vqc_4,label_noise,0.05,vqc_4,1,1000,0.05,0.05,0.116830354180119,0.25,0.14893617021276595,0.18666666666666668,0.7966666666666666,232,40,21,7
label_noise_0.05_seed_1_vqc_3,label_noise,0.05,vqc_3,1,1000,0.05,0.05,0.1813521782698056,0.14285714285714285,0.23529411764705882,0.17777777777777778,0.8766666666666667,259,13,24,4
label_noise_0.05_seed_1_vqc_2,label_noise,0.05,vqc_2,1,1000,0.05,0.05,0.1360813830637317,0.0,0.0,0.0,0.9066666666666666,272,0,28,0
label_noise_0.05_seed_1_random_forest,label_noise,0.05,random_forest,1,1000,0.05,0.05,0.5597124241685704,0.5,0.9333333333333333,0.6511627906976745,0.95,271,1,14,14
label_noise_0.05_seed_1_svm,label_noise,0.05,svm,1,1000,0.05,0.05,0.5875879127644977,0.4642857142857143,0.9285714285714286,0.6190476190476191,0.9466666666666667,271,1,15,13
label_noise_0.05_seed_1_vqc_1,label_noise,0.05,vqc_1,1,1000,0.05,0.05,0.10184989053567556,0.25,0.09333333333333334,0.13592233009708737,0.7033333333333334,204,68,21,7
label_noise_0.05_seed_0_vqc_4,label_noise,0.05,vqc_4,0,1000,0.05,0.05,0.13414809301580882,0.13793103448275862,0.10810810810810811,0.12121212121212122,0.8066666666666666,238,33,25,4
label_noise_0.05_seed_0_vqc_3,label_noise,0.05,vqc_3,0,1000,0.05,0.05,0.28691649968091626,0.1724137931034483,1.0,0.29411764705882354,0.92,271,0,24,5
label_noise_0.05_seed_0_vqc_2,label_noise,0.05,vqc_2,0,1000,0.05,0.05,0.11735686792246108,0.0,0.0,0.0,0.9033333333333333,271,0,29,0
label_noise_0.05_seed_0_random_forest,label_noise,0.05,random_forest,0,1000,0.05,0.05,0.5149073108157349,0.3448275862068966,1.0,0.5128205128205128,0.9366666666666666,271,0,19,10
label_noise_0.05_seed_0_svm,label_noise,0.05,svm,0,1000,0.05,0.05,0.49201527940375617,0.3448275862068966,0.9090909090909091,0.5,0.9333333333333333,270,1,19,10
label_noise_0.05_seed_0_vqc_1,label_noise,0.05,vqc_1,0,1000,0.05,0.05,0.10912147523302056,0.41379310344827586,0.13636363636363635,0.20512820512820512,0.69,195,76,17,12
label_noise_0.0_seed_2_vqc_4,label_noise,0.0,vqc_4,2,1000,0.05,0.0,0.0861202634089085,0.26666666666666666,0.09302325581395349,0.13793103448275862,0.8333333333333334,246,39,11,4
label_noise_0.0_seed_2_vqc_3,label_noise,0.0,vqc_3,2,1000,0.05,0.0,0.6824350022670079,0.6,1.0,0.75,0.98,285,0,6,9
label_noise_0.0_seed_2_vqc_2,label_noise,0.0,vqc_2,2,1000,0.05,0.0,0.053480724397715174,0.0,0.0,0.0,0.95,285,0,15,0
label_noise_0.0_seed_2_random_forest,label_noise,0.0,random_forest,2,1000,0.05,0.0,1.0,1.0,1.0,1.0,1.0,285,0,0,15
label_noise_0.0_seed_2_svm,label_noise,0.0,svm,2,1000,0.05,0.0,0.9921568627450981,0.9333333333333333,1.0,0.9655172413793104,0.9966666666666667,285,0,1,14
label_noise_0.0_seed_2_vqc_1,label_noise,0.0,vqc_1,2,1000,0.05,0.0,0.05553643065872318,0.5333333333333333,0.05714285714285714,0.1032258064516129,0.5366666666666666,153,132,7,8
label_noise_0.0_seed_4_vqc_4,label_noise,0.0,vqc_4,4,1000,0.05,0.0,0.08285292539260433,0.3333333333333333,0.10869565217391304,0.16393442622950818,0.83,244,41,10,5
label_noise_0.0_seed_4_vqc_3,label_noise,0.0,vqc_3,4,1000,0.05,0.0,0.5902424903714697,0.26666666666666666,1.0,0.42105263157894735,0.9633333333333334,285,0,11,4
label_noise_0.0_seed_4_vqc_2,label_noise,0.0,vqc_2,4,1000,0.05,0.0,0.08148917726503044,0.0,0.0,0.0,0.95,285,0,15,0
label_noise_0.0_seed_4_random_forest,label_noise,0.0,random_forest,4,1000,0.05,0.0,0.9958333333333333,0.8666666666666667,1.0,0.9285714285714286,0.9933333333333333,285,0,2,13
label_noise_0.0_seed_4_svm,label_noise,0.0,svm,4,1000,0.05,0.0,1.0,0.8666666666666667,1.0,0.9285714285714286,0.9933333333333333,285,0,2,13
label_noise_0.0_seed_4_vqc_1,label_noise,0.0,vqc_1,4,1000,0.05,0.0,0.03699493555028884,0.13333333333333333,0.02247191011235955,0.038461538461538464,0.6666666666666666,198,87,13,2
label_noise_0.0_seed_3_vqc_4,label_noise,0.0,vqc_4,3,1000,0.05,0.0,0.07864801812415695,0.13333333333333333,0.04081632653061224,0.0625,0.8,238,47,13,2
label_noise_0.0_seed_3_vqc_3,label_noise,0.0,vqc_3,3,1000,0.05,0.0,0.6380432237534999,0.2,1.0,0.3333333333333333,0.96,285,0,12,3
label_noise_0.0_seed_3_vqc_2,label_noise,0.0,vqc_2,3,1000,0.05,0.0,0.07920321112858657,0.0,0.0,0.0,0.95,285,0,15,0
label_noise_0.0_seed_3_random_forest,label_noise,0.0,random_forest,3,1000,0.05,0.0,1.0,1.0,1.0,1.0,1.0,285,0,0,15
label_noise_0.0_seed_3_svm,label_noise,0.0,svm,3,1000,0.05,0.0,1.0,1.0,1.0,1.0,1.0,285,0,0,15
label_noise_0.0_seed_3_vqc_1,label_noise,0.0,vqc_1,3,1000,0.05,0.0,0.06220246903216058,0.26666666666666666,0.06557377049180328,0.10526315789473684,0.7733333333333333,228,57,11,4
label_noise_0.0_seed_1_vqc_4,label_noise,0.0,vqc_4,1,1000,0.05,0.0,0.11710957926822568,0.26666666666666666,0.09090909090909091,0.13559322033898305,0.83,245,40,11,4
label_noise_0.0_seed_1_vqc_3,label_noise,0.0,vqc_3,1,1000,0.05,0.0,0.09755914454837522,0.13333333333333333,0.08333333333333333,0.10256410256410256,0.8833333333333333,263,22,13,2
label_noise_0.0_seed_1_vqc_2,label_noise,0.0,vqc_2,1,1000,0.05,0.0,0.10125638524452081,0.0,0.0,0.0,0.95,285,0,15,0
label_noise_0.0_seed_1_random_forest,label_noise,0.0,random_forest,1,1000,0.05,0.0,1.0,1.0,1.0,1.0,1.0,285,0,0,15
label_noise_0.0_seed_1_svm,label_noise,0.0,svm,1,1000,0.05,0.0,1.0,1.0,1.0,1.0,1.0,285,0,0,15
label_noise_0.0_seed_1_vqc_1,label_noise,0.0,vqc_1,1,1000,0.05,0.0,0.05973474884342832,0.2,0.04477611940298507,0.07317073170731707,0.7466666666666667,221,64,12,3
label_noise_0.0_seed_0_vqc_4,label_noise,0.0,vqc_4,0,1000,0.05,0.0,0.06555811978438303,0.13333333333333333,0.05405405405405406,0.07692307692307693,0.84,250,35,13,2
label_noise_0.0_seed_0_vqc_3,label_noise,0.0,vqc_3,0,1000,0.05,0.0,0.6803620079297888,0.5333333333333333,1.0,0.6956521739130435,0.9766666666666667,285,0,7,8
label_noise_0.0_seed_0_vqc_2,label_noise,0.0,vqc_2,0,1000,0.05,0.0,0.11353831559383994,0.0,0.0,0.0,0.95,285,0,15,0
label_noise_0.0_seed_0_random_forest,label_noise,0.0,random_forest,0,1000,0.05,0.0,1.0,1.0,1.0,1.0,1.0,285,0,0,15
label_noise_0.0_seed_0_svm,label_noise,0.0,svm,0,1000,0.05,0.0,1.0,1.0,1.0,1.0,1.0,285,0,0,15
label_noise_0.0_seed_0_vqc_1,label_noise,0.0,vqc_1,0,1000,0.05,0.0,0.060789030341614925,0.3333333333333333,0.05747126436781609,0.09803921568627451,0.6933333333333334,203,82,10,5
label_noise_0.1_seed_2_vqc_4,label_noise,0.1,vqc_4,2,1000,0.05,0.1,0.12478025150119938,0.16666666666666666,0.11864406779661017,0.13861386138613863,0.71,206,52,35,7
label_noise_0.1_seed_2_vqc_3,label_noise,0.1,vqc_3,2,1000,0.05,0.1,0.31221475308864166,0.11904761904761904,0.4166666666666667,0.18518518518518517,0.8533333333333334,251,7,37,5
label_noise_0.1_seed_2_vqc_2,label_noise,0.1,vqc_2,2,1000,0.05,0.1,0.18909576082474155,0.0,0.0,0.0,0.86,258,0,42,0
label_noise_0.1_seed_2_random_forest,label_noise,0.1,random_forest,2,1000,0.05,0.1,0.44678260670799697,0.30952380952380953,0.8666666666666667,0.45614035087719296,0.8966666666666666,256,2,29,13
label_noise_0.1_seed_2_svm,label_noise,0.1,svm,2,1000,0.05,0.1,0.4355720902815917,0.2857142857142857,0.8,0.42105263157894735,0.89,255,3,30,12
label_noise_0.1_seed_2_vqc_1,label_noise,0.1,vqc_1,2,1000,0.05,0.1,0.174055337613799,0.35714285714285715,0.1595744680851064,0.22058823529411764,0.6466666666666666,179,79,27,15
label_noise_0.1_seed_4_vqc_4,label_noise,0.1,vqc_4,4,1000,0.05,0.1,0.187433180383074,0.3023255813953488,0.19696969696969696,0.23853211009174313,0.7233333333333334,204,53,30,13
label_noise_0.1_seed_4_vqc_3,label_noise,0.1,vqc_3,4,1000,0.05,0.1,0.2845700219745354,0.023255813953488372,0.5,0.044444444444444446,0.8566666666666667,256,1,42,1
label_noise_0.1_seed_4_vqc_2,label_noise,0.1,vqc_2,4,1000,0.05,0.1,0.1402150458383293,0.0,0.0,0.0,0.8566666666666667,257,0,43,0
label_noise_0.1_seed_4_random_forest,label_noise,0.1,random_forest,4,1000,0.05,0.1,0.30728162277106363,0.20930232558139536,0.6428571428571429,0.3157894736842105,0.87,252,5,34,9
label_noise_0.1_seed_4_svm,label_noise,0.1,svm,4,1000,0.05,0.1,0.36842622923338575,0.20930232558139536,0.75,0.32727272727272727,0.8766666666666667,254,3,34,9
label_noise_0.1_seed_4_vqc_1,label_noise,0.1,vqc_1,4,1000,0.05,0.1,0.12630099417419238,0.20930232558139536,0.10112359550561797,0.13636363636363635,0.62,177,80,34,9
label_noise_0.1_seed_3_vqc_4,label_noise,0.1,vqc_4,3,1000,0.05,0.1,0.1539782783322399,0.13636363636363635,0.15,0.14285714285714285,0.76,222,34,38,6
label_noise_0.1_seed_3_vqc_3,label_noise,0.1,vqc_3,3,1000,0.05,0.1,0.3338288724739591,0.11363636363636363,0.8333333333333334,0.2,0.8666666666666667,255,1,39,5
label_noise_0.1_seed_3_vqc_2,label_noise,0.1,vqc_2,3,1000,0.05,0.1,0.16339738067910414,0.0,0.0,0.0,0.8533333333333334,256,0,44,0
label_noise_0.1_seed_3_random_forest,label_noise,0.1,random_forest,3,1000,0.05,0.1,0.5054535427728628,0.3409090909090909,0.8333333333333334,0.4838709677419355,0.8933333333333333,253,3,29,15
label_noise_0.1_seed_3_svm,label_noise,0.1,svm,3,1000,0.05,0.1,0.5162793070517044,0.3409090909090909,0.9375,0.5,0.9,255,1,29,15
label_noise_0.1_seed_3_vqc_1,label_noise,0.1,vqc_1,3,1000,0.05,0.1,0.11244520665844773,0.18181818181818182,0.07766990291262135,0.10884353741496598,0.5633333333333334,161,95,36,8
label_noise_0.1_seed_1_vqc_4,label_noise,0.1,vqc_4,1,1000,0.05,0.1,0.13715566035574317,0.11627906976744186,0.1111111111111111,0.11363636363636363,0.74,217,40,38,5
label_noise_0.1_seed_1_vqc_3,label_noise,0.1,vqc_3,1,1000,0.05,0.1,0.1697247353243314,0.023255813953488372,0.08333333333333333,0.03636363636363636,0.8233333333333334,246,11,42,1
label_noise_0.1_seed_1_vqc_2,label_noise,0.1,vqc_2,1,1000,0.05,0.1,0.18062060113353773,0.0,0.0,0.0,0.8566666666666667,257,0,43,0
label_noise_0.1_seed_1_random_forest,label_noise,0.1,random_forest,1,1000,0.05,0.1,0.3953287617599787,0.27906976744186046,0.9230769230769231,0.42857142857142855,0.8933333333333333,256,1,31,12
label_noise_0.1_seed_1_svm,label_noise,0.1,svm,1,1000,0.05,0.1,0.4400203233341231,0.2558139534883721,0.9166666666666666,0.4,0.89,256,1,32,11
label_noise_0.1_seed_1_vqc_1,label_noise,0.1,vqc_1,1,1000,0.05,0.1,0.1818923917666813,0.37209302325581395,0.2191780821917808,0.27586206896551724,0.72,200,57,27,16
label_noise_0.1_seed_0_vqc_4,label_noise,0.1,vqc_4,0,1000,0.05,0.1,0.22204132816802996,0.11627906976744186,0.13157894736842105,0.12345679012345678,0.7633333333333333,224,33,38,5
label_noise_0.1_seed_0_vqc_3,label_noise,0.1,vqc_3,0,1000,0.05,0.1,0.4500452353591985,0.16279069767441862,1.0,0.28,0.88,257,0,36,7
label_noise_0.1_seed_0_vqc_2,label_noise,0.1,vqc_2,0,1000,0.05,0.1,0.20715153936619513,0.0,0.0,0.0,0.8566666666666667,257,0,43,0
label_noise_0.1_seed_0_random_forest,label_noise,0.1,random_forest,0,1000,0.05,0.1,0.49383692599654594,0.32558139534883723,0.8235294117647058,0.4666666666666667,0.8933333333333333,254,3,29,14
label_noise_0.1_seed_0_svm,label_noise,0.1,svm,0,1000,0.05,0.1,0.538697688085396,0.3023255813953488,1.0,0.4642857142857143,0.9,257,0,30,13
label_noise_0.1_seed_0_vqc_1,label_noise,0.1,vqc_1,0,1000,0.05,0.1,0.12865515071429606,0.2558139534883721,0.11956521739130435,0.16296296296296298,0.6233333333333333,176,81,32,11
anomaly_ratio_0.01_seed_2_vqc_4,anomaly_ratio,0.01,vqc_4,2,1000,0.01,0.05,0.049458382933696185,0.11764705882352941,0.04,0.05970149253731343,0.79,235,48,15,2
anomaly_ratio_0.01_seed_2_vqc_3,anomaly_ratio,0.01,vqc_3,2,1000,0.01,0.05,0.05485630090547628,0.0,0.0,0.0,0.9033333333333333,271,12,17,0
anomaly_ratio_0.01_seed_2_vqc_2,anomaly_ratio,0.01,vqc_2,2,1000,0.01,0.05,0.05614820743797654,0.0,0.0,0.0,0.9433333333333334,283,0,17,0
anomaly_ratio_0.01_seed_2_random_forest,anomaly_ratio,0.01,random_forest,2,1000,0.01,0.05,0.16217705357769918,0.058823529411764705,1.0,0.1111111111111111,0.9466666666666667,283,0,16,1
anomaly_ratio_0.01_seed_2_svm,anomaly_ratio,0.01,svm,2,1000,0.01,0.05,0.319156864028054,0.0,0.0,0.0,0.9433333333333334,283,0,17,0
anomaly_ratio_0.01_seed_2_vqc_1,anomaly_ratio,0.01,vqc_1,2,1000,0.01,0.05,0.12250549664873431,0.35294117647058826,0.0821917808219178,0.13333333333333333,0.74,216,67,11,6
anomaly_ratio_0.01_seed_4_vqc_4,anomaly_ratio,0.01,vqc_4,4,1000,0.01,0.05,0.04510982750053261,0.0,0.0,0.0,0.7566666666666667,227,55,18,0
anomaly_ratio_0.01_seed_4_vqc_3,anomaly_ratio,0.01,vqc_3,4,1000,0.01,0.05,0.09425283521053314,0.05555555555555555,0.1111111111111111,0.07407407407407407,0.9166666666666666,274,8,17,1
anomaly_ratio_0.01_seed_4_vqc_2,anomaly_ratio,0.01,vqc_2,4,1000,0.01,0.05,0.06362386503626472,0.0,0.0,0.0,0.94,282,0,18,0
anomaly_ratio_0.01_seed_4_random_forest,anomaly_ratio,0.01,random_forest,4,1000,0.01,0.05,0.18213962985223534,0.1111111111111111,0.3333333333333333,0.16666666666666666,0.9333333333333333,278,4,16,2
anomaly_ratio_0.01_seed_4_svm,anomaly_ratio,0.01,svm,4,1000,0.01,0.05,0.1335557248792047,0.05555555555555555,0.5,0.1,0.94,281,1,17,1
anomaly_ratio_0.01_seed_4_vqc_1,anomaly_ratio,0.01,vqc_1,4,1000,0.01,0.05,0.04676434363137401,0.05555555555555555,0.014285714285714285,0.022727272727272728,0.7133333333333334,213,69,17,1
anomaly_ratio_0.01_seed_3_vqc_4,anomaly_ratio,0.01,vqc_4,3,1000,0.01,0.05,0.048828737385085905,0.058823529411764705,0.022222222222222223,0.03225806451612903,0.8,239,44,16,1
anomaly_ratio_0.01_seed_3_vqc_3,anomaly_ratio,0.01,vqc_3,3,1000,0.01,0.05,0.11225431675872688,0.0,0.0,0.0,0.9366666666666666,281,2,17,0
anomaly_ratio_0.01_seed_3_vqc_2,anomaly_ratio,0.01,vqc_2,3,1000,0.01,0.05,0.11100952333853303,0.0,0.0,0.0,0.9433333333333334,283,0,17,0
anomaly_ratio_0.01_seed_3_random_forest,anomaly_ratio,0.01,random_forest,3,1000,0.01,0.05,0.2744391818693545,0.17647058823529413,1.0,0.3,0.9533333333333334,283,0,14,3
anomaly_ratio_0.01_seed_3_svm,anomaly_ratio,0.01,svm,3,1000,0.01,0.05,0.3212213049219486,0.058823529411764705,1.0,0.1111111111111111,0.9466666666666667,283,0,16,1
anomaly_ratio_0.01_seed_3_vqc_1,anomaly_ratio,0.01,vqc_1,3,1000,0.01,0.05,0.04834314272811452,0.23529411764705882,0.04,0.06837606837606838,0.6366666666666667,187,96,13,4
anomaly_ratio_0.01_seed_1_vqc_4,anomaly_ratio,0.01,vqc_4,1,1000,0.01,0.05,0.07507714804249882,0.16666666666666666,0.05357142857142857,0.08108108108108109,0.7733333333333333,229,53,15,3
anomaly_ratio_0.01_seed_1_vqc_3,anomaly_ratio,0.01,vqc_3,1,1000,0.01,0.05,0.06375090321857281,0.0,0.0,0.0,0.8866666666666667,266,16,18,0
anomaly_ratio_0.01_seed_1_vqc_2,anomaly_ratio,0.01,vqc_2,1,1000,0.01,0.05,0.06304596140973588,0.0,0.0,0.0,0.94,282,0,18,0
anomaly_ratio_0.01_seed_1_random_forest,anomaly_ratio,0.01,random_forest,1,1000,0.01,0.05,0.18301871093465463,0.05555555555555555,1.0,0.10526315789473684,0.9433333333333334,282,0,17,1
anomaly_ratio_0.01_seed_1_svm,anomaly_ratio,0.01,svm,1,1000,0.01,0.05,0.15054085291019365,0.0,0.0,0.0,0.94,282,0,18,0
anomaly_ratio_0.01_seed_1_vqc_1,anomaly_ratio,0.01,vqc_1,1,1000,0.01,0.05,0.056688611061502414,0.2222222222222222,0.05333333333333334,0.08602150537634409,0.7166666666666667,211,71,14,4
anomaly_ratio_0.01_seed_0_vqc_4,anomaly_ratio,0.01,vqc_4,0,1000,0.01,0.05,0.05850148892278344,0.16666666666666666,0.04838709677419355,0.075,0.7533333333333333,223,59,15,3
anomaly_ratio_0.01_seed_0_vqc_3,anomaly_ratio,0.01,vqc_3,0,1000,0.01,0.05,0.06964849764406256,0.0,0.0,0.0,0.9233333333333333,277,5,18,0
anomaly_ratio_0.01_seed_0_vqc_2,anomaly_ratio,0.01,vqc_2,0,1000,0.01,0.05,0.07062682424199707,0.0,0.0,0.0,0.94,282,0,18,0
anomaly_ratio_0.01_seed_0_random_forest,anomaly_ratio,0.01,random_forest,0,1000,0.01,0.05,0.264831934250234,0.16666666666666666,0.6,0.2608695652173913,0.9433333333333334,280,2,15,3
anomaly_ratio_0.01_seed_0_svm,anomaly_ratio,0.01,svm,0,1000,0.01,0.05,0.28957293518024757,0.05555555555555555,1.0,0.10526315789473684,0.9433333333333334,282,0,17,1
anomaly_ratio_0.01_seed_0_vqc_1,anomaly_ratio,0.01,vqc_1,0,1000,0.01,0.05,0.06639627252858864,0.3333333333333333,0.06315789473684211,0.10619469026548672,0.6633333333333333,193,89,12,6
anomaly_ratio_0.5_seed_2_vqc_4,anomaly_ratio,0.5,vqc_4,2,1000,0.5,0.05,0.5990226573760831,0.5333333333333333,0.5673758865248227,0.5498281786941581,0.5633333333333334,89,61,70,80
anomaly_ratio_0.5_seed_2_vqc_3,anomaly_ratio,0.5,vqc_3,2,1000,0.5,0.05,0.688801211370519,0.3933333333333333,0.8194444444444444,0.5315315315315315,0.6533333333333333,137,13,91,59
anomaly_ratio_0.5_seed_2_vqc_2,anomaly_ratio,0.5,vqc_2,2,1000,0.5,0.05,0.6742007770064496,0.5733333333333334,0.6323529411764706,0.6013986013986014,0.62,100,50,64,86
anomaly_ratio_0.5_seed_2_random_forest,anomaly_ratio,0.5,random_forest,2,1000,0.5,0.05,0.9430548260983667,0.9533333333333334,0.9533333333333334,0.9533333333333334,0.9533333333333334,143,7,7,143
anomaly_ratio_0.5_seed_2_svm,anomaly_ratio,0.5,svm,2,1000,0.5,0.05,0.9432265715733482,0.9466666666666667,0.9466666666666667,0.9466666666666667,0.9466666666666667,142,8,8,142
anomaly_ratio_0.5_seed_2_vqc_1,anomaly_ratio,0.5,vqc_1,2,1000,0.5,0.05,0.5245614749296308,0.44666666666666666,0.5275590551181102,0.48375451263537905,0.5233333333333333,90,60,83,67
anomaly_ratio_0.5_seed_4_vqc_4,anomaly_ratio,0.5,vqc_4,4,1000,0.5,0.05,0.5779282516313184,0.6241610738255033,0.5166666666666667,0.5653495440729484,0.5233333333333333,64,87,56,93
anomaly_ratio_0.5_seed_4_vqc_3,anomaly_ratio,0.5,vqc_3,4,1000,0.5,0.05,0.9661765797523456,0.4266666666666667,1.0,0.5981308411214953,0.7133333333333334,150,0,86,64
anomaly_ratio_0.5_seed_4_vqc_2,anomaly_ratio,0.5,vqc_2,4,1000,0.5,0.05,0.893701057034502,0.03333333333333333,1.0,0.06451612903225806,0.5166666666666667,150,0,145,5
anomaly_ratio_0.5_seed_4_random_forest,anomaly_ratio,0.5,random_forest,4,1000,0.5,0.05,0.9114575634768595,0.9395973154362416,0.9395973154362416,0.9395973154362416,0.94,142,9,9,140
anomaly_ratio_0.5_seed_4_svm,anomaly_ratio,0.5,svm,4,1000,0.5,0.05,0.9376990964955663,0.9328859060402684,0.9391891891891891,0.936026936026936,0.9366666666666666,142,9,10,139
anomaly_ratio_0.5_seed_4_vqc_1,anomaly_ratio,0.5,vqc_1,4,1000,0.5,0.05,0.8329121315253738,0.38,0.890625,0.5327102803738317,0.6666666666666666,143,7,93,57
anomaly_ratio_0.5_seed_3_vqc_4,anomaly_ratio,0.5,vqc_4,3,1000,0.5,0.05,0.5631162500514586,0.6712328767123288,0.5384615384615384,0.5975609756097561,0.56,70,84,48,98
anomaly_ratio_0.5_seed_3_vqc_3,anomaly_ratio,0.5,vqc_3,3,1000,0.5,0.05,0.6965559729346018,0.5616438356164384,0.7522935779816514,0.6431372549019608,0.6966666666666667,127,27,64,82
anomaly_ratio_0.5_seed_3_vqc_2,anomaly_ratio,0.5,vqc_2,3,1000,0.5,0.05,0.6556856806369618,0.4246575342465753,0.6391752577319587,0.5102880658436214,0.6033333333333334,119,35,84,62
anomaly_ratio_0.5_seed_3_random_forest,anomaly_ratio,0.5,random_forest,3,1000,0.5,0.05,0.9383317991313072,0.9452054794520548,0.9517241379310345,0.9484536082474226,0.95,147,7,8,138
anomaly_ratio_0.5_seed_3_svm,anomaly_ratio,0.5,svm,3,1000,0.5,0.05,0.9485972075481837,0.958904109589041,0.9459459459459459,0.9523809523809523,0.9533333333333334,146,8,6,140
anomaly_ratio_0.5_seed_3_vqc_1,anomaly_ratio,0.5,vqc_1,3,1000,0.5,0.05,0.5411365400700017,0.4589041095890411,0.5726495726495726,0.5095057034220533,0.57,104,50,79,67
anomaly_ratio_0.5_seed_1_vqc_4,anomaly_ratio,0.5,vqc_4,1,1000,0.5,0.05,0.6710457584076677,0.5714285714285714,0.624113475177305,0.5966101694915255,0.6033333333333334,93,53,66,88
anomaly_ratio_0.5_seed_1_vqc_3,anomaly_ratio,0.5,vqc_3,1,1000,0.5,0.05,0.7233590966074428,0.5584415584415584,0.6991869918699187,0.6209386281588448,0.65,109,37,68,86
anomaly_ratio_0.5_seed_1_vqc_2,anomaly_ratio,0.5,vqc_2,1,1000,0.5,0.05,0.6682769280825361,0.525974025974026,0.6230769230769231,0.5704225352112676,0.5933333333333334,97,49,73,81
anomaly_ratio_0.5_seed_1_random_forest,anomaly_ratio,0.5,random_forest,1,1000,0.5,0.05,0.9506733524780692,0.9090909090909091,0.9655172413793104,0.9364548494983278,0.9366666666666666,141,5,14,140
anomaly_ratio_0.5_seed_1_svm,anomaly_ratio,0.5,svm,1,1000,0.5,0.05,0.9460111509221606,0.8961038961038961,0.9583333333333334,0.9261744966442953,0.9266666666666666,140,6,16,138
anomaly_ratio_0.5_seed_1_vqc_1,anomaly_ratio,0.5,vqc_1,1,1000,0.5,0.05,0.6574814446688482,0.525974025974026,0.6230769230769231,0.5704225352112676,0.5933333333333334,97,49,73,81
anomaly_ratio_0.5_seed_0_vqc_4,anomaly_ratio,0.5,vqc_4,0,1000,0.5,0.05,0.6323625223318703,0.6040268456375839,0.5660377358490566,0.5844155844155844,0.5733333333333334,82,69,59,90
anomaly_ratio_0.5_seed_0_vqc_3,anomaly_ratio,0.5,vqc_3,0,1000,0.5,0.05,0.747819280600184,0.44966442953020136,0.8072289156626506,0.5775862068965517,0.6733333333333333,135,16,82,67
anomaly_ratio_0.5_seed_0_vqc_2,anomaly_ratio,0.5,vqc_2,0,1000,0.5,0.05,0.6286787663015418,0.4697986577181208,0.6194690265486725,0.5343511450381679,0.5933333333333334,108,43,79,70
anomaly_ratio_0.5_seed_0_random_forest,anomaly_ratio,0.5,random_forest,0,1000,0.5,0.05,0.92860281925524,0.9395973154362416,0.9523809523809523,0.9459459459459459,0.9466666666666667,144,7,9,140
anomaly_ratio_0.5_seed_0_svm,anomaly_ratio,0.5,svm,0,1000,0.5,0.05,0.9266435128165815,0.9261744966442953,0.9517241379310345,0.9387755102040817,0.94,144,7,11,138
anomaly_ratio_0.5_seed_0_vqc_1,anomaly_ratio,0.5,vqc_1,0,1000,0.5,0.05,0.6256623956767241,0.4161073825503356,0.6326530612244898,0.5020242914979757,0.59,115,36,87,62
anomaly_ratio_0.02_seed_2_vqc_4,anomaly_ratio,0.02,vqc_4,2,1000,0.02,0.05,0.06454020681961647,0.15,0.05660377358490566,0.0821917808219178,0.7766666666666666,230,50,17,3
anomaly_ratio_0.02_seed_2_vqc_3,anomaly_ratio,0.02,vqc_3,2,1000,0.02,0.05,0.11713365031477053,0.05,1.0,0.09523809523809523,0.9366666666666666,280,0,19,1
anomaly_ratio_0.02_seed_2_vqc_2,anomaly_ratio,0.02,vqc_2,2,1000,0.02,0.05,0.09485963949040828,0.0,0.0,0.0,0.9333333333333333,280,0,20,0
anomaly_ratio_0.02_seed_2_random_forest,anomaly_ratio,0.02,random_forest,2,1000,0.02,0.05,0.24337022866720187,0.1,1.0,0.18181818181818182,0.94,280,0,18,2
anomaly_ratio_0.02_seed_2_svm,anomaly_ratio,0.02,svm,2,1000,0.02,0.05,0.20341396256317967,0.05,1.0,0.09523809523809523,0.9366666666666666,280,0,19,1
anomaly_ratio_0.02_seed_2_vqc_1,anomaly_ratio,0.02,vqc_1,2,1000,0.02,0.05,0.05644255473515904,0.15,0.03296703296703297,0.05405405405405406,0.65,192,88,17,3
anomaly_ratio_0.02_seed_4_vqc_4,anomaly_ratio,0.02,vqc_4,4,1000,0.02,0.05,0.13108060443760183,0.15,0.057692307692307696,0.08333333333333333,0.78,231,49,17,3
anomaly_ratio_0.02_seed_4_vqc_3,anomaly_ratio,0.02,vqc_3,4,1000,0.02,0.05,0.1165018152363351,0.1,0.18181818181818182,0.12903225806451613,0.91,271,9,18,2
anomaly_ratio_0.02_seed_4_vqc_2,anomaly_ratio,0.02,vqc_2,4,1000,0.02,0.05,0.05351388211984103,0.0,0.0,0.0,0.9333333333333333,280,0,20,0
anomaly_ratio_0.02_seed_4_random_forest,anomaly_ratio,0.02,random_forest,4,1000,0.02,0.05,0.35180553951474053,0.35,0.875,0.5,0.9533333333333334,279,1,13,7
anomaly_ratio_0.02_seed_4_svm,anomaly_ratio,0.02,svm,4,1000,0.02,0.05,0.42663980021522707,0.15,1.0,0.2608695652173913,0.9433333333333334,280,0,17,3
anomaly_ratio_0.02_seed_4_vqc_1,anomaly_ratio,0.02,vqc_1,4,1000,0.02,0.05,0.06173253977355005,0.3,0.06593406593406594,0.10810810810810811,0.67,195,85,14,6
anomaly_ratio_0.02_seed_3_vqc_4,anomaly_ratio,0.02,vqc_4,3,1000,0.02,0.05,0.07622945988758599,0.25,0.078125,0.11904761904761904,0.7533333333333333,221,59,15,5
anomaly_ratio_0.02_seed_3_vqc_3,anomaly_ratio,0.02,vqc_3,3,1000,0.02,0.05,0.18089401497614843,0.05,1.0,0.09523809523809523,0.9366666666666666,280,0,19,1
anomaly_ratio_0.02_seed_3_vqc_2,anomaly_ratio,0.02,vqc_2,3,1000,0.02,0.05,0.0567018311704282,0.0,0.0,0.0,0.9333333333333333,280,0,20,0
anomaly_ratio_0.02_seed_3_random_forest,anomaly_ratio,0.02,random_forest,3,1000,0.02,0.05,0.4159329229556744,0.35,0.7777777777777778,0.4827586206896552,0.95,278,2,13,7
anomaly_ratio_0.02_seed_3_svm,anomaly_ratio,0.02,svm,3,1000,0.02,0.05,0.40177193159931157,0.3,0.8571428571428571,0.4444444444444444,0.95,279,1,14,6
anomaly_ratio_0.02_seed_3_vqc_1,anomaly_ratio,0.02,vqc_1,3,1000,0.02,0.05,0.07503216883721207,0.4,0.08,0.13333333333333333,0.6533333333333333,188,92,12,8
anomaly_ratio_0.02_seed_1_vqc_4,anomaly_ratio,0.02,vqc_4,1,1000,0.02,0.05,0.061875412405415955,0.2,0.07142857142857142,0.10526315789473684,0.7733333333333333,228,52,16,4
anomaly_ratio_0.02_seed_1_vqc_3,anomaly_ratio,0.02,vqc_3,1,1000,0.02,0.05,0.10004813046782104,0.05,0.07142857142857142,0.058823529411764705,0.8933333333333333,267,13,19,1
anomaly_ratio_0.02_seed_1_vqc_2,anomaly_ratio,0.02,vqc_2,1,1000,0.02,0.05,0.07596584834067835,0.0,0.0,0.0,0.9333333333333333,280,0,20,0
anomaly_ratio_0.02_seed_1_random_forest,anomaly_ratio,0.02,random_forest,1,1000,0.02,0.05,0.42464917027417026,0.35,1.0,0.5185185185185185,0.9566666666666667,280,0,13,7
anomaly_ratio_0.02_seed_1_svm,anomaly_ratio,0.02,svm,1,1000,0.02,0.05,0.4385758895912655,0.3,1.0,0.46153846153846156,0.9533333333333334,280,0,14,6
anomaly_ratio_0.02_seed_1_vqc_1,anomaly_ratio,0.02,vqc_1,1,1000,0.02,0.05,0.07230221425071832,0.15,0.04,0.06315789473684211,0.7033333333333334,208,72,17,3
anomaly_ratio_0.02_seed_0_vqc_4,anomaly_ratio,0.02,vqc_4,0,1000,0.02,0.05,0.07681111557154688,0.2,0.07547169811320754,0.1095890410958904,0.7833333333333333,231,49,16,4
anomaly_ratio_0.02_seed_0_vqc_3,anomaly_ratio,0.02,vqc_3,0,1000,0.02,0.05,0.1395660618887963,0.05,0.5,0.09090909090909091,0.9333333333333333,279,1,19,1
anomaly_ratio_0.02_seed_0_vqc_2,anomaly_ratio,0.02,vqc_2,0,1000,0.02,0.05,0.09557981388430177,0.0,0.0,0.0,0.9333333333333333,280,0,20,0
anomaly_ratio_0.02_seed_0_random_forest,anomaly_ratio,0.02,random_forest,0,1000,0.02,0.05,0.20403403281556737,0.1,1.0,0.18181818181818182,0.94,280,0,18,2
anomaly_ratio_0.02_seed_0_svm,anomaly_ratio,0.02,svm,0,1000,0.02,0.05,0.2326389771426354,0.1,1.0,0.18181818181818182,0.94,280,0,18,2
anomaly_ratio_0.02_seed_0_vqc_1,anomaly_ratio,0.02,vqc_1,0,1000,0.02,0.05,0.13567330955472687,0.3,0.06060606060606061,0.10084033613445378,0.6433333333333333,187,93,14,6
anomaly_ratio_0.05_seed_2_vqc_4,anomaly_ratio,0.05,vqc_4,2,1000,0.05,0.05,0.13371549940267813,0.21428571428571427,0.16216216216216217,0.18461538461538463,0.8233333333333334,241,31,22,6
anomaly_ratio_0.05_seed_2_vqc_3,anomaly_ratio,0.05,vqc_3,2,1000,0.05,0.05,0.5093927920828664,0.32142857142857145,0.9,0.47368421052631576,0.9333333333333333,271,1,19,9
anomaly_ratio_0.05_seed_2_vqc_2,anomaly_ratio,0.05,vqc_2,2,1000,0.05,0.05,0.12320778455037898,0.0,0.0,0.0,0.9066666666666666,272,0,28,0
anomaly_ratio_0.05_seed_2_random_forest,anomaly_ratio,0.05,random_forest,2,1000,0.05,0.05,0.7028405732579939,0.6428571428571429,0.9473684210526315,0.7659574468085106,0.9633333333333334,271,1,10,18
anomaly_ratio_0.05_seed_2_svm,anomaly_ratio,0.05,svm,2,1000,0.05,0.05,0.6706086932759994,0.5714285714285714,0.9411764705882353,0.7111111111111111,0.9566666666666667,271,1,12,16
anomaly_ratio_0.05_seed_2_vqc_1,anomaly_ratio,0.05,vqc_1,2,1000,0.05,0.05,0.1618370487881816,0.39285714285714285,0.13253012048192772,0.1981981981981982,0.7033333333333334,200,72,17,11
anomaly_ratio_0.05_seed_4_vqc_4,anomaly_ratio,0.05,vqc_4,4,1000,0.05,0.05,0.12565404600851296,0.14285714285714285,0.08888888888888889,0.1095890410958904,0.7833333333333333,231,41,24,4
anomaly_ratio_0.05_seed_4_vqc_3,anomaly_ratio,0.05,vqc_3,4,1000,0.05,0.05,0.30939602066075145,0.07142857142857142,0.6666666666666666,0.12903225806451613,0.91,271,1,26,2
anomaly_ratio_0.05_seed_4_vqc_2,anomaly_ratio,0.05,vqc_2,4,1000,0.05,0.05,0.10120119468603056,0.0,0.0,0.0,0.9066666666666666,272,0,28,0
anomaly_ratio_0.05_seed_4_random_forest,anomaly_ratio,0.05,random_forest,4,1000,0.05,0.05,0.6095005840399277,0.4642857142857143,0.8125,0.5909090909090909,0.94,269,3,15,13
anomaly_ratio_0.05_seed_4_svm,anomaly_ratio,0.05,svm,4,1000,0.05,0.05,0.6007469445254806,0.42857142857142855,0.9230769230769231,0.5853658536585366,0.9433333333333334,271,1,16,12
anomaly_ratio_0.05_seed_4_vqc_1,anomaly_ratio,0.05,vqc_1,4,1000,0.05,0.05,0.0889257098945863,0.2857142857142857,0.08695652173913043,0.13333333333333333,0.6533333333333333,188,84,20,8
anomaly_ratio_0.05_seed_3_vqc_4,anomaly_ratio,0.05,vqc_4,3,1000,0.05,0.05,0.15772681026146249,0.27586206896551724,0.16,0.20253164556962025,0.79,229,42,21,8
anomaly_ratio_0.05_seed_3_vqc_3,anomaly_ratio,0.05,vqc_3,3,1000,0.05,0.05,0.452172807611089,0.3448275862068966,1.0,0.5128205128205128,0.9366666666666666,271,0,19,10
anomaly_ratio_0.05_seed_3_vqc_2,anomaly_ratio,0.05,vqc_2,3,1000,0.05,0.05,0.14671729855649457,0.0,0.0,0.0,0.9033333333333333,271,0,29,0
anomaly_ratio_0.05_seed_3_random_forest,anomaly_ratio,0.05,random_forest,3,1000,0.05,0.05,0.5980503605152072,0.4827586206896552,1.0,0.6511627906976745,0.95,271,0,15,14
anomaly_ratio_0.05_seed_3_svm,anomaly_ratio,0.05,svm,3,1000,0.05,0.05,0.6197834307272745,0.5172413793103449,1.0,0.6818181818181818,0.9533333333333334,271,0,14,15
anomaly_ratio_0.05_seed_3_vqc_1,anomaly_ratio,0.05,vqc_1,3,1000,0.05,0.05,0.08747013625036253,0.06896551724137931,0.02631578947368421,0.0380952380952381,0.6633333333333333,197,74,27,2
anomaly_ratio_0.05_seed_1_vqc_4,anomaly_ratio,0.05,vqc_4,1,1000,0.05,0.05,0.10415965149077126,0.17857142857142858,0.10869565217391304,0.13513513513513514,0.7866666666666666,231,41,23,5
anomaly_ratio_0.05_seed_1_vqc_3,anomaly_ratio,0.05,vqc_3,1,1000,0.05,0.05,0.18283740723570197,0.14285714285714285,0.25,0.18181818181818182,0.88,260,12,24,4
anomaly_ratio_0.05_seed_1_vqc_2,anomaly_ratio,0.05,vqc_2,1,1000,0.05,0.05,0.10620980136334748,0.0,0.0,0.0,0.9066666666666666,272,0,28,0
anomaly_ratio_0.05_seed_1_random_forest,anomaly_ratio,0.05,random_forest,1,1000,0.05,0.05,0.5597124241685704,0.5,0.9333333333333333,0.6511627906976745,0.95,271,1,14,14
anomaly_ratio_0.05_seed_1_svm,anomaly_ratio,0.05,svm,1,1000,0.05,0.05,0.5875879127644977,0.4642857142857143,0.9285714285714286,0.6190476190476191,0.9466666666666667,271,1,15,13
anomaly_ratio_0.05_seed_1_vqc_1,anomaly_ratio,0.05,vqc_1,1,1000,0.05,0.05,0.08516752757127968,0.21428571428571427,0.07692307692307693,0.11320754716981132,0.6866666666666666,200,72,22,6
anomaly_ratio_0.05_seed_0_vqc_4,anomaly_ratio,0.05,vqc_4,0,1000,0.05,0.05,0.15374017234268803,0.13793103448275862,0.10526315789473684,0.11940298507462686,0.8033333333333333,237,34,25,4
anomaly_ratio_0.05_seed_0_vqc_3,anomaly_ratio,0.05,vqc_3,0,1000,0.05,0.05,0.28821175181692005,0.1724137931034483,1.0,0.29411764705882354,0.92,271,0,24,5
anomaly_ratio_0.05_seed_0_vqc_2,anomaly_ratio,0.05,vqc_2,0,1000,0.05,0.05,0.15920502619733984,0.0,0.0,0.0,0.9033333333333333,271,0,29,0
anomaly_ratio_0.05_seed_0_random_forest,anomaly_ratio,0.05,random_forest,0,1000,0.05,0.05,0.5149073108157349,0.3448275862068966,1.0,0.5128205128205128,0.9366666666666666,271,0,19,10
anomaly_ratio_0.05_seed_0_svm,anomaly_ratio,0.05,svm,0,1000,0.05,0.05,0.49201527940375617,0.3448275862068966,0.9090909090909091,0.5,0.9333333333333333,270,1,19,10
anomaly_ratio_0.05_seed_0_vqc_1,anomaly_ratio,0.05,vqc_1,0,1000,0.05,0.05,0.11176144759818188,0.3793103448275862,0.11827956989247312,0.18032786885245902,0.6666666666666666,189,82,18,11
anomaly_ratio_0.1_seed_2_vqc_4,anomaly_ratio,0.1,vqc_4,2,1000,0.1,0.05,0.17528525221456998,0.20930232558139536,0.15254237288135594,0.17647058823529413,0.72,207,50,34,9
anomaly_ratio_0.1_seed_2_vqc_3,anomaly_ratio,0.1,vqc_3,2,1000,0.1,0.05,0.70182244740392,0.3953488372093023,0.9444444444444444,0.5573770491803278,0.91,256,1,26,17
anomaly_ratio_0.1_seed_2_vqc_2,anomaly_ratio,0.1,vqc_2,2,1000,0.1,0.05,0.22631230267723007,0.0,0.0,0.0,0.8566666666666667,257,0,43,0
anomaly_ratio_0.1_seed_2_random_forest,anomaly_ratio,0.1,random_forest,2,1000,0.1,0.05,0.8263549123351566,0.7906976744186046,0.9714285714285714,0.8717948717948718,0.9666666666666667,256,1,9,34
anomaly_ratio_0.1_seed_2_svm,anomaly_ratio,0.1,svm,2,1000,0.1,0.05,0.8560648304591888,0.7441860465116279,0.9696969696969697,0.8421052631578947,0.96,256,1,11,32
anomaly_ratio_0.1_seed_2_vqc_1,anomaly_ratio,0.1,vqc_1,2,1000,0.1,0.05,0.1405554509770511,0.3488372093023256,0.16666666666666666,0.22556390977443608,0.6566666666666666,182,75,28,15
anomaly_ratio_0.1_seed_4_vqc_4,anomaly_ratio,0.1,vqc_4,4,1000,0.1,0.05,0.14853324691758313,0.14634146341463414,0.13953488372093023,0.14285714285714285,0.76,222,37,35,6
anomaly_ratio_0.1_seed_4_vqc_3,anomaly_ratio,0.1,vqc_3,4,1000,0.1,0.05,0.5091699505634737,0.21951219512195122,0.9,0.35294117647058826,0.89,258,1,32,9
anomaly_ratio_0.1_seed_4_vqc_2,anomaly_ratio,0.1,vqc_2,4,1000,0.1,0.05,0.2078284598329078,0.0,0.0,0.0,0.8633333333333333,259,0,41,0
anomaly_ratio_0.1_seed_4_random_forest,anomaly_ratio,0.1,random_forest,4,1000,0.1,0.05,0.6871093113620094,0.6097560975609756,0.8928571428571429,0.7246376811594203,0.9366666666666666,256,3,16,25
anomaly_ratio_0.1_seed_4_svm,anomaly_ratio,0.1,svm,4,1000,0.1,0.05,0.6743404086615219,0.5609756097560976,0.8846153846153846,0.6865671641791045,0.93,256,3,18,23
anomaly_ratio_0.1_seed_4_vqc_1,anomaly_ratio,0.1,vqc_1,4,1000,0.1,0.05,0.15389058509486664,0.4878048780487805,0.17543859649122806,0.25806451612903225,0.6166666666666667,165,94,21,20
anomaly_ratio_0.1_seed_3_vqc_4,anomaly_ratio,0.1,vqc_4,3,1000,0.1,0.05,0.14859232088575577,0.11904761904761904,0.10638297872340426,0.11235955056179775,0.7366666666666667,216,42,37,5
anomaly_ratio_0.1_seed_3_vqc_3,anomaly_ratio,0.1,vqc_3,3,1000,0.1,0.05,0.4345347063383731,0.16666666666666666,1.0,0.2857142857142857,0.8833333333333333,258,0,35,7
anomaly_ratio_0.1_seed_3_vqc_2,anomaly_ratio,0.1,vqc_2,3,1000,0.1,0.05,0.2481931687789165,0.0,0.0,0.0,0.86,258,0,42,0
anomaly_ratio_0.1_seed_3_random_forest,anomaly_ratio,0.1,random_forest,3,1000,0.1,0.05,0.6686438286749596,0.5714285714285714,0.96,0.7164179104477612,0.9366666666666666,257,1,18,24
anomaly_ratio_0.1_seed_3_svm,anomaly_ratio,0.1,svm,3,1000,0.1,0.05,0.7126678780672798,0.5714285714285714,1.0,0.7272727272727273,0.94,258,0,18,24
anomaly_ratio_0.1_seed_3_vqc_1,anomaly_ratio,0.1,vqc_1,3,1000,0.1,0.05,0.14501346326015851,0.30952380952380953,0.1566265060240964,0.208,0.67,188,70,29,13
anomaly_ratio_0.1_seed_1_vqc_4,anomaly_ratio,0.1,vqc_4,1,1000,0.1,0.05,0.15956372232685015,0.19047619047619047,0.11764705882352941,0.14545454545454545,0.6866666666666666,198,60,34,8
anomaly_ratio_0.1_seed_1_vqc_3,anomaly_ratio,0.1,vqc_3,1,1000,0.1,0.05,0.14593812193733696,0.0,0.0,0.0,0.83,249,9,42,0
anomaly_ratio_0.1_seed_1_vqc_2,anomaly_ratio,0.1,vqc_2,1,1000,0.1,0.05,0.2028976625704579,0.0,0.0,0.0,0.86,258,0,42,0
anomaly_ratio_0.1_seed_1_random_forest,anomaly_ratio,0.1,random_forest,1,1000,0.1,0.05,0.7415746834475696,0.6666666666666666,0.9333333333333333,0.7777777777777778,0.9466666666666667,256,2,14,28
anomaly_ratio_0.1_seed_1_svm,anomaly_ratio,0.1,svm,1,1000,0.1,0.05,0.7059669996240319,0.6666666666666666,0.9032258064516129,0.7671232876712328,0.9433333333333334,255,3,14,28
anomaly_ratio_0.1_seed_1_vqc_1,anomaly_ratio,0.1,vqc_1,1,1000,0.1,0.05,0.15676358417814995,0.23809523809523808,0.1282051282051282,0.16666666666666666,0.6666666666666666,190,68,32,10
anomaly_ratio_0.1_seed_0_vqc_4,anomaly_ratio,0.1,vqc_4,0,1000,0.1,0.05,0.15753436785987077,0.1590909090909091,0.175,0.16666666666666666,0.7666666666666667,223,33,37,7
anomaly_ratio_0.1_seed_0_vqc_3,anomaly_ratio,0.1,vqc_3,0,1000,0.1,0.05,0.38076951233178735,0.1590909090909091,0.7777777777777778,0.2641509433962264,0.87,254,2,37,7
anomaly_ratio_0.1_seed_0_vqc_2,anomaly_ratio,0.1,vqc_2,0,1000,0.1,0.05,0.1687666136952156,0.0,0.0,0.0,0.8533333333333334,256,0,44,0
anomaly_ratio_0.1_seed_0_random_forest,anomaly_ratio,0.1,random_forest,0,1000,0.1,0.05,0.6799419283236983,0.5909090909090909,0.9629629629629629,0.7323943661971831,0.9366666666666666,255,1,18,26
anomaly_ratio_0.1_seed_0_svm,anomaly_ratio,0.1,svm,0,1000,0.1,0.05,0.6606867321368445,0.5909090909090909,0.9629629629629629,0.7323943661971831,0.9366666666666666,255,1,18,26
anomaly_ratio_0.1_seed_0_vqc_1,anomaly_ratio,0.1,vqc_1,0,1000,0.1,0.05,0.1788975355278826,0.20454545454545456,0.15,0.17307692307692307,0.7133333333333334,205,51,35,9
n_samples_300_seed_2_vqc_4,n_samples,300,vqc_4,2,300,0.05,0.05,0.10083433866328603,0.125,0.0625,0.08333333333333333,0.7555555555555555,67,15,7,1
n_samples_300_seed_2_vqc_3,n_samples,300,vqc_3,2,300,0.05,0.05,0.49063717113639715,0.375,1.0,0.5454545454545454,0.9444444444444444,82,0,5,3
n_samples_300_seed_2_vqc_2,n_samples,300,vqc_2,2,300,0.05,0.05,0.16800625582086565,0.0,0.0,0.0,0.9111111111111111,82,0,8,0
n_samples_300_seed_2_random_forest,n_samples,300,random_forest,2,300,0.05,0.05,0.32682748538011697,0.5,0.5714285714285714,0.5333333333333333,0.9222222222222223,79,3,4,4
n_samples_300_seed_2_svm,n_samples,300,svm,2,300,0.05,0.05,0.4489762632272076,0.375,0.75,0.5,0.9333333333333333,81,1,5,3
n_samples_300_seed_2_vqc_1,n_samples,300,vqc_1,2,300,0.05,0.05,0.12311004100993658,0.375,0.1111111111111111,0.17142857142857143,0.6777777777777778,58,24,5,3
n_samples_300_seed_4_vqc_4,n_samples,300,vqc_4,4,300,0.05,0.05,0.07250964527477016,0.125,0.037037037037037035,0.05714285714285714,0.6333333333333333,56,26,7,1
n_samples_300_seed_4_vqc_3,n_samples,300,vqc_3,4,300,0.05,0.05,0.26020025760193305,0.125,0.14285714285714285,0.13333333333333333,0.8555555555555555,76,6,7,1
n_samples_300_seed_4_vqc_2,n_samples,300,vqc_2,4,300,0.05,0.05,0.14779109532629517,0.0,0.0,0.0,0.9111111111111111,82,0,8,0
n_samples_300_seed_4_random_forest,n_samples,300,random_forest,4,300,0.05,0.05,0.5620666292869825,0.5,0.6666666666666666,0.5714285714285714,0.9333333333333333,80,2,4,4
n_samples_300_seed_4_svm,n_samples,300,svm,4,300,0.05,0.05,0.5494270833333333,0.5,0.8,0.6153846153846154,0.9444444444444444,81,1,4,4
n_samples_300_seed_4_vqc_1,n_samples,300,vqc_1,4,300,0.05,0.05,0.15081159016945145,0.25,0.06060606060606061,0.0975609756097561,0.5888888888888889,51,31,6,2
n_samples_300_seed_3_vqc_4,n_samples,300,vqc_4,3,300,0.05,0.05,0.2120222244116416,0.125,0.0625,0.08333333333333333,0.7555555555555555,67,15,7,1
n_samples_300_seed_3_vqc_3,n_samples,300,vqc_3,3,300,0.05,0.05,0.2521557429878728,0.125,0.3333333333333333,0.18181818181818182,0.9,80,2,7,1
n_samples_300_seed_3_vqc_2,n_samples,300,vqc_2,3,300,0.05,0.05,0.12154046208631991,0.0,0.0,0.0,0.9111111111111111,82,0,8,0
n_samples_300_seed_3_random_forest,n_samples,300,random_forest,3,300,0.05,0.05,0.22392124005027228,0.125,0.3333333333333333,0.18181818181818182,0.9,80,2,7,1
n_samples_300_seed_3_svm,n_samples,300,svm,3,300,0.05,0.05,0.23819802504868787,0.125,0.5,0.2,0.9111111111111111,81,1,7,1
n_samples_300_seed_3_vqc_1,n_samples,300,vqc_1,3,300,0.05,0.05,0.13193575770075158,0.375,0.10344827586206896,0.16216216216216217,0.6555555555555556,56,26,5,3
n_samples_300_seed_1_vqc_4,n_samples,300,vqc_4,1,300,0.05,0.05,0.13065520622982615,0.4444444444444444,0.16,0.23529411764705882,0.7111111111111111,60,21,5,4
n_samples_300_seed_1_vqc_3,n_samples,300,vqc_3,1,300,0.05,0.05,0.3245835186857049,0.0,0.0,0.0,0.8888888888888888,80,1,9,0
n_samples_300_seed_1_vqc_2,n_samples,300,vqc_2,1,300,0.05,0.05,0.10092318368373357,0.0,0.0,0.0,0.9,81,0,9,0
n_samples_300_seed_1_random_forest,n_samples,300,random_forest,1,300,0.05,0.05,0.6464248176748177,0.4444444444444444,1.0,0.6153846153846154,0.9444444444444444,81,0,5,4
n_samples_300_seed_1_svm,n_samples,300,svm,1,300,0.05,0.05,0.5248683158214058,0.4444444444444444,1.0,0.6153846153846154,0.9444444444444444,81,0,5,4
n_samples_300_seed_1_vqc_1,n_samples,300,vqc_1,1,300,0.05,0.05,0.26591642465357446,0.5555555555555556,0.17857142857142858,0.2702702702702703,0.7,58,23,4,5
n_samples_300_seed_0_vqc_4,n_samples,300,vqc_4,0,300,0.05,0.05,0.07905451690328939,0.25,0.08333333333333333,0.125,0.6888888888888889,60,22,6,2
n_samples_300_seed_0_vqc_3,n_samples,300,vqc_3,0,300,0.05,0.05,0.35841903383732265,0.125,1.0,0.2222222222222222,0.9222222222222223,82,0,7,1
n_samples_300_seed_0_vqc_2,n_samples,300,vqc_2,0,300,0.05,0.05,0.1336465322203152,0.0,0.0,0.0,0.9111111111111111,82,0,8,0
n_samples_300_seed_0_random_forest,n_samples,300,random_forest,0,300,0.05,0.05,0.5923664393293548,0.5,1.0,0.6666666666666666,0.9555555555555556,82,0,4,4
n_samples_300_seed_0_svm,n_samples,300,svm,0,300,0.05,0.05,0.6400303202894666,0.375,1.0,0.5454545454545454,0.9444444444444444,82,0,5,3
n_samples_300_seed_0_vqc_1,n_samples,300,vqc_1,0,300,0.05,0.05,0.11045001771104712,0.375,0.08571428571428572,0.13953488372093023,0.5888888888888889,50,32,5,3
n_samples_10000_seed_2_vqc_4,n_samples,10000,vqc_4,2,10000,0.05,0.05,0.09372463295695369,0.12857142857142856,0.08256880733944955,0.1005586592178771,0.7853333333333333,2320,400,244,36
n_samples_10000_seed_2_vqc_3,n_samples,10000,vqc_3,2,10000,0.05,0.05,0.3419414046925253,0.2714285714285714,0.3781094527363184,0.316008316008316,0.8903333333333333,2595,125,204,76
n_samples_10000_seed_2_vqc_2,n_samples,10000,vqc_2,2,10000,0.05,0.05,0.09786190889662744,0.0,0.0,0.0,0.9066666666666666,2720,0,280,0
n_samples_10000_seed_2_random_forest,n_samples,10000,random_forest,2,10000,0.05,0.05,0.5731186246313079,0.5071428571428571,0.9403973509933775,0.6589327146171694,0.951,2711,9,138,142
n_samples_10000_seed_2_svm,n_samples,10000,svm,2,10000,0.05,0.05,0.5828530036085997,0.5035714285714286,0.94,0.6558139534883721,0.9506666666666667,2711,9,139,141
n_samples_10000_seed_2_vqc_1,n_samples,10000,vqc_1,2,10000,0.05,0.05,0.10699813543873873,0.26071428571428573,0.10195530726256984,0.1465863453815261,0.7166666666666667,2077,643,207,73
n_samples_10000_seed_4_vqc_4,n_samples,10000,vqc_4,4,10000,0.05,0.05,0.09964426169591913,0.16129032258064516,0.10392609699769054,0.12640449438202248,0.7926666666666666,2333,388,234,45
n_samples_10000_seed_4_vqc_3,n_samples,10000,vqc_3,4,10000,0.05,0.05,0.35797585961077133,0.15770609318996415,0.8979591836734694,0.2682926829268293,0.92,2716,5,235,44
n_samples_10000_seed_4_vqc_2,n_samples,10000,vqc_2,4,10000,0.05,0.05,0.13522343112557542,0.0,0.0,0.0,0.907,2721,0,279,0
n_samples_10000_seed_4_random_forest,n_samples,10000,random_forest,4,10000,0.05,0.05,0.5516290874209722,0.45878136200716846,0.9411764705882353,0.6168674698795181,0.947,2713,8,151,128
n_samples_10000_seed_4_svm,n_samples,10000,svm,4,10000,0.05,0.05,0.5273186482559227,0.45161290322580644,0.9333333333333333,0.6086956521739131,0.946,2712,9,153,126
n_samples_10000_seed_4_vqc_1,n_samples,10000,vqc_1,4,10000,0.05,0.05,0.10165760834035836,0.2974910394265233,0.10466582597730138,0.15485074626865672,0.698,2011,710,196,83
n_samples_10000_seed_3_vqc_4,n_samples,10000,vqc_4,3,10000,0.05,0.05,0.11828661211940047,0.18213058419243985,0.1261904761904762,0.1490857946554149,0.7983333333333333,2342,367,238,53
n_samples_10000_seed_3_vqc_3,n_samples,10000,vqc_3,3,10000,0.05,0.05,0.35191681282465914,0.14432989690721648,0.875,0.24778761061946902,0.915,2703,6,249,42
n_samples_10000_seed_3_vqc_2,n_samples,10000,vqc_2,3,10000,0.05,0.05,0.10683963598864038,0.0,0.0,0.0,0.903,2709,0,291,0
n_samples_10000_seed_3_random_forest,n_samples,10000,random_forest,3,10000,0.05,0.05,0.5481629454790982,0.4845360824742268,0.9463087248322147,0.6409090909090909,0.9473333333333334,2701,8,150,141
n_samples_10000_seed_3_svm,n_samples,10000,svm,3,10000,0.05,0.05,0.5695895325925366,0.4742268041237113,0.9517241379310345,0.6330275229357798,0.9466666666666667,2702,7,153,138
n_samples_10000_seed_3_vqc_1,n_samples,10000,vqc_1,3,10000,0.05,0.05,0.10789292963321662,0.27491408934707906,0.1,0.1466544454628781,0.6896666666666667,1989,720,211,80
n_samples_10000_seed_1_vqc_4,n_samples,10000,vqc_4,1,10000,0.05,0.05,0.11287021987510412,0.176056338028169,0.11655011655011654,0.1402524544179523,0.7956666666666666,2337,379,234,50
n_samples_10000_seed_1_vqc_3,n_samples,10000,vqc_3,1,10000,0.05,0.05,0.39011524101426126,0.1936619718309859,0.9649122807017544,0.3225806451612903,0.923,2714,2,229,55
n_samples_10000_seed_1_vqc_2,n_samples,10000,vqc_2,1,10000,0.05,0.05,0.11358510288047066,0.0,0.0,0.0,0.9053333333333333,2716,0,284,0
n_samples_10000_seed_1_random_forest,n_samples,10000,random_forest,1,10000,0.05,0.05,0.5594661805661248,0.47183098591549294,0.9710144927536232,0.6350710900473934,0.9486666666666667,2712,4,150,134
n_samples_10000_seed_1_svm,n_samples,10000,svm,1,10000,0.05,0.05,0.5673090049841993,0.46830985915492956,0.9708029197080292,0.6318289786223278,0.9483333333333334,2712,4,151,133
n_samples_10000_seed_1_vqc_1,n_samples,10000,vqc_1,1,10000,0.05,0.05,0.0924491942775283,0.25,0.08919597989949749,0.13148148148148148,0.6873333333333334,1991,725,213,71
n_samples_10000_seed_0_vqc_4,n_samples,10000,vqc_4,0,10000,0.05,0.05,0.10947478546619331,0.18149466192170818,0.1234866828087167,0.14697406340057637,0.8026666666666666,2357,362,230,51
n_samples_10000_seed_0_vqc_3,n_samples,10000,vqc_3,0,10000,0.05,0.05,0.32919895384669157,0.1601423487544484,0.9183673469387755,0.2727272727272727,0.92,2715,4,236,45
n_samples_10000_seed_0_vqc_2,n_samples,10000,vqc_2,0,10000,0.05,0.05,0.12382174392378159,0.0,0.0,0.0,0.9063333333333333,2719,0,281,0
n_samples_10000_seed_0_random_forest,n_samples,10000,random_forest,0,10000,0.05,0.05,0.5327365915815488,0.48398576512455516,0.9444444444444444,0.64,0.949,2711,8,145,136
n_samples_10000_seed_0_svm,n_samples,10000,svm,0,10000,0.05,0.05,0.5573814303279016,0.47686832740213525,0.9436619718309859,0.6335697399527187,0.9483333333333334,2711,8,147,134
n_samples_10000_seed_0_vqc_1,n_samples,10000,vqc_1,0,10000,0.05,0.05,0.09593911909836823,0.2526690391459075,0.09354413702239789,0.13653846153846153,0.7006666666666667,2031,688,210,71
n_samples_5000_seed_2_vqc_4,n_samples,5000,vqc_4,2,5000,0.05,0.05,0.12361742209974301,0.18181818181818182,0.15294117647058825,0.16613418530351437,0.826,1213,144,117,26
n_samples_5000_seed_2_vqc_3,n_samples,5000,vqc_3,2,5000,0.05,0.05,0.4397656030391737,0.23776223776223776,1.0,0.384180790960452,0.9273333333333333,1357,0,109,34
n_samples_5000_seed_2_vqc_2,n_samples,5000,vqc_2,2,5000,0.05,0.05,0.10761623106599863,0.0,0.0,0.0,0.9046666666666666,1357,0,143,0
n_samples_5000_seed_2_random_forest,n_samples,5000,random_forest,2,5000,0.05,0.05,0.6427055784222008,0.5524475524475524,0.9518072289156626,0.6991150442477876,0.9546666666666667,1353,4,64,79
n_samples_5000_seed_2_svm,n_samples,5000,svm,2,5000,0.05,0.05,0.6312543163134652,0.5314685314685315,0.9620253164556962,0.6846846846846847,0.9533333333333334,1354,3,67,76
n_samples_5000_seed_2_vqc_1,n_samples,5000,vqc_1,2,5000,0.05,0.05,0.11828398737847848,0.2937062937062937,0.10880829015544041,0.15879017013232513,0.7033333333333334,1013,344,101,42
n_samples_5000_seed_4_vqc_4,n_samples,5000,vqc_4,4,5000,0.05,0.05,0.13094569521652952,0.18055555555555555,0.13978494623655913,0.15757575757575756,0.8146666666666667,1196,160,118,26
n_samples_5000_seed_4_vqc_3,n_samples,5000,vqc_3,4,5000,0.05,0.05,0.3496637040701571,0.1597222222222222,0.8846153846153846,0.27058823529411763,0.9173333333333333,1353,3,121,23
n_samples_5000_seed_4_vqc_2,n_samples,5000,vqc_2,4,5000,0.05,0.05,0.12965930121253033,0.0,0.0,0.0,0.904,1356,0,144,0
n_samples_5000_seed_4_random_forest,n_samples,5000,random_forest,4,5000,0.05,0.05,0.570008552600903,0.5,0.935064935064935,0.6515837104072398,0.9486666666666667,1351,5,72,72
n_samples_5000_seed_4_svm,n_samples,5000,svm,4,5000,0.05,0.05,0.592136101266214,0.4930555555555556,0.9594594594594594,0.6513761467889908,0.9493333333333334,1353,3,73,71
n_samples_5000_seed_4_vqc_1,n_samples,5000,vqc_1,4,5000,0.05,0.05,0.11532430176143316,0.3055555555555556,0.10784313725490197,0.15942028985507245,0.6906666666666667,992,364,100,44
n_samples_5000_seed_3_vqc_4,n_samples,5000,vqc_4,3,5000,0.05,0.05,0.14769165570772036,0.2112676056338028,0.16304347826086957,0.18404907975460122,0.8226666666666667,1204,154,112,30
n_samples_5000_seed_3_vqc_3,n_samples,5000,vqc_3,3,5000,0.05,0.05,0.3884829370023779,0.176056338028169,0.9615384615384616,0.2976190476190476,0.9213333333333333,1357,1,117,25
n_samples_5000_seed_3_vqc_2,n_samples,5000,vqc_2,3,5000,0.05,0.05,0.13471233679231615,0.0,0.0,0.0,0.9053333333333333,1358,0,142,0
n_samples_5000_seed_3_random_forest,n_samples,5000,random_forest,3,5000,0.05,0.05,0.5192819003332616,0.45774647887323944,0.9420289855072463,0.6161137440758294,0.946,1354,4,77,65
n_samples_5000_seed_3_svm,n_samples,5000,svm,3,5000,0.05,0.05,0.5480167481096574,0.4507042253521127,0.9552238805970149,0.6124401913875598,0.946,1355,3,78,64
n_samples_5000_seed_3_vqc_1,n_samples,5000,vqc_1,3,5000,0.05,0.05,0.09524836022243802,0.2605633802816901,0.08466819221967964,0.12780656303972365,0.6633333333333333,958,400,105,37
n_samples_5000_seed_1_vqc_4,n_samples,5000,vqc_4,1,5000,0.05,0.05,0.09986103539175697,0.11888111888111888,0.08629441624365482,0.1,0.796,1177,180,126,17
n_samples_5000_seed_1_vqc_3,n_samples,5000,vqc_3,1,5000,0.05,0.05,0.3755524524137718,0.13986013986013987,1.0,0.24539877300613497,0.918,1357,0,123,20
n_samples_5000_seed_1_vqc_2,n_samples,5000,vqc_2,1,5000,0.05,0.05,0.1224519494252401,0.0,0.0,0.0,0.9046666666666666,1357,0,143,0
n_samples_5000_seed_1_random_forest,n_samples,5000,random_forest,1,5000,0.05,0.05,0.5877029716402425,0.4965034965034965,0.9594594594594594,0.6543778801843319,0.95,1354,3,72,71
n_samples_5000_seed_1_svm,n_samples,5000,svm,1,5000,0.05,0.05,0.5885459773037159,0.4825174825174825,0.9583333333333334,0.641860465116279,0.9486666666666667,1354,3,74,69
n_samples_5000_seed_1_vqc_1,n_samples,5000,vqc_1,1,5000,0.05,0.05,0.12875761878776967,0.2727272727272727,0.10182767624020887,0.1482889733840304,0.7013333333333334,1013,344,104,39
n_samples_5000_seed_0_vqc_4,n_samples,5000,vqc_4,0,5000,0.05,0.05,0.09632988278329899,0.14084507042253522,0.08695652173913043,0.10752688172043011,0.7786666666666666,1148,210,122,20
n_samples_5000_seed_0_vqc_3,n_samples,5000,vqc_3,0,5000,0.05,0.05,0.37179102979519,0.1619718309859155,0.8846153846153846,0.27380952380952384,0.9186666666666666,1355,3,119,23
n_samples_5000_seed_0_vqc_2,n_samples,5000,vqc_2,0,5000,0.05,0.05,0.13207712605459615,0.0,0.0,0.0,0.9053333333333333,1358,0,142,0
n_samples_5000_seed_0_random_forest,n_samples,5000,random_forest,0,5000,0.05,0.05,0.5589550324760238,0.5070422535211268,0.9230769230769231,0.6545454545454545,0.9493333333333334,1352,6,70,72
n_samples_5000_seed_0_svm,n_samples,5000,svm,0,5000,0.05,0.05,0.5644174488685386,0.4788732394366197,0.918918918918919,0.6296296296296297,0.9466666666666667,1352,6,74,68
n_samples_5000_seed_0_vqc_1,n_samples,5000,vqc_1,0,5000,0.05,0.05,0.11198997333610072,0.323943661971831,0.11057692307692307,0.16487455197132617,0.6893333333333334,988,370,96,46
n_samples_1000_seed_2_vqc_4,n_samples,1000,vqc_4,2,1000,0.05,0.05,0.12972613240542386,0.21428571428571427,0.16666666666666666,0.1875,0.8266666666666667,242,30,22,6
n_samples_1000_seed_2_vqc_3,n_samples,1000,vqc_3,2,1000,0.05,0.05,0.5208253651078855,0.32142857142857145,0.9,0.47368421052631576,0.9333333333333333,271,1,19,9
n_samples_1000_seed_2_vqc_2,n_samples,1000,vqc_2,2,1000,0.05,0.05,0.12401813093266334,0.0,0.0,0.0,0.9066666666666666,272,0,28,0
n_samples_1000_seed_2_random_forest,n_samples,1000,random_forest,2,1000,0.05,0.05,0.7028405732579939,0.6428571428571429,0.9473684210526315,0.7659574468085106,0.9633333333333334,271,1,10,18
n_samples_1000_seed_2_svm,n_samples,1000,svm,2,1000,0.05,0.05,0.6706086932759994,0.5714285714285714,0.9411764705882353,0.7111111111111111,0.9566666666666667,271,1,12,16
n_samples_1000_seed_2_vqc_1,n_samples,1000,vqc_1,2,1000,0.05,0.05,0.08814836559228076,0.32142857142857145,0.07563025210084033,0.12244897959183673,0.57,162,110,19,9
n_samples_1000_seed_4_vqc_4,n_samples,1000,vqc_4,4,1000,0.05,0.05,0.15855801700496114,0.10714285714285714,0.1,0.10344827586206896,0.8266666666666667,245,27,25,3
n_samples_1000_seed_4_vqc_3,n_samples,1000,vqc_3,4,1000,0.05,0.05,0.3103759835169795,0.07142857142857142,0.6666666666666666,0.12903225806451613,0.91,271,1,26,2
n_samples_1000_seed_4_vqc_2,n_samples,1000,vqc_2,4,1000,0.05,0.05,0.09137668972994784,0.0,0.0,0.0,0.9066666666666666,272,0,28,0
n_samples_1000_seed_4_random_forest,n_samples,1000,random_forest,4,1000,0.05,0.05,0.6095005840399277,0.4642857142857143,0.8125,0.5909090909090909,0.94,269,3,15,13
n_samples_1000_seed_4_svm,n_samples,1000,svm,4,1000,0.05,0.05,0.6007469445254806,0.42857142857142855,0.9230769230769231,0.5853658536585366,0.9433333333333334,271,1,16,12
n_samples_1000_seed_4_vqc_1,n_samples,1000,vqc_1,4,1000,0.05,0.05,0.07589855885637095,0.21428571428571427,0.06666666666666667,0.1016949152542373,0.6466666666666666,188,84,22,6
n_samples_1000_seed_3_vqc_4,n_samples,1000,vqc_4,3,1000,0.05,0.05,0.15167727869581224,0.27586206896551724,0.1702127659574468,0.21052631578947367,0.8,232,39,21,8
n_samples_1000_seed_3_vqc_3,n_samples,1000,vqc_3,3,1000,0.05,0.05,0.4602695637260304,0.3448275862068966,1.0,0.5128205128205128,0.9366666666666666,271,0,19,10
n_samples_1000_seed_3_vqc_2,n_samples,1000,vqc_2,3,1000,0.05,0.05,0.15233623417112852,0.0,0.0,0.0,0.9033333333333333,271,0,29,0
n_samples_1000_seed_3_random_forest,n_samples,1000,random_forest,3,1000,0.05,0.05,0.5980503605152072,0.4827586206896552,1.0,0.6511627906976745,0.95,271,0,15,14
n_samples_1000_seed_3_svm,n_samples,1000,svm,3,1000,0.05,0.05,0.6197834307272745,0.5172413793103449,1.0,0.6818181818181818,0.9533333333333334,271,0,14,15
n_samples_1000_seed_3_vqc_1,n_samples,1000,vqc_1,3,1000,0.05,0.05,0.09362462172832653,0.1724137931034483,0.06172839506172839,0.09090909090909091,0.6666666666666666,195,76,24,5
n_samples_1000_seed_1_vqc_4,n_samples,1000,vqc_4,1,1000,0.05,0.05,0.10446013714058305,0.14285714285714285,0.1,0.11764705882352941,0.8,236,36,24,4
n_samples_1000_seed_1_vqc_3,n_samples,1000,vqc_3,1,1000,0.05,0.05,0.18673527106391263,0.14285714285714285,0.26666666666666666,0.18604651162790697,0.8833333333333333,261,11,24,4
n_samples_1000_seed_1_vqc_2,n_samples,1000,vqc_2,1,1000,0.05,0.05,0.12359479895276224,0.0,0.0,0.0,0.9066666666666666,272,0,28,0
n_samples_1000_seed_1_random_forest,n_samples,1000,random_forest,1,1000,0.05,0.05,0.5597124241685704,0.5,0.9333333333333333,0.6511627906976745,0.95,271,1,14,14
n_samples_1000_seed_1_svm,n_samples,1000,svm,1,1000,0.05,0.05,0.5875879127644977,0.4642857142857143,0.9285714285714286,0.6190476190476191,0.9466666666666667,271,1,15,13
n_samples_1000_seed_1_vqc_1,n_samples,1000,vqc_1,1,1000,0.05,0.05,0.10078233778696788,0.2857142857142857,0.10256410256410256,0.1509433962264151,0.7,202,70,20,8
n_samples_1000_seed_0_vqc_4,n_samples,1000,vqc_4,0,1000,0.05,0.05,0.15182201940912127,0.20689655172413793,0.2,0.2033898305084746,0.8433333333333334,247,24,23,6
n_samples_1000_seed_0_vqc_3,n_samples,1000,vqc_3,0,1000,0.05,0.05,0.2879988386449631,0.13793103448275862,1.0,0.24242424242424243,0.9166666666666666,271,0,25,4
n_samples_1000_seed_0_vqc_2,n_samples,1000,vqc_2,0,1000,0.05,0.05,0.09927348630444875,0.0,0.0,0.0,0.9033333333333333,271,0,29,0
n_samples_1000_seed_0_random_forest,n_samples,1000,random_forest,0,1000,0.05,0.05,0.5149073108157349,0.3448275862068966,1.0,0.5128205128205128,0.9366666666666666,271,0,19,10
n_samples_1000_seed_0_svm,n_samples,1000,svm,0,1000,0.05,0.05,0.49201527940375617,0.3448275862068966,0.9090909090909091,0.5,0.9333333333333333,270,1,19,10
n_samples_1000_seed_0_vqc_1,n_samples,1000,vqc_1,0,1000,0.05,0.05,0.11056808205542816,0.3793103448275862,0.12359550561797752,0.1864406779661017,0.68,193,78,18,11
label_noise_0.05_seed_2_vqc_4,label_noise,0.05,vqc_4,2,1000,0.05,0.05,0.15194171678146423,0.21428571428571427,0.1935483870967742,0.2033898305084746,0.8433333333333334,247,25,22,6
label_noise_0.05_seed_2_vqc_3,label_noise,0.05,vqc_3,2,1000,0.05,0.05,0.5049855904521996,0.32142857142857145,0.9,0.47368421052631576,0.9333333333333333,271,1,19,9
label_noise_0.05_seed_2_vqc_2,label_noise,0.05,vqc_2,2,1000,0.05,0.05,0.12295104877863554,0.0,0.0,0.0,0.9066666666666666,272,0,28,0
label_noise_0.05_seed_2_random_forest,label_noise,0.05,random_forest,2,1000,0.05,0.05,0.7028405732579939,0.6428571428571429,0.9473684210526315,0.7659574468085106,0.9633333333333334,271,1,10,18
label_noise_0.05_seed_2_svm,label_noise,0.05,svm,2,1000,0.05,0.05,0.6706086932759994,0.5714285714285714,0.9411764705882353,0.7111111111111111,0.9566666666666667,271,1,12,16
label_noise_0.05_seed_2_vqc_1,label_noise,0.05,vqc_1,2,1000,0.05,0.05,0.08509686952474058,0.32142857142857145,0.08333333333333333,0.1323529411764706,0.6066666666666667,173,99,19,9
label_noise_0.05_seed_4_vqc_4,label_noise,0.05,vqc_4,4,1000,0.05,0.05,0.14204676958160495,0.07142857142857142,0.06451612903225806,0.06779661016949153,0.8166666666666667,243,29,26,2
label_noise_0.05_seed_4_vqc_3,label_noise,0.05,vqc_3,4,1000,0.05,0.05,0.32295977293318395,0.07142857142857142,0.6666666666666666,0.12903225806451613,0.91,271,1,26,2
label_noise_0.05_seed_4_vqc_2,label_noise,0.05,vqc_2,4,1000,0.05,0.05,0.10301519704765405,0.0,0.0,0.0,0.9066666666666666,272,0,28,0
label_noise_0.05_seed_4_random_forest,label_noise,0.05,random_forest,4,1000,0.05,0.05,0.6095005840399277,0.4642857142857143,0.8125,0.5909090909090909,0.94,269,3,15,13
label_noise_0.05_seed_4_svm,label_noise,0.05,svm,4,1000,0.05,0.05,0.6007469445254806,0.42857142857142855,0.9230769230769231,0.5853658536585366,0.9433333333333334,271,1,16,12
label_noise_0.05_seed_4_vqc_1,label_noise,0.05,vqc_1,4,1000,0.05,0.05,0.08705562273548467,0.25,0.08045977011494253,0.12173913043478261,0.6633333333333333,192,80,21,7
label_noise_0.05_seed_3_vqc_4,label_noise,0.05,vqc_4,3,1000,0.05,0.05,0.14785455991816704,0.2413793103448276,0.14,0.17721518987341772,0.7833333333333333,228,43,22,7
label_noise_0.05_seed_3_vqc_3,label_noise,0.05,vqc_3,3,1000,0.05,0.05,0.45812409061719134,0.3448275862068966,1.0,0.5128205128205128,0.9366666666666666,271,0,19,10
label_noise_0.05_seed_3_vqc_2,label_noise,0.05,vqc_2,3,1000,0.05,0.05,0.17026381533761226,0.0,0.0,0.0,0.9033333333333333,271,0,29,0
label_noise_0.05_seed_3_random_forest,label_noise,0.05,random_forest,3,1000,0.05,0.05,0.5980503605152072,0.4827586206896552,1.0,0.6511627906976745,0.95,271,0,15,14
label_noise_0.05_seed_3_svm,label_noise,0.05,svm,3,1000,0.05,0.05,0.6197834307272745,0.5172413793103449,1.0,0.6818181818181818,0.9533333333333334,271,0,14,15
label_noise_0.05_seed_3_vqc_1,label_noise,0.05,vqc_1,3,1000,0.05,0.05,0.09331901734494194,0.13793103448275862,0.04878048780487805,0.07207207207207207,0.6566666666666666,193,78,25,4
label_noise_0.05_seed_1_vqc_4,label_noise,0.05,vqc_4,1,1000,0.05,0.05,0.116830354180119,0.25,0.14893617021276595,0.18666666666666668,0.7966666666666666,232,40,21,7
label_noise_0.05_seed_1_vqc_3,label_noise,0.05,vqc_3,1,1000,0.05,0.05,0.1813521782698056,0.14285714285714285,0.23529411764705882,0.17777777777777778,0.8766666666666667,259,13,24,4
label_noise_0.05_seed_1_vqc_2,label_noise,0.05,vqc_2,1,1000,0.05,0.05,0.1360813830637317,0.0,0.0,0.0,0.9066666666666666,272,0,28,0
label_noise_0.05_seed_1_random_forest,label_noise,0.05,random_forest,1,1000,0.05,0.05,0.5597124241685704,0.5,0.9333333333333333,0.6511627906976745,0.95,271,1,14,14
label_noise_0.05_seed_1_svm,label_noise,0.05,svm,1,1000,0.05,0.05,0.5875879127644977,0.4642857142857143,0.9285714285714286,0.6190476190476191,0.9466666666666667,271,1,15,13
label_noise_0.05_seed_1_vqc_1,label_noise,0.05,vqc_1,1,1000,0.05,0.05,0.10184989053567556,0.25,0.09333333333333334,0.13592233009708737,0.7033333333333334,204,68,21,7
label_noise_0.05_seed_0_vqc_4,label_noise,0.05,vqc_4,0,1000,0.05,0.05,0.13414809301580882,0.13793103448275862,0.10810810810810811,0.12121212121212122,0.8066666666666666,238,33,25,4
label_noise_0.05_seed_0_vqc_3,label_noise,0.05,vqc_3,0,1000,0.05,0.05,0.28691649968091626,0.1724137931034483,1.0,0.29411764705882354,0.92,271,0,24,5
label_noise_0.05_seed_0_vqc_2,label_noise,0.05,vqc_2,0,1000,0.05,0.05,0.11735686792246108,0.0,0.0,0.0,0.9033333333333333,271,0,29,0
label_noise_0.05_seed_0_random_forest,label_noise,0.05,random_forest,0,1000,0.05,0.05,0.5149073108157349,0.3448275862068966,1.0,0.5128205128205128,0.9366666666666666,271,0,19,10
label_noise_0.05_seed_0_svm,label_noise,0.05,svm,0,1000,0.05,0.05,0.49201527940375617,0.3448275862068966,0.9090909090909091,0.5,0.9333333333333333,270,1,19,10
label_noise_0.05_seed_0_vqc_1,label_noise,0.05,vqc_1,0,1000,0.05,0.05,0.10912147523302056,0.41379310344827586,0.13636363636363635,0.20512820512820512,0.69,195,76,17,12
label_noise_0.0_seed_2_vqc_4,label_noise,0.0,vqc_4,2,1000,0.05,0.0,0.0861202634089085,0.26666666666666666,0.09302325581395349,0.13793103448275862,0.8333333333333334,246,39,11,4
label_noise_0.0_seed_2_vqc_3,label_noise,0.0,vqc_3,2,1000,0.05,0.0,0.6824350022670079,0.6,1.0,0.75,0.98,285,0,6,9
label_noise_0.0_seed_2_vqc_2,label_noise,0.0,vqc_2,2,1000,0.05,0.0,0.053480724397715174,0.0,0.0,0.0,0.95,285,0,15,0
label_noise_0.0_seed_2_random_forest,label_noise,0.0,random_forest,2,1000,0.05,0.0,1.0,1.0,1.0,1.0,1.0,285,0,0,15
label_noise_0.0_seed_2_svm,label_noise,0.0,svm,2,1000,0.05,0.0,0.9921568627450981,0.9333333333333333,1.0,0.9655172413793104,0.9966666666666667,285,0,1,14
label_noise_0.0_seed_2_vqc_1,label_noise,0.0,vqc_1,2,1000,0.05,0.0,0.05553643065872318,0.5333333333333333,0.05714285714285714,0.1032258064516129,0.5366666666666666,153,132,7,8
label_noise_0.0_seed_4_vqc_4,label_noise,0.0,vqc_4,4,1000,0.05,0.0,0.08285292539260433,0.3333333333333333,0.10869565217391304,0.16393442622950818,0.83,244,41,10,5
label_noise_0.0_seed_4_vqc_3,label_noise,0.0,vqc_3,4,1000,0.05,0.0,0.5902424903714697,0.26666666666666666,1.0,0.42105263157894735,0.9633333333333334,285,0,11,4
label_noise_0.0_seed_4_vqc_2,label_noise,0.0,vqc_2,4,1000,0.05,0.0,0.08148917726503044,0.0,0.0,0.0,0.95,285,0,15,0
label_noise_0.0_seed_4_random_forest,label_noise,0.0,random_forest,4,1000,0.05,0.0,0.9958333333333333,0.8666666666666667,1.0,0.9285714285714286,0.9933333333333333,285,0,2,13
label_noise_0.0_seed_4_svm,label_noise,0.0,svm,4,1000,0.05,0.0,1.0,0.8666666666666667,1.0,0.9285714285714286,0.9933333333333333,285,0,2,13
label_noise_0.0_seed_4_vqc_1,label_noise,0.0,vqc_1,4,1000,0.05,0.0,0.03699493555028884,0.13333333333333333,0.02247191011235955,0.038461538461538464,0.6666666666666666,198,87,13,2
label_noise_0.0_seed_3_vqc_4,label_noise,0.0,vqc_4,3,1000,0.05,0.0,0.07864801812415695,0.13333333333333333,0.04081632653061224,0.0625,0.8,238,47,13,2
label_noise_0.0_seed_3_vqc_3,label_noise,0.0,vqc_3,3,1000,0.05,0.0,0.6380432237534999,0.2,1.0,0.3333333333333333,0.96,285,0,12,3
label_noise_0.0_seed_3_vqc_2,label_noise,0.0,vqc_2,3,1000,0.05,0.0,0.07920321112858657,0.0,0.0,0.0,0.95,285,0,15,0
label_noise_0.0_seed_3_random_forest,label_noise,0.0,random_forest,3,1000,0.05,0.0,1.0,1.0,1.0,1.0,1.0,285,0,0,15
label_noise_0.0_seed_3_svm,label_noise,0.0,svm,3,1000,0.05,0.0,1.0,1.0,1.0,1.0,1.0,285,0,0,15
label_noise_0.0_seed_3_vqc_1,label_noise,0.0,vqc_1,3,1000,0.05,0.0,0.06220246903216058,0.26666666666666666,0.06557377049180328,0.10526315789473684,0.7733333333333333,228,57,11,4
label_noise_0.0_seed_1_vqc_4,label_noise,0.0,vqc_4,1,1000,0.05,0.0,0.11710957926822568,0.26666666666666666,0.09090909090909091,0.13559322033898305,0.83,245,40,11,4
label_noise_0.0_seed_1_vqc_3,label_noise,0.0,vqc_3,1,1000,0.05,0.0,0.09755914454837522,0.13333333333333333,0.08333333333333333,0.10256410256410256,0.8833333333333333,263,22,13,2
label_noise_0.0_seed_1_vqc_2,label_noise,0.0,vqc_2,1,1000,0.05,0.0,0.10125638524452081,0.0,0.0,0.0,0.95,285,0,15,0
label_noise_0.0_seed_1_random_forest,label_noise,0.0,random_forest,1,1000,0.05,0.0,1.0,1.0,1.0,1.0,1.0,285,0,0,15
label_noise_0.0_seed_1_svm,label_noise,0.0,svm,1,1000,0.05,0.0,1.0,1.0,1.0,1.0,1.0,285,0,0,15
label_noise_0.0_seed_1_vqc_1,label_noise,0.0,vqc_1,1,1000,0.05,0.0,0.05973474884342832,0.2,0.04477611940298507,0.07317073170731707,0.7466666666666667,221,64,12,3
label_noise_0.0_seed_0_vqc_4,label_noise,0.0,vqc_4,0,1000,0.05,0.0,0.06555811978438303,0.13333333333333333,0.05405405405405406,0.07692307692307693,0.84,250,35,13,2
label_noise_0.0_seed_0_vqc_3,label_noise,0.0,vqc_3,0,1000,0.05,0.0,0.6803620079297888,0.5333333333333333,1.0,0.6956521739130435,0.9766666666666667,285,0,7,8
label_noise_0.0_seed_0_vqc_2,label_noise,0.0,vqc_2,0,1000,0.05,0.0,0.11353831559383994,0.0,0.0,0.0,0.95,285,0,15,0
label_noise_0.0_seed_0_random_forest,label_noise,0.0,random_forest,0,1000,0.05,0.0,1.0,1.0,1.0,1.0,1.0,285,0,0,15
label_noise_0.0_seed_0_svm,label_noise,0.0,svm,0,1000,0.05,0.0,1.0,1.0,1.0,1.0,1.0,285,0,0,15
label_noise_0.0_seed_0_vqc_1,label_noise,0.0,vqc_1,0,1000,0.05,0.0,0.060789030341614925,0.3333333333333333,0.05747126436781609,0.09803921568627451,0.6933333333333334,203,82,10,5
label_noise_0.1_seed_2_vqc_4,label_noise,0.1,vqc_4,2,1000,0.05,0.1,0.12478025150119938,0.16666666666666666,0.11864406779661017,0.13861386138613863,0.71,206,52,35,7
label_noise_0.1_seed_2_vqc_3,label_noise,0.1,vqc_3,2,1000,0.05,0.1,0.31221475308864166,0.11904761904761904,0.4166666666666667,0.18518518518518517,0.8533333333333334,251,7,37,5
label_noise_0.1_seed_2_vqc_2,label_noise,0.1,vqc_2,2,1000,0.05,0.1,0.18909576082474155,0.0,0.0,0.0,0.86,258,0,42,0
label_noise_0.1_seed_2_random_forest,label_noise,0.1,random_forest,2,1000,0.05,0.1,0.44678260670799697,0.30952380952380953,0.8666666666666667,0.45614035087719296,0.8966666666666666,256,2,29,13
label_noise_0.1_seed_2_svm,label_noise,0.1,svm,2,1000,0.05,0.1,0.4355720902815917,0.2857142857142857,0.8,0.42105263157894735,0.89,255,3,30,12
label_noise_0.1_seed_2_vqc_1,label_noise,0.1,vqc_1,2,1000,0.05,0.1,0.174055337613799,0.35714285714285715,0.1595744680851064,0.22058823529411764,0.6466666666666666,179,79,27,15
label_noise_0.1_seed_4_vqc_4,label_noise,0.1,vqc_4,4,1000,0.05,0.1,0.187433180383074,0.3023255813953488,0.19696969696969696,0.23853211009174313,0.7233333333333334,204,53,30,13
label_noise_0.1_seed_4_vqc_3,label_noise,0.1,vqc_3,4,1000,0.05,0.1,0.2845700219745354,0.023255813953488372,0.5,0.044444444444444446,0.8566666666666667,256,1,42,1
label_noise_0.1_seed_4_vqc_2,label_noise,0.1,vqc_2,4,1000,0.05,0.1,0.1402150458383293,0.0,0.0,0.0,0.8566666666666667,257,0,43,0
label_noise_0.1_seed_4_random_forest,label_noise,0.1,random_forest,4,1000,0.05,0.1,0.30728162277106363,0.20930232558139536,0.6428571428571429,0.3157894736842105,0.87,252,5,34,9
label_noise_0.1_seed_4_svm,label_noise,0.1,svm,4,1000,0.05,0.1,0.36842622923338575,0.20930232558139536,0.75,0.32727272727272727,0.8766666666666667,254,3,34,9
label_noise_0.1_seed_4_vqc_1,label_noise,0.1,vqc_1,4,1000,0.05,0.1,0.12630099417419238,0.20930232558139536,0.10112359550561797,0.13636363636363635,0.62,177,80,34,9
label_noise_0.1_seed_3_vqc_4,label_noise,0.1,vqc_4,3,1000,0.05,0.1,0.1539782783322399,0.13636363636363635,0.15,0.14285714285714285,0.76,222,34,38,6
label_noise_0.1_seed_3_vqc_3,label_noise,0.1,vqc_3,3,1000,0.05,0.1,0.3338288724739591,0.11363636363636363,0.8333333333333334,0.2,0.8666666666666667,255,1,39,5
label_noise_0.1_seed_3_vqc_2,label_noise,0.1,vqc_2,3,1000,0.05,0.1,0.16339738067910414,0.0,0.0,0.0,0.8533333333333334,256,0,44,0
label_noise_0.1_seed_3_random_forest,label_noise,0.1,random_forest,3,1000,0.05,0.1,0.5054535427728628,0.3409090909090909,0.8333333333333334,0.4838709677419355,0.8933333333333333,253,3,29,15
label_noise_0.1_seed_3_svm,label_noise,0.1,svm,3,1000,0.05,0.1,0.5162793070517044,0.3409090909090909,0.9375,0.5,0.9,255,1,29,15
label_noise_0.1_seed_3_vqc_1,label_noise,0.1,vqc_1,3,1000,0.05,0.1,0.11244520665844773,0.18181818181818182,0.07766990291262135,0.10884353741496598,0.5633333333333334,161,95,36,8
label_noise_0.1_seed_1_vqc_4,label_noise,0.1,vqc_4,1,1000,0.05,0.1,0.13715566035574317,0.11627906976744186,0.1111111111111111,0.11363636363636363,0.74,217,40,38,5
label_noise_0.1_seed_1_vqc_3,label_noise,0.1,vqc_3,1,1000,0.05,0.1,0.1697247353243314,0.023255813953488372,0.08333333333333333,0.03636363636363636,0.8233333333333334,246,11,42,1
label_noise_0.1_seed_1_vqc_2,label_noise,0.1,vqc_2,1,1000,0.05,0.1,0.18062060113353773,0.0,0.0,0.0,0.8566666666666667,257,0,43,0
label_noise_0.1_seed_1_random_forest,label_noise,0.1,random_forest,1,1000,0.05,0.1,0.3953287617599787,0.27906976744186046,0.9230769230769231,0.42857142857142855,0.8933333333333333,256,1,31,12
label_noise_0.1_seed_1_svm,label_noise,0.1,svm,1,1000,0.05,0.1,0.4400203233341231,0.2558139534883721,0.9166666666666666,0.4,0.89,256,1,32,11
label_noise_0.1_seed_1_vqc_1,label_noise,0.1,vqc_1,1,1000,0.05,0.1,0.1818923917666813,0.37209302325581395,0.2191780821917808,0.27586206896551724,0.72,200,57,27,16
label_noise_0.1_seed_0_vqc_4,label_noise,0.1,vqc_4,0,1000,0.05,0.1,0.22204132816802996,0.11627906976744186,0.13157894736842105,0.12345679012345678,0.7633333333333333,224,33,38,5
label_noise_0.1_seed_0_vqc_3,label_noise,0.1,vqc_3,0,1000,0.05,0.1,0.4500452353591985,0.16279069767441862,1.0,0.28,0.88,257,0,36,7
label_noise_0.1_seed_0_vqc_2,label_noise,0.1,vqc_2,0,1000,0.05,0.1,0.20715153936619513,0.0,0.0,0.0,0.8566666666666667,257,0,43,0
label_noise_0.1_seed_0_random_forest,label_noise,0.1,random_forest,0,1000,0.05,0.1,0.49383692599654594,0.32558139534883723,0.8235294117647058,0.4666666666666667,0.8933333333333333,254,3,29,14
label_noise_0.1_seed_0_svm,label_noise,0.1,svm,0,1000,0.05,0.1,0.538697688085396,0.3023255813953488,1.0,0.4642857142857143,0.9,257,0,30,13
label_noise_0.1_seed_0_vqc_1,label_noise,0.1,vqc_1,0,1000,0.05,0.1,0.12865515071429606,0.2558139534883721,0.11956521739130435,0.16296296296296298,0.6233333333333333,176,81,32,11
