{
  "accuracy": 0.9046666666666666,
  "precision": 0.0,
  "recall": 0.0,
  "f1_score": 0.0,
  "pr_auc": 0.11912887444723146,
  "confusion_matrix": [
    [
      1357,
      0
    ],
    [
      143,
      0
    ]
  ]
}