{
  "accuracy": 0.8766666666666667,
  "precision": 0.23529411764705882,
  "recall": 0.14285714285714285,
  "f1_score": 0.17777777777777778,
  "pr_auc": 0.1841507239406016,
  "confusion_matrix": [
    [
      259,
      13
    ],
    [
      24,
      4
    ]
  ]
}