{
  "accuracy": 0.7833333333333333,
  "precision": 0.04081632653061224,
  "recall": 0.1,
  "f1_score": 0.057971014492753624,
  "pr_auc": 0.05690444289817698,
  "confusion_matrix": [
    [
      233,
      47
    ],
    [
      18,
      2
    ]
  ]
}