{
  "accuracy": 0.9533333333333334,
  "precision": 1.0,
  "recall": 0.3,
  "f1_score": 0.46153846153846156,
  "pr_auc": 0.4385758895912655,
  "confusion_matrix": [
    [
      280,
      0
    ],
    [
      14,
      6
    ]
  ]
}