{
  "accuracy": 0.7833333333333333,
  "precision": 0.05660377358490566,
  "recall": 0.16666666666666666,
  "f1_score": 0.08450704225352113,
  "pr_auc": 0.0797108951705027,
  "confusion_matrix": [
    [
      232,
      50
    ],
    [
      15,
      3
    ]
  ]
}