{
  "accuracy": 0.8533333333333334,
  "precision": 0.0,
  "recall": 0.0,
  "f1_score": 0.0,
  "pr_auc": 0.2763510841482397,
  "confusion_matrix": [
    [
      256,
      0
    ],
    [
      44,
      0
    ]
  ]
}