{
  "accuracy": 0.8777777777777778,
  "precision": 0.2,
  "recall": 0.125,
  "f1_score": 0.15384615384615385,
  "pr_auc": 0.26211640473662967,
  "confusion_matrix": [
    [
      78,
      4
    ],
    [
      7,
      1
    ]
  ]
}