{
  "accuracy": 0.96,
  "precision": 1.0,
  "recall": 0.2,
  "f1_score": 0.3333333333333333,
  "pr_auc": 0.6561645928138763,
  "confusion_matrix": [
    [
      285,
      0
    ],
    [
      12,
      3
    ]
  ]
}