{
  "accuracy": 0.8566666666666667,
  "precision": 0.0,
  "recall": 0.0,
  "f1_score": 0.0,
  "pr_auc": 0.1652787121365354,
  "confusion_matrix": [
    [
      257,
      0
    ],
    [
      43,
      0
    ]
  ]
}