{
  "accuracy": 0.6533333333333333,
  "precision": 0.1702127659574468,
  "recall": 0.38095238095238093,
  "f1_score": 0.23529411764705882,
  "pr_auc": 0.16318011777983887,
  "confusion_matrix": [
    [
      180,
      78
    ],
    [
      26,
      16
    ]
  ]
}