{
  "accuracy": 0.8133333333333334,
  "precision": 0.0625,
  "recall": 0.07142857142857142,
  "f1_score": 0.06666666666666667,
  "pr_auc": 0.1357438154600452,
  "confusion_matrix": [
    [
      242,
      30
    ],
    [
      26,
      2
    ]
  ]
}