{
  "accuracy": 0.8866666666666667,
  "precision": 0.08695652173913043,
  "recall": 0.13333333333333333,
  "f1_score": 0.10526315789473684,
  "pr_auc": 0.09536755171305233,
  "confusion_matrix": [
    [
      264,
      21
    ],
    [
      13,
      2
    ]
  ]
}