{
  "accuracy": 0.9366666666666666,
  "precision": 0.9629629629629629,
  "recall": 0.5909090909090909,
  "f1_score": 0.7323943661971831,
  "pr_auc": 0.6799419283236983,
  "confusion_matrix": [
    [
      255,
      1
    ],
    [
      18,
      26
    ]
  ]
}