{
  "accuracy": 0.9333333333333333,
  "precision": 0.9,
  "recall": 0.32142857142857145,
  "f1_score": 0.47368421052631576,
  "pr_auc": 0.5083563986303605,
  "confusion_matrix": [
    [
      271,
      1
    ],
    [
      19,
      9
    ]
  ]
}