{
  "accuracy": 0.8866666666666667,
  "precision": 0.0,
  "recall": 0.0,
  "f1_score": 0.0,
  "pr_auc": 0.06464203528350299,
  "confusion_matrix": [
    [
      266,
      16
    ],
    [
      18,
      0
    ]
  ]
}