{
  "accuracy": 0.69,
  "precision": 0.0851063829787234,
  "recall": 0.5333333333333333,
  "f1_score": 0.14678899082568808,
  "pr_auc": 0.1172543170487311,
  "confusion_matrix": [
    [
      199,
      86
    ],
    [
      7,
      8
    ]
  ]
}