{
  "accuracy": 0.66,
  "precision": 0.025974025974025976,
  "recall": 0.06896551724137931,
  "f1_score": 0.03773584905660377,
  "pr_auc": 0.10337580885101044,
  "confusion_matrix": [
    [
      196,
      75
    ],
    [
      27,
      2
    ]
  ]
}