{
  "accuracy": 0.92,
  "precision": 1.0,
  "recall": 0.1724137931034483,
  "f1_score": 0.29411764705882354,
  "pr_auc": 0.2881278406103868,
  "confusion_matrix": [
    [
      271,
      0
    ],
    [
      24,
      5
    ]
  ]
}