{
  "accuracy": 0.8566666666666667,
  "precision": 0.5,
  "recall": 0.023255813953488372,
  "f1_score": 0.044444444444444446,
  "pr_auc": 0.2742352024352071,
  "confusion_matrix": [
    [
      256,
      1
    ],
    [
      42,
      1
    ]
  ]
}