{
  "accuracy": 0.8233333333333334,
  "precision": 0.08333333333333333,
  "recall": 0.023255813953488372,
  "f1_score": 0.03636363636363636,
  "pr_auc": 0.1659354631703999,
  "confusion_matrix": [
    [
      246,
      11
    ],
    [
      42,
      1
    ]
  ]
}