{
  "accuracy": 0.7444444444444445,
  "precision": 0.1111111111111111,
  "recall": 0.2222222222222222,
  "f1_score": 0.14814814814814814,
  "pr_auc": 0.12024592306841697,
  "confusion_matrix": [
    [
      65,
      16
    ],
    [
      7,
      2
    ]
  ]
}